setting,prior,rank_auc,vrl_auc,utility_auc,destructive_frequency,first_top100_median,first_top50_median,best_seen_rank_median,final_rank_median,final_sparsity_mean,final_test_mean
cifar100_lenet5,P0,0.63029180424483755,30.720291911285063,1.6212510683147692,0.18437500000000001,13,28.5,8.5,211,31.968411942881868,31.214499999999997
cifar100_lenet5,P1,0.65620964268713777,30.777363013698629,1.6353389173129043,0.15927734374999999,4.5,28.5,1.5,199,38.368022501081782,30.642000000000003
cifar100_lenet5,P2,0.67461956644931198,30.635301696020871,1.6468011568694869,0.15488281249999999,4.5,22,1,173,41.322154911293815,30.276499999999999
cifar100_lenet5,P3,0.63081251086143453,30.653323548597523,1.6228661738803232,0.19511718750000001,9.5,28.5,8.5,199,35.426655127650363,30.739999999999998
cifar100_lenet5,P4,0.64240874506040846,30.89478799739074,1.6283870167981298,0.17197265624999999,5.5,33.5,4,201,33.683254002596279,31.087
cifar100_lenet5,P5,0.60130246545119337,30.6890329419439,1.6076568062010377,0.21171875000000001,15.5,37,17,211,30.834919948074429,31.111000000000001
cifar100_resnet8,P0,0.84365862227897459,38.02994455316373,1.4143537722771746,0.047558593750000003,11.5,18.5,3,114,8.2756857555341679,43.106000000000002
cifar100_resnet8,P1,0.85766205260334405,38.573506196999347,1.4341927214109531,0.038867187499999997,9,13.5,2.5,114,10.025565447545718,43.032499999999999
cifar100_resnet8,P2,0.85363278150949395,38.140918134377038,1.4261001631015353,0.039843749999999997,10,17.5,2,114,8.5272497593840235,43.220000000000006
cifar100_resnet8,P3,0.83566513536180853,37.722361382909327,1.4028873371743718,0.05322265625,10,17,3,114,8.3092516843118389,43.011000000000003
cifar100_resnet8,P4,0.85579736152143193,38.654155251141546,1.4305613315682633,0.039355468749999997,7.5,13.5,2.5,114,7.6675288739172291,43.1965
cifar100_resnet8,P5,0.83268755336270017,37.782175472928898,1.4002889239463536,0.057519531249999999,12,16,2.5,114,8.4836982675649661,42.970500000000001
cifar100_simplecnn,P0,0.7015958186310437,45.484584148727983,1.6865910918587048,0.13339843749999999,9.5,15.5,1,73,51.108083221342888,49.744999999999997
cifar100_simplecnn,P1,0.74016652940331995,45.855836594911935,1.7271024139715425,0.1171875,9.5,15.5,1,65,53.798513637947337,49.472999999999999
cifar100_simplecnn,P2,0.75298396663367306,45.902190150032617,1.7421694981088343,0.10654296874999999,6.5,13,1,65,52.864746652730084,49.621500000000005
cifar100_simplecnn,P3,0.68310810810810807,45.311467710371815,1.6669288164201088,0.14316406249999999,10,19.5,1,85,45.941178574983823,49.891500000000001
cifar100_simplecnn,P4,0.70615229431276405,45.845045662100453,1.6913271897186337,0.12353515625,9.5,18.5,1,65,50.404596585535813,49.715000000000003
cifar100_simplecnn,P5,0.64268906451881014,44.99739889106327,1.6230429068740455,0.15791015624999999,10,22.5,2.5,94,45.954065253098399,49.677000000000007
cifar10_lenet5,P0,0.65412288721486367,59.841627527723418,1.7269011964170666,0.23867187500000001,8.5,28.5,1,71.5,51.318844099077218,62.283000000000001
cifar10_lenet5,P1,0.68350913116079459,59.848467058056102,1.7489190348074797,0.20224609374999999,8.5,28.5,1,73,51.524040796503151,62.387999999999998
cifar10_lenet5,P2,0.71151391396988273,59.655874103065891,1.7709567626618625,0.17988281249999999,7,20.5,1,69,54.889752306945113,62.3215
cifar10_lenet5,P3,0.6402621100272764,59.820487606001301,1.7180934108246593,0.2626953125,11,28.5,2,122,47.740407965031565,62.5535
cifar10_lenet5,P4,0.65965813870901935,60.033127853881275,1.7307391209324177,0.22626953124999999,13.5,33.5,1,74.5,49.486158329286056,62.561500000000002
cifar10_lenet5,P5,0.60942817852798281,59.899132420091327,1.697177673129713,0.29453125000000002,19.5,37,3,259,43.349927149101504,62.344499999999996
cifar10_resnet8,P0,0.69660515002002277,69.489960861056744,1.5499783333530694,0.11015625,11.5,12.5,3,109,29.027016546018615,76.819500000000005
cifar10_resnet8,P1,0.7170611413762098,69.994701565557733,1.5667673655052492,0.093066406249999997,11,13,2,96,30.631851085832473,76.522000000000006
cifar10_resnet8,P2,0.72965662755290928,69.469256360078276,1.5761406288541389,0.087792968750000006,10.5,13,2.5,96,32.201589968976215,76.481999999999999
cifar10_resnet8,P3,0.68544888892247013,69.254328114807564,1.542224734149015,0.12158203125,10.5,13.5,6,96,29.092166494312306,76.224000000000004
cifar10_resnet8,P4,0.7015739446463517,70.229574363992171,1.554247386806977,0.097460937499999997,10,13.5,3.5,122,27.76228024819028,76.777000000000001
cifar10_resnet8,P5,0.66425620896266691,69.694722765818653,1.5249735687685688,0.12802734374999999,12.5,13,7.5,162,24.434009824198551,76.647999999999996
cifar10_simplecnn,P0,0.69768067760239982,72.00982224396607,1.7905548961285036,0.21015624999999999,8.5,15.5,1,109,54.314011602395325,76.370500000000007
cifar10_simplecnn,P1,0.72767754195347156,72.521257338551862,1.818130783433459,0.17548828124999999,8.5,15.5,1,92,56.715789711424293,76.578000000000003
cifar10_simplecnn,P2,0.7582527635267361,72.673984018264846,1.8468955441416359,0.16064453125,6.5,15,1,92,57.738621844509829,76.624499999999998
cifar10_simplecnn,P3,0.66102864396406469,71.794227005870852,1.7587701424539794,0.2333984375,9.5,16,1.5,134,49.095805263022044,76.317499999999995
cifar10_simplecnn,P4,0.68814569811634385,72.444393346379655,1.7811976991101599,0.19443359374999999,8.5,24.5,1,109,52.698129613855755,76.468499999999992
cifar10_simplecnn,P5,0.61373361340093235,71.216712328767116,1.7179331521759214,0.27871093749999998,11,19.5,3.5,306,46.191576648082183,76.086500000000001
