setting,reward,n,sparsity_mean,sparsity_sd,target,control_error_mean,vrl_retention_mean,regret_mean,final_rank_mean,test_mean,excess_lamp_mean,excess_global_mean,oracle_optimum_sparsity,oracle_optimum_retention
cifar100_lenet5,R0,20,31.968411942881868,4.4502261618441574,,,0.97507507507507518,0.36833333333333407,273.94999999999999,31.214499999999997,-0.75649999999999973,-0.30649999999999944,47.702293379489397,0.95795795795795802
cifar100_lenet5,R1a,20,49.17806144526179,4.9576888970981567,50,2.2295543054954559,0.88638638638638645,0.32000000000000045,75.650000000000006,28.512999999999998,-1.6524999999999999,2.5179999999999998,48.459541324102119,0.94494494494494496
cifar100_lenet5,R1b,20,31.006923409779318,4.7332623036918031,48.113370835136301,17.106447425356983,0.97502502502502519,0.39833333333333448,271.44999999999999,31.306999999999999,-0.70149999999999968,-0.25499999999999917,47.702293379489397,0.95795795795795802
cifar100_lenet5,R2,20,37.558632626568581,6.6013441370916421,,,0.95110110110110124,0.32333333333333397,157.19999999999999,30.526999999999997,-1.0195000000000005,0.24449999999999933,47.702293379489397,0.95795795795795802
cifar100_resnet8,R0,20,8.2756857555341679,2.8334388437651636,,,0.98834729626808837,0.51500000000000301,117.8,43.106000000000002,-0.69499999999999917,0.21600000000000003,23.53103946102021,0.93373952779893377
cifar100_resnet8,R1a,20,42.308710298363813,4.4361304149379377,50,7.6912897016361885,0.67513328255902516,0.10833333333333339,30.800000000000001,28.964500000000005,0.50350000000000006,20.277000000000001,45.395813282001924,0.64280274181264285
cifar100_resnet8,R1b,20,7.3830606352261796,3.7874301919370632,22.975216554379212,15.592155919153033,0.98903274942878894,0.52000000000000313,99.400000000000006,43.190000000000005,-0.63199999999999934,0.20000000000000001,22.42179980750722,0.97410510281797413
cifar100_resnet8,R2,20,22.96679499518768,6.9938421654113938,,,0.9282939832444782,0.55500000000000038,99.549999999999997,40.1965,-1.1640000000000021,8.0269999999999992,44.227622714148218,0.6633663366336634
cifar100_simplecnn,R0,20,51.108083221342888,6.6016510421030699,,,0.98160158835208478,0.18000000000000149,86.549999999999997,49.744999999999997,-0.59550000000000058,-0.021000000000000442,53.803164352197498,0.99801455989410981
cifar100_simplecnn,R1a,20,49.32538978896023,2.9052293995884435,50,1.2941351226917515,0.99182660489741892,0.37833333333333596,41.25,50.2485,-0.1304999999999982,0.31649999999999884,49.802927927927925,0.98213103904698873
cifar100_simplecnn,R1b,20,50.159983014782739,6.9508430452577725,56.683651883928128,6.5236688691453892,0.98438120450033095,0.20833333333333498,89,49.856499999999997,-0.48550000000000004,0.036999999999999388,53.803164352197498,0.99801455989410981
cifar100_simplecnn,R2,20,52.39688324374098,7.249579613022286,,,0.97749834546657843,0.085000000000000853,60.100000000000001,49.476500000000001,-0.83700000000000085,-0.19549999999999948,53.803164352197498,0.99801455989410981
cifar10_lenet5,R0,20,51.318844099077218,8.641693222881079,,,0.96101607050285121,0.2966666666666658,120.5,62.283000000000001,-1.0625,3.1229999999999998,53.929091792132105,0.96630378434421982
cifar10_lenet5,R1a,20,54.030840213695967,5.8431339316473512,50,6.3251578436134039,0.9463452566096423,0.65499999999999969,152.84999999999999,61.497500000000002,-1.6704999999999988,3.0669999999999984,50.276833414278777,0.97045101088646968
cifar10_lenet5,R1b,20,49.194511898980082,10.022133106157606,57.799902865468674,8.6053909664885868,0.96244167962674965,0.40833333333333288,151.90000000000001,62.423500000000004,-1.0684999999999998,2.7515000000000001,53.929091792132105,0.96630378434421982
cifar10_lenet5,R2,20,47.761777561923267,9.5540478726229718,,,0.96493001555209956,0.38166666666666627,116.95,62.397000000000006,-1.1994999999999998,2.4304999999999986,57.581350169985427,0.95593571798859522
cifar10_resnet8,R0,20,29.027016546018615,4.6521841798535633,,,0.97268675721561981,0.22999999999999829,128.5,76.819500000000005,0.26999999999999746,7.4020000000000037,48.7758531540848,0.8968590831918507
cifar10_resnet8,R1a,20,40.189503619441574,5.2011951856060277,50,9.810496380558428,0.89023769100169781,1.4599999999999986,125.45,70.302999999999997,-4.3190000000000008,7.3010000000000002,48.7758531540848,0.8968590831918507
cifar10_resnet8,R1b,20,21.398073940020684,6.6714348852803562,34.007238883143742,12.609164943123059,0.97315365025466904,1.0383333333333311,161.80000000000001,76.617499999999993,-1.1380000000000017,2.2820000000000014,32.696483971044465,0.97156196943972839
cifar10_resnet8,R2,20,37.304873319544981,7.1038143919616941,,,0.92867147707979636,1.166666666666665,118.25,73.350999999999999,-1.4054999999999993,11.007000000000005,48.7758531540848,0.8968590831918507
cifar10_simplecnn,R0,20,54.314011602395325,7.8236393091914884,,,0.98559982676483338,0.31499999999999984,132.05000000000001,76.370500000000007,-0.61450000000000027,-0.1535000000000018,56.397772443343143,0.99090515374621047
cifar10_simplecnn,R1a,20,49.781729131175467,5.8204766493972713,50,4.0727117856589752,0.99389346037245563,0.46666666666666784,89,76.599999999999994,-0.32450000000000473,-0.10800000000000409,51.073286097775025,0.99047206582936331
cifar10_simplecnn,R1b,20,54.492846910329874,6.0786054663835998,59.68248283516597,5.1896359248360975,0.98720225205716761,0.46499999999999914,115.25,76.480999999999995,-0.48350000000000148,-0.065000000000003416,56.397772443343143,0.99090515374621047
cifar10_simplecnn,R2,20,54.393471555417889,7.9225830639421142,,,0.98204850584668679,0.51666666666666639,86.200000000000003,76.198999999999998,-0.78799999999999881,-0.31950000000000145,58.776650663362759,0.98787353832828062
