setting,reward,sparsity_mean,sparsity_sd,target,oracle_optimum_sparsity,vrl_retention_mean
cifar100_lenet5,R0,31.968411942881868,4.4502261618441574,,47.702293379489397,0.97507507507507518
cifar100_lenet5,R1a,49.17806144526179,4.9576888970981567,50,48.459541324102119,0.88638638638638645
cifar100_lenet5,R1b,31.006923409779318,4.7332623036918031,48.113370835136301,47.702293379489397,0.97502502502502519
cifar100_lenet5,R2,37.558632626568581,6.6013441370916421,,47.702293379489397,0.95110110110110124
cifar100_resnet8,R0,8.2756857555341679,2.8334388437651636,,23.53103946102021,0.98834729626808837
cifar100_resnet8,R1a,42.308710298363813,4.4361304149379377,50,45.395813282001924,0.67513328255902516
cifar100_resnet8,R1b,7.3830606352261796,3.7874301919370632,22.975216554379212,22.42179980750722,0.98903274942878894
cifar100_resnet8,R2,22.96679499518768,6.9938421654113938,,44.227622714148218,0.9282939832444782
cifar100_simplecnn,R0,51.108083221342888,6.6016510421030699,,53.803164352197498,0.98160158835208478
cifar100_simplecnn,R1a,49.32538978896023,2.9052293995884435,50,49.802927927927925,0.99182660489741892
cifar100_simplecnn,R1b,50.159983014782739,6.9508430452577725,56.683651883928128,53.803164352197498,0.98438120450033095
cifar100_simplecnn,R2,52.39688324374098,7.249579613022286,,53.803164352197498,0.97749834546657843
cifar10_lenet5,R0,51.318844099077218,8.641693222881079,,53.929091792132105,0.96101607050285121
cifar10_lenet5,R1a,54.030840213695967,5.8431339316473512,50,50.276833414278777,0.9463452566096423
cifar10_lenet5,R1b,49.194511898980082,10.022133106157606,57.799902865468674,53.929091792132105,0.96244167962674965
cifar10_lenet5,R2,47.761777561923267,9.5540478726229718,,57.581350169985427,0.96493001555209956
cifar10_resnet8,R0,29.027016546018615,4.6521841798535633,,48.7758531540848,0.97268675721561981
cifar10_resnet8,R1a,40.189503619441574,5.2011951856060277,50,48.7758531540848,0.89023769100169781
cifar10_resnet8,R1b,21.398073940020684,6.6714348852803562,34.007238883143742,32.696483971044465,0.97315365025466904
cifar10_resnet8,R2,37.304873319544981,7.1038143919616941,,48.7758531540848,0.92867147707979636
cifar10_simplecnn,R0,54.314011602395325,7.8236393091914884,,56.397772443343143,0.98559982676483338
cifar10_simplecnn,R1a,49.781729131175467,5.8204766493972713,50,51.073286097775025,0.99389346037245563
cifar10_simplecnn,R1b,54.492846910329874,6.0786054663835998,59.68248283516597,56.397772443343143,0.98720225205716761
cifar10_simplecnn,R2,54.393471555417889,7.9225830639421142,,58.776650663362759,0.98204850584668679
