pipeline,setting,method,n,ppo_test_mean,baseline_test_mean,ppo_minus_baseline_mean,ppo_wins,ties,baseline_wins,sparsity_mean,sparsity_abs_difference_to_baseline
F,cifar10_simplecnn,lamp,20,76.761999999999986,76.873000000000005,-0.11100000000000421,0,0,20,56.055693756130289,0
F,cifar10_simplecnn,global,20,76.761999999999986,76.75,0.011999999999999744,3,17,0,56.055693756130289,0
F,cifar10_lenet5,lamp,20,63.216000000000008,63.32800000000001,-0.11200000000000188,12,0,8,52.794560466245755,0
F,cifar10_lenet5,global,20,63.216000000000008,59.170000000000002,4.0459999999999994,20,0,0,52.794560466245755,0
F,cifar10_resnet8,lamp,20,70.827000000000027,71.509,-0.68200000000000427,1,0,19,47.783609100310237,0
F,cifar10_resnet8,global,20,70.827000000000027,52.256000000000007,18.570999999999994,20,0,0,47.783609100310237,0
F,cifar100_simplecnn,lamp,20,49.843000000000004,50.323999999999998,-0.48099999999999843,0,0,20,54.202954681200552,0
F,cifar100_simplecnn,global,20,49.843000000000004,49.709499999999998,0.13350000000000151,20,0,0,54.202954681200552,0
F,cifar100_lenet5,lamp,20,30.722500000000004,30.806000000000001,-0.083499999999999547,3,0,17,46.300302899177851,0
F,cifar100_lenet5,global,20,30.722500000000004,28.076499999999992,2.6460000000000017,20,0,0,46.300302899177851,0
F,cifar100_resnet8,lamp,20,39.220500000000001,40.839999999999996,-1.6194999999999986,0,0,20,27.714990375360923,0
F,cifar100_resnet8,global,20,39.220500000000001,28.251500000000004,10.968999999999999,20,0,0,27.714990375360923,0
K,cifar10_simplecnn,lamp,20,76.370499999999993,76.984999999999985,-0.61450000000000027,0,0,20,54.314011602395325,0
K,cifar10_simplecnn,global,20,76.370499999999993,76.524000000000001,-0.1535000000000018,16,0,4,54.314011602395325,0
K,cifar10_lenet5,lamp,20,62.282999999999994,63.345499999999994,-1.0625,0,0,20,51.318844099077225,0
K,cifar10_lenet5,global,20,62.282999999999994,59.160000000000004,3.1229999999999998,17,0,3,51.318844099077225,0
K,cifar10_resnet8,lamp,20,76.819499999999991,76.549500000000009,0.26999999999999746,10,0,10,29.027016546018615,0
K,cifar10_resnet8,global,20,76.819499999999991,69.41749999999999,7.4020000000000037,20,0,0,29.027016546018615,0
K,cifar100_simplecnn,lamp,20,49.744999999999997,50.340500000000006,-0.59550000000000058,2,0,18,51.108083221342888,0
K,cifar100_simplecnn,global,20,49.744999999999997,49.765999999999998,-0.021000000000000442,7,0,13,51.108083221342888,0
K,cifar100_lenet5,lamp,20,31.214499999999997,31.970999999999997,-0.75649999999999973,0,0,20,31.968411942881868,0
K,cifar100_lenet5,global,20,31.214499999999997,31.520999999999997,-0.30649999999999944,1,0,19,31.968411942881868,0
K,cifar100_resnet8,lamp,20,43.106000000000009,43.801000000000002,-0.69499999999999917,0,2,18,8.2756857555341696,0
K,cifar100_resnet8,global,20,43.106000000000009,42.890000000000001,0.21600000000000003,18,2,0,8.2756857555341696,0
