episode,timestep,episode_reward,accuracy_term,sparsity_term,diversity_term,probe_accuracy,sparsity,actions
1,4,1.7241903799404659,1.4863577306193156,0.08783264932115017,0.15000000000000002,76.26666666666667,8.783264932115017,"[2, 1, 0, 1]"
2,8,1.7822183778803975,1.3362927674317886,0.29592561044860877,0.15000000000000002,68.56666666666666,29.592561044860876,"[4, 2, 3, 3]"
3,12,1.767267905226341,1.4434820268514508,0.1737858783748903,0.15000000000000002,74.06666666666666,17.37858783748903,"[0, 5, 5, 1]"
4,16,1.6554617473213824,1.3297964486790819,0.17566529864230035,0.15000000000000002,68.23333333333333,17.566529864230034,"[4, 2, 0, 2]"
5,20,1.7108260241503022,1.4629709831095712,0.04785504104073099,0.2,75.06666666666666,4.785504104073099,"[2, 4, 3, 0]"
6,24,1.632929276543079,1.440883499350368,0.04204577719271075,0.15000000000000002,73.93333333333334,4.204577719271075,"[3, 2, 3, 0]"
7,28,1.8390414483145419,1.3174534430489389,0.3715880052656032,0.15000000000000002,67.6,37.15880052656032,"[4, 3, 2, 4]"
8,32,1.6237887822001962,1.5,0.02378878220019617,0.1,76.96666666666667,2.378878220019617,"[0, 0, 2, 0]"
9,36,1.3258074108550644,0.8217843222174102,0.3540230886376542,0.15000000000000002,42.166666666666664,35.40230886376542,"[5, 1, 1, 4]"
10,40,1.7894656437991285,1.3375920311823302,0.3018736126167983,0.15000000000000002,68.63333333333334,30.18736126167983,"[4, 0, 4, 3]"
11,44,1.8873985128356539,1.4434820268514508,0.24391648598420318,0.2,74.06666666666666,24.391648598420318,"[3, 1, 5, 2]"
12,48,1.8213106429281902,1.4902555218709397,0.18105512105725055,0.15000000000000002,76.46666666666667,18.105512105725055,"[0, 4, 0, 2]"
13,52,1.7160139223422903,1.4382849718492854,0.077728950493005,0.2,73.8,7.772895049300501,"[3, 2, 5, 0]"
14,56,1.7289721184757814,1.4883066262451274,0.09066549223065407,0.15000000000000002,76.36666666666666,9.066549223065406,"[1, 2, 0, 1]"
15,60,1.9306027736563518,1.494153313122564,0.28644946053378767,0.15000000000000002,76.66666666666667,28.644946053378764,"[0, 3, 2, 3]"
16,64,2.199716486823729,1.4681680381117366,0.5315484487119921,0.2,75.33333333333333,53.15484487119922,"[2, 4, 1, 5]"
17,68,1.9440576746908105,1.481810307492421,0.3622473671983894,0.1,76.03333333333333,36.22473671983894,"[1, 4, 1, 4]"
18,72,1.813392552561292,1.4961022087483757,0.11729034381291621,0.2,76.76666666666667,11.729034381291621,"[0, 3, 2, 1]"
19,76,1.5863262654552366,1.3155045474231268,0.12082171803210985,0.15000000000000002,67.5,12.082171803210985,"[4, 4, 2, 1]"
20,80,1.7700517508871862,1.481810307492421,0.13824144339476538,0.15000000000000002,76.03333333333333,13.824144339476538,"[1, 2, 4, 1]"
21,84,2.1659572837054957,1.4844088349935036,0.5315484487119921,0.15000000000000002,76.16666666666667,53.15484487119922,"[2, 0, 2, 5]"
22,88,1.691207878477556,1.4766132524902553,0.1145946259873006,0.1,75.76666666666667,11.45946259873006,"[2, 2, 2, 1]"
23,92,1.3243079588048456,0.8256821134690342,0.3986258453358113,0.1,42.36666666666667,39.86258453358113,"[5, 4, 4, 4]"
24,96,1.6673561384214803,1.3297964486790819,0.18755968974239842,0.15000000000000002,68.23333333333333,18.755968974239842,"[4, 2, 1, 2]"
25,100,1.7411763857857552,1.5006496318752705,0.09052675391048474,0.15000000000000002,77.0,9.052675391048474,"[0, 2, 0, 1]"
26,104,1.851636830053784,1.4415331312256388,0.26010369882814516,0.15000000000000002,73.96666666666667,26.010369882814516,"[3, 2, 0, 3]"
27,108,1.9139689961893582,1.420744911216977,0.3432240849723814,0.15000000000000002,72.9,34.322408497238136,"[2, 5, 5, 3]"
28,112,1.5397236554057772,1.335643135556518,0.0540805198492592,0.15000000000000002,68.53333333333333,5.40805198492592,"[4, 2, 4, 0]"
29,116,1.7976265167942356,1.4746643568644435,0.22296215992979196,0.1,75.66666666666667,22.296215992979196,"[2, 2, 4, 2]"
30,120,1.8336835280138528,1.4785621481160676,0.20512137989778534,0.15000000000000002,75.86666666666666,20.512137989778534,"[2, 0, 3, 2]"
31,124,1.6050234053825196,1.4961022087483757,0.008921196634143824,0.1,76.76666666666667,0.8921196634143823,"[0, 3, 0, 0]"
32,128,1.995941779561626,1.4987007362494587,0.34724104331216765,0.15000000000000002,76.9,34.724104331216765,"[0, 3, 0, 4]"
33,132,1.8511986383296466,1.44283239497618,0.25836624335346653,0.15000000000000002,74.03333333333333,25.836624335346652,"[0, 5, 5, 2]"
34,136,1.2532489685795847,0.8529666522304027,0.2502823163491818,0.15000000000000002,43.766666666666666,25.02823163491818,"[5, 3, 5, 2]"
35,140,1.6707715196245885,1.4610220874837592,0.059749432140829076,0.15000000000000002,74.96666666666667,5.9749432140829075,"[2, 4, 4, 0]"
36,144,1.6575521102846498,1.4805110437418796,0.02704106654277012,0.15000000000000002,75.96666666666667,2.704106654277012,"[2, 1, 2, 0]"
37,148,1.728876691602255,1.3258986574274578,0.25297803417479736,0.15000000000000002,68.03333333333333,25.297803417479738,"[4, 4, 5, 2]"
38,152,1.1316387576650313,0.8224339540926808,0.10920480357235043,0.2,42.2,10.920480357235043,"[5, 0, 2, 1]"
39,156,1.0658731588481565,0.7912516240796882,0.17462153476846834,0.1,40.6,17.462153476846833,"[5, 5, 5, 1]"
40,160,1.9464456359411235,1.4629709831095712,0.2834746528315523,0.2,75.06666666666666,28.34746528315523,"[0, 5, 1, 3]"
41,164,1.9562648906809055,1.4811606756171503,0.3251042150637551,0.15000000000000002,76.0,32.51042150637551,"[0, 0, 5, 3]"
42,168,1.166868754518878,0.8230835859679515,0.19378516855092665,0.15000000000000002,42.233333333333334,19.378516855092663,"[5, 0, 2, 2]"
43,172,1.9354534279128837,1.4779125162407967,0.30754091167208714,0.15000000000000002,75.83333333333333,30.754091167208713,"[2, 2, 4, 3]"
44,176,1.7632479533516179,1.4694673018622781,0.09378065148933974,0.2,75.4,9.378065148933974,"[2, 3, 0, 1]"
45,180,2.186212955763214,1.4545257687310524,0.5316871870321616,0.2,74.63333333333334,53.16871870321615,"[3, 0, 2, 5]"
46,184,1.664690055515785,1.399956691208315,0.11473336430746994,0.15000000000000002,71.83333333333333,11.473336430746993,"[3, 5, 1, 1]"
47,188,1.3879767668655616,0.8250324815937635,0.36294428527179806,0.2,42.333333333333336,36.294428527179804,"[5, 0, 2, 4]"
48,192,1.7713875391734848,1.4922044174967517,0.12918312167673326,0.15000000000000002,76.56666666666666,12.918312167673326,"[0, 3, 3, 1]"
49,196,1.9698714197165648,1.4922044174967517,0.27766700221981316,0.2,76.56666666666666,27.766700221981313,"[1, 0, 2, 3]"
50,200,2.2503354550527472,1.4863577306193156,0.5639777244334314,0.2,76.26666666666667,56.39777244334314,"[0, 3, 4, 5]"
51,204,1.1219416884211126,0.8419229103508012,0.13001877807031129,0.15000000000000002,43.2,13.001877807031128,"[5, 3, 3, 1]"
52,208,1.2417504370172547,0.8425725422260719,0.2991778947911827,0.1,43.233333333333334,29.91778947911827,"[5, 3, 3, 3]"
53,212,1.8004268458312764,1.4720658293633606,0.17836101646791597,0.15000000000000002,75.53333333333333,17.836101646791597,"[2, 3, 0, 2]"
54,216,1.8535430262706245,1.4987007362494587,0.2048422900211657,0.15000000000000002,76.9,20.484229002116567,"[0, 0, 3, 2]"
55,220,1.9206572781820652,1.4961022087483757,0.2745550694336895,0.15000000000000002,76.76666666666667,27.455506943368952,"[0, 3, 1, 3]"
56,224,1.9583400270412217,1.4629709831095712,0.2953690439316504,0.2,75.06666666666666,29.53690439316504,"[0, 5, 2, 3]"
57,228,2.102506045814312,1.4356864443482027,0.5168196014661092,0.15000000000000002,73.66666666666667,51.68196014661091,"[3, 3, 0, 5]"
58,232,1.6374568060701795,1.4928540493720224,0.04460275669815704,0.1,76.6,4.460275669815704,"[0, 3, 3, 0]"
59,236,1.6864308939937565,1.4948029449978346,0.04162794899592174,0.15000000000000002,76.7,4.162794899592174,"[0, 2, 3, 0]"
60,240,1.671134081099161,1.4415331312256388,0.12960094987352228,0.1,73.96666666666667,12.960094987352228,"[3, 3, 3, 1]"
61,244,1.9402716909839572,1.4889562581203983,0.30131543286355894,0.15000000000000002,76.4,30.131543286355893,"[0, 4, 3, 3]"
62,248,1.28435606015891,0.8178865309657861,0.2664695291931237,0.2,41.96666666666667,26.646952919312373,"[5, 4, 0, 3]"
63,252,2.2097251598167302,1.451277609354699,0.5584475504620309,0.2,74.46666666666667,55.84475504620309,"[3, 1, 4, 5]"
64,256,0.9902131614581758,0.797747942832395,0.04246521862578081,0.15000000000000002,40.93333333333333,4.2465218625780805,"[5, 5, 2, 0]"
65,260,1.869387893887044,1.4707665656128195,0.2986213282742244,0.1,75.46666666666667,29.862132827422435,"[2, 3, 3, 3]"
66,264,1.820876358882927,1.3362927674317886,0.3345835914511383,0.15000000000000002,68.56666666666666,33.45835914511383,"[4, 3, 5, 3]"
67,268,1.991442446805654,1.4194456474664354,0.4219967993392184,0.15000000000000002,72.83333333333333,42.19967993392184,"[3, 4, 5, 4]"
68,272,2.238891291718975,1.4987007362494587,0.5401905554695163,0.2,76.9,54.01905554695163,"[0, 3, 2, 5]"
69,276,1.9121266922338553,1.3518839324382848,0.4102427597955707,0.15000000000000002,69.36666666666666,41.02427597955707,"[4, 0, 5, 4]"
70,280,1.1515281353773223,0.8185361628410568,0.13299197253626555,0.2,42.0,13.299197253626556,"[5, 4, 3, 1]"
71,284,2.027280229764643,1.485708098744045,0.3415721310205978,0.2,76.23333333333333,34.15721310205978,"[2, 1, 0, 4]"
72,288,1.676725452130393,1.4909051537462106,0.03582029838418254,0.15000000000000002,76.5,3.5820298384182543,"[1, 0, 3, 0]"
73,292,2.039308947483233,1.333694239930706,0.555614707552527,0.15000000000000002,68.43333333333334,55.5614707552527,"[4, 0, 4, 5]"
74,296,1.9238613694487654,1.4603724556084885,0.3134889138402767,0.15000000000000002,74.93333333333334,31.34889138402767,"[2, 4, 4, 3]"
75,300,2.0366774086544117,1.4772628843655262,0.3594145242888855,0.2,75.8,35.941452428888546,"[2, 3, 1, 4]"
76,304,2.160961246048556,1.467518406236466,0.5434428398120903,0.15000000000000002,75.3,54.344283981209024,"[2, 4, 2, 5]"
77,308,1.6974023015444657,1.4909051537462106,0.05649714779825512,0.15000000000000002,76.5,5.649714779825512,"[0, 3, 4, 0]"
78,312,1.9790177749489528,1.459722823733218,0.31929495121573487,0.2,74.9,31.929495121573485,"[1, 5, 4, 3]"
79,316,1.288802167995051,0.8282806409701169,0.2605215270249342,0.2,42.5,26.05215270249342,"[5, 2, 0, 3]"
80,320,1.986391673697554,1.4441316587267212,0.3922600149708327,0.15000000000000002,74.1,39.22600149708327,"[3, 2, 4, 4]"
81,324,2.0651831386349278,1.494153313122564,0.37102982551236385,0.2,76.66666666666667,37.10298255123639,"[0, 3, 2, 4]"
82,328,1.4782320831868638,1.3187527067994804,0.009479376387383201,0.15000000000000002,67.66666666666667,0.9479376387383202,"[4, 3, 0, 0]"
83,332,2.2303447620497026,1.4961022087483757,0.5342425533013268,0.2,76.76666666666667,53.424255330132674,"[0, 1, 2, 5]"
84,336,1.9154745536646813,1.3492854049372023,0.41618914872747925,0.15000000000000002,69.23333333333333,41.61891487274792,"[4, 2, 5, 4]"
85,340,1.918262279756148,1.4785621481160676,0.28970013164008057,0.15000000000000002,75.86666666666666,28.970013164008055,"[2, 0, 3, 3]"
86,344,2.1785993954990563,1.4792117799913385,0.5493876155077178,0.15000000000000002,75.9,54.93876155077177,"[2, 2, 3, 5]"
87,348,1.8599357625382371,1.420095279341706,0.28984048319653094,0.15000000000000002,72.86666666666666,28.98404831965309,"[3, 4, 2, 3]"
88,352,1.7045740066617423,1.4772628843655262,0.07731112229621599,0.15000000000000002,75.8,7.7311122296215995,"[0, 2, 5, 0]"
89,356,1.6500531222148793,1.4584235599826765,0.04162956223220278,0.15000000000000002,74.83333333333333,4.162956223220278,"[0, 5, 2, 0]"
90,360,1.6333371721230354,1.4441316587267212,0.08920551339631408,0.1,74.1,8.920551339631407,"[0, 5, 5, 0]"
91,364,1.9511417832439135,1.4909051537462106,0.31023662949770275,0.15000000000000002,76.5,31.023662949770276,"[0, 3, 4, 3]"
92,368,2.2075461964357204,1.4785621481160676,0.5789840483196531,0.15000000000000002,75.86666666666666,57.89840483196531,"[1, 0, 5, 5]"
93,372,1.8542923602003674,1.4935036812472933,0.21078867895307418,0.15000000000000002,76.63333333333334,21.078867895307418,"[0, 2, 3, 2]"
94,376,1.50416430235676,0.8250324815937635,0.5291318207629963,0.15000000000000002,42.333333333333336,52.91318207629962,"[5, 3, 1, 5]"
95,380,2.081889147725861,1.4720658293633606,0.40982331836250063,0.2,75.53333333333333,40.98233183625006,"[1, 0, 5, 4]"
96,384,1.665822061807242,1.479861411866609,0.03596064994063291,0.15000000000000002,75.93333333333334,3.5960649940632905,"[2, 0, 3, 0]"
97,388,1.7264378753314031,1.4772628843655262,0.19917499096587685,0.05,75.8,19.917499096587683,"[2, 2, 2, 2]"
98,392,1.8010081737435324,1.3323949761801643,0.3686131975633679,0.1,68.36666666666666,36.86131975633679,"[4, 2, 2, 4]"
99,396,1.5186572209579405,0.8276310090948463,0.5410262118630944,0.15000000000000002,42.46666666666667,54.102621186309435,"[5, 3, 2, 5]"
100,400,1.793941848378136,1.4759636206149849,0.16797822776315113,0.15000000000000002,75.73333333333333,16.797822776315112,"[1, 4, 5, 1]"
101,404,1.680200880796547,1.312906019922044,0.21729486087450312,0.15000000000000002,67.36666666666666,21.72948608745031,"[4, 4, 3, 2]"
102,408,1.646468216358346,1.3148549155478562,0.1816133008104899,0.15000000000000002,67.46666666666667,18.16133008104899,"[4, 4, 0, 2]"
103,412,1.4046935460029535,0.8328280640970116,0.3718654819059419,0.2,42.733333333333334,37.18654819059419,"[5, 3, 2, 4]"
104,416,1.9332311806129536,1.4727154612386313,0.31051571937432243,0.15000000000000002,75.56666666666666,31.051571937432243,"[2, 3, 4, 3]"
105,420,1.810823904515729,1.4694673018622781,0.14135660265345104,0.2,75.4,14.135660265345104,"[2, 3, 4, 1]"
106,424,2.0224860384984775,1.4506279774794284,0.4218580610190491,0.15000000000000002,74.43333333333334,42.18580610190491,"[2, 4, 5, 4]"
107,428,2.1004160841688964,1.481810307492421,0.41860577667647514,0.2,76.03333333333333,41.86057766764751,"[0, 3, 5, 4]"
108,432,1.69459359988798,1.4701169337375488,0.07447666615043105,0.15000000000000002,75.43333333333334,7.447666615043105,"[1, 1, 5, 0]"
109,436,1.2658391095716004,0.8315288003464703,0.28431030922513034,0.15000000000000002,42.666666666666664,28.431030922513035,"[5, 2, 2, 3]"
110,440,1.5923466019523187,1.3304460805543525,0.11190052139796602,0.15000000000000002,68.26666666666667,11.190052139796602,"[4, 1, 2, 1]"
111,444,2.2140034789227307,1.4792117799913385,0.5847916989313923,0.15000000000000002,75.9,58.47916989313923,"[0, 2, 5, 5]"
112,448,1.77865469869201,1.4460805543525335,0.13257414433947654,0.2,74.2,13.257414433947654,"[3, 0, 4, 1]"
113,452,1.8924955515201687,1.494153313122564,0.29834223839760465,0.1,76.66666666666667,29.834223839760465,"[0, 3, 3, 3]"
114,456,1.5266844380607703,1.2869207449112168,0.08976369314955346,0.15000000000000002,66.03333333333333,8.976369314955345,"[4, 5, 5, 0]"
115,460,1.9538635000944269,1.3759203118232999,0.427943188271127,0.15000000000000002,70.6,42.7943188271127,"[3, 5, 5, 4]"
116,464,1.613213698665159,1.2888696405370292,0.1743440581281297,0.15000000000000002,66.13333333333334,17.43440581281297,"[4, 5, 5, 1]"
117,468,1.8362940912776549,1.4434820268514508,0.2928120644262041,0.1,74.06666666666666,29.281206442620412,"[3, 1, 3, 3]"
118,472,2.162568772772692,1.4811606756171503,0.5314080971555418,0.15000000000000002,76.0,53.14080971555418,"[1, 4, 1, 5]"
119,476,1.773418607424148,1.4350368124729322,0.13838179495121575,0.2,73.63333333333334,13.838179495121574,"[2, 5, 3, 1]"
120,480,1.1648185436023124,0.8269813772195754,0.1878371663827371,0.15000000000000002,42.43333333333333,18.78371663827371,"[5, 2, 1, 2]"
121,484,1.7895457665169852,1.339540926808142,0.25000483970884313,0.2,68.73333333333333,25.00048397088431,"[4, 3, 5, 2]"
122,488,1.558940411403115,1.2940666955391946,0.1148737158639203,0.15000000000000002,66.4,11.48737158639203,"[4, 5, 1, 1]"
123,492,1.6501485766161277,1.4259419662191426,0.024206610396985184,0.2,73.16666666666667,2.420661039698518,"[3, 4, 1, 0]"
124,496,1.9966229041286976,1.4753139887397142,0.37130891538898353,0.15000000000000002,75.7,37.130891538898354,"[2, 3, 2, 4]"
125,500,2.0765663494444677,1.3382416630576008,0.588324686386867,0.15000000000000002,68.66666666666667,58.8324686386867,"[4, 3, 5, 5]"
126,504,2.183997467846447,1.4727154612386313,0.5612820066078158,0.15000000000000002,75.56666666666666,56.12820066078158,"[2, 2, 4, 5]"
127,508,1.8454163052570247,1.4317886530965787,0.313627652160446,0.1,73.46666666666667,31.362765216044604,"[3, 4, 4, 3]"
128,512,1.9121266922338553,1.3518839324382848,0.4102427597955707,0.15000000000000002,69.36666666666666,41.02427597955707,"[4, 0, 5, 4]"
129,516,2.2246019021929597,1.4811606756171503,0.5434412265758092,0.2,76.0,54.34412265758092,"[2, 0, 3, 5]"
130,520,1.1755149862426229,0.8198354265915981,0.20567955965102475,0.15000000000000002,42.06666666666667,20.567955965102474,"[5, 4, 2, 2]"
131,524,1.5751061093063732,1.3531831961888263,0.07192291311754685,0.15000000000000002,69.43333333333334,7.192291311754685,"[4, 0, 5, 0]"
132,528,1.728876691602255,1.3258986574274578,0.25297803417479736,0.15000000000000002,68.03333333333333,25.297803417479738,"[4, 4, 5, 2]"
133,532,1.705974585703037,1.4727154612386313,0.08325912446440556,0.15000000000000002,75.56666666666666,8.325912446440556,"[0, 4, 5, 0]"
134,536,1.9991458708283258,1.4629709831095712,0.38617488771875486,0.15000000000000002,75.06666666666666,38.617488771875486,"[2, 4, 3, 4]"
135,540,1.820876358882927,1.3362927674317886,0.3345835914511383,0.15000000000000002,68.56666666666666,33.45835914511383,"[4, 3, 5, 3]"
136,544,2.173394796922994,1.4441316587267212,0.5792631381962727,0.15000000000000002,74.1,57.926313819627275,"[3, 0, 5, 5]"
137,548,2.039308947483233,1.333694239930706,0.555614707552527,0.15000000000000002,68.43333333333334,55.5614707552527,"[4, 0, 4, 5]"
138,552,2.0108392445831984,1.4746643568644435,0.38617488771875486,0.15000000000000002,75.66666666666667,38.617488771875486,"[2, 0, 4, 4]"
139,556,1.527651580966525,0.836076223473365,0.5915753574931599,0.1,42.9,59.15753574931599,"[5, 4, 5, 5]"
140,560,1.9966229041286976,1.4753139887397142,0.37130891538898353,0.15000000000000002,75.7,37.130891538898354,"[2, 3, 2, 4]"
141,564,1.9191037721664674,1.4376353399740147,0.33146843219245264,0.15000000000000002,73.76666666666667,33.14684321924526,"[3, 2, 5, 3]"
142,568,1.8066997086521823,1.4337375487223905,0.22296215992979196,0.15000000000000002,73.56666666666666,22.296215992979196,"[2, 5, 3, 2]"
143,572,2.012857962807963,1.4948029449978346,0.36805501781012856,0.15000000000000002,76.7,36.80550178101286,"[0, 2, 2, 4]"
144,576,1.810823904515729,1.4694673018622781,0.14135660265345104,0.2,75.4,14.135660265345104,"[2, 3, 4, 1]"
145,580,2.042794151285294,1.4831095712429623,0.4096845800423314,0.15000000000000002,76.1,40.968458004233135,"[0, 0, 5, 4]"
146,584,1.858566431653144,1.4948029449978346,0.21376348665530948,0.15000000000000002,76.7,21.376348665530948,"[0, 3, 3, 2]"
147,588,2.186212955763214,1.4545257687310524,0.5316871870321616,0.2,74.63333333333334,53.16871870321615,"[3, 0, 2, 5]"
148,592,1.605878179569237,1.481810307492421,0.024067872076815856,0.1,76.03333333333333,2.4067872076815857,"[2, 0, 2, 0]"
149,596,2.2486599111010532,1.487656994369857,0.5610029167311962,0.2,76.33333333333333,56.100291673119614,"[0, 2, 4, 5]"
150,600,1.869387893887044,1.4707665656128195,0.2986213282742244,0.1,75.46666666666667,29.862132827422435,"[2, 3, 3, 3]"
151,604,2.0504044850768897,1.4584235599826765,0.391980925094213,0.2,74.83333333333333,39.1980925094213,"[1, 5, 3, 4]"
152,608,1.7461822617386533,1.4434820268514508,0.10270023488720252,0.2,74.06666666666666,10.270023488720252,"[2, 5, 0, 1]"
153,612,1.9815399036600163,1.3116067561715026,0.5199331474885137,0.15000000000000002,67.3,51.993314748851375,"[4, 4, 0, 5]"
154,616,2.0320977086449834,1.4902555218709397,0.3918421867740437,0.15000000000000002,76.46666666666667,39.18421867740437,"[0, 2, 4, 4]"
155,620,1.7215509162019484,1.3226504980511042,0.29890041815084406,0.1,67.86666666666666,29.890041815084405,"[4, 3, 3, 3]"
156,624,1.5401264742869616,1.3187527067994804,0.021373767487481286,0.2,67.66666666666667,2.1373767487481286,"[4, 3, 1, 0]"
157,628,2.016512281840989,1.4714161974880902,0.3950960843528986,0.15000000000000002,75.5,39.50960843528986,"[2, 3, 4, 4]"
158,632,1.978204826550313,1.4896058899956692,0.33859893655464357,0.15000000000000002,76.43333333333334,33.859893655464354,"[2, 0, 0, 4]"
159,636,1.7533692290912115,1.3921611087050672,0.21120812038614425,0.15000000000000002,71.43333333333334,21.120812038614424,"[3, 5, 2, 2]"
160,640,2.024341162407432,1.4883066262451274,0.3860345361623045,0.15000000000000002,76.36666666666666,38.603453616230446,"[1, 4, 3, 4]"
161,644,1.4037673359810026,0.8289302728453876,0.37483706313561516,0.2,42.53333333333333,37.48370631356151,"[5, 0, 3, 4]"
162,648,2.01575296205552,1.4532265049805109,0.362526457075009,0.2,74.56666666666666,36.2526457075009,"[3, 0, 2, 4]"
163,652,1.6361573947598709,1.3941100043308792,0.0420473904289918,0.2,71.53333333333333,4.204739042899179,"[3, 5, 2, 0]"
164,656,1.9872560416446305,1.4499783456041577,0.3372776960404729,0.2,74.4,33.72776960404729,"[2, 4, 5, 3]"
165,660,1.96583571919032,1.481810307492421,0.3340254116978989,0.15000000000000002,76.03333333333333,33.40254116978989,"[0, 3, 5, 3]"
166,664,1.9511417832439135,1.4909051537462106,0.31023662949770275,0.15000000000000002,76.5,31.023662949770276,"[0, 3, 4, 3]"
167,668,2.1757175304681295,1.4499783456041577,0.5257391848639719,0.2,74.4,52.57391848639719,"[3, 2, 1, 5]"
168,672,1.3428744379118693,0.8347769597228238,0.3080974781890455,0.2,42.833333333333336,30.809747818904548,"[5, 2, 4, 3]"
169,676,1.795762925665493,1.2914681680381117,0.40429475762738115,0.1,66.26666666666667,40.429475762738114,"[4, 5, 4, 4]"
170,680,1.931822596174817,1.3895625812039842,0.3922600149708327,0.15000000000000002,71.3,39.22600149708327,"[3, 5, 3, 4]"
171,684,2.1441439806659592,1.459073191857947,0.585070788808012,0.1,74.86666666666666,58.507078880801195,"[2, 2, 5, 5]"
172,688,2.1677209306196557,1.4538761368557815,0.5138447937638738,0.2,74.6,51.38447937638738,"[3, 2, 0, 5]"
173,692,2.216053689839296,1.4753139887397142,0.5907397010995818,0.15000000000000002,75.7,59.07397010995818,"[0, 4, 5, 5]"
174,696,1.5605885876292285,1.3135556517973148,0.09703293583191369,0.15000000000000002,67.4,9.70329358319137,"[4, 4, 0, 1]"
175,700,1.9424177235243736,1.388263317453443,0.4041544060709308,0.15000000000000002,71.23333333333333,40.415440607093075,"[3, 5, 4, 4]"
176,704,1.6050234053825196,1.4961022087483757,0.008921196634143824,0.1,76.76666666666667,0.8921196634143823,"[0, 3, 0, 0]"
177,708,1.4689305726320587,0.8308791684711996,0.5380514041608591,0.1,42.63333333333333,53.805140416085905,"[5, 2, 2, 5]"
178,712,1.8466295856796733,1.4558250324815938,0.2408045531980796,0.15000000000000002,74.7,24.08045531980796,"[2, 0, 5, 2]"
179,716,2.2303447620497026,1.4961022087483757,0.5342425533013268,0.2,76.76666666666667,53.424255330132674,"[0, 1, 2, 5]"
180,720,1.9885379591576475,1.2888696405370292,0.5496683186206185,0.15000000000000002,66.13333333333334,54.966831862061845,"[4, 5, 2, 5]"
181,724,1.820542995378093,1.4356864443482027,0.23485655102989003,0.15000000000000002,73.66666666666667,23.485655102989003,"[2, 5, 4, 2]"
182,728,1.732866928069912,1.4493287137288868,0.08353821434102525,0.2,74.36666666666666,8.353821434102525,"[2, 4, 5, 0]"
183,732,1.975776505188436,1.3954092680814203,0.38036723710701564,0.2,71.6,38.036723710701565,"[3, 5, 2, 4]"
184,736,1.8240460087777048,1.3375920311823302,0.38645397759537453,0.1,68.63333333333334,38.64539775953745,"[4, 0, 4, 4]"
185,740,1.8434883851962318,1.321351234300563,0.4221371508956688,0.1,67.8,42.213715089566875,"[4, 4, 5, 4]"
186,744,1.1805625328781608,0.7951494153313122,0.23541311754684838,0.15000000000000002,40.8,23.541311754684838,"[5, 5, 4, 2]"
187,748,2.21960586453602,1.4642702468601128,0.5553356176759072,0.2,75.13333333333334,55.533561767590726,"[2, 4, 3, 5]"
188,752,1.8590408006724881,1.4863577306193156,0.22268307005317226,0.15000000000000002,76.26666666666667,22.268307005317226,"[0, 2, 4, 2]"
189,756,1.7595969750940799,1.4831095712429623,0.12648740385111765,0.15000000000000002,76.1,12.648740385111765,"[2, 2, 3, 1]"
190,760,2.015922199973488,1.3103074924209615,0.555614707552527,0.15000000000000002,67.23333333333333,55.5614707552527,"[4, 4, 3, 5]"
191,764,2.2441515242398555,1.4889562581203983,0.5551952661194569,0.2,76.4,55.51952661194569,"[1, 0, 4, 5]"
192,768,1.8213106429281902,1.4902555218709397,0.18105512105725055,0.15000000000000002,76.46666666666667,18.105512105725055,"[0, 4, 0, 2]"
193,772,1.8997627110386932,1.4480294499783455,0.3017332610603479,0.15000000000000002,74.3,30.173326106034793,"[3, 0, 4, 3]"
194,776,1.7700517508871862,1.481810307492421,0.13824144339476538,0.15000000000000002,76.03333333333333,13.824144339476538,"[1, 2, 4, 1]"
195,780,1.594152381372064,1.3902122130792551,0.053940168292808836,0.15000000000000002,71.33333333333333,5.394016829280884,"[3, 5, 3, 0]"
196,784,2.0108392445831984,1.4746643568644435,0.38617488771875486,0.15000000000000002,75.66666666666667,38.617488771875486,"[2, 0, 4, 4]"
197,788,2.023683986958265,1.4577739281074056,0.4159100588508596,0.15000000000000002,74.8,41.591005885085956,"[2, 2, 5, 4]"
198,792,2.1467159246321943,1.4889562581203983,0.507759666511796,0.15000000000000002,76.4,50.7759666511796,"[2, 0, 0, 5]"
199,796,1.9242451932238138,1.487656994369857,0.2865881988539569,0.15000000000000002,76.33333333333333,28.658819885395694,"[1, 3, 2, 3]"
200,800,1.5045389693216311,0.8224339540926808,0.5321050152289505,0.15000000000000002,42.2,53.21050152289505,"[5, 0, 2, 5]"
201,804,2.162425002608566,1.4480294499783455,0.5643955526302205,0.15000000000000002,74.3,56.439555263022044,"[3, 3, 4, 5]"
202,808,2.183997467846447,1.4727154612386313,0.5612820066078158,0.15000000000000002,75.56666666666666,56.12820066078158,"[2, 2, 4, 5]"
203,812,2.2094501949063305,1.4480294499783455,0.5614207449279851,0.2,74.3,56.142074492798514,"[3, 2, 4, 5]"
204,816,1.9154745536646813,1.3492854049372023,0.41618914872747925,0.15000000000000002,69.23333333333333,41.61891487274792,"[4, 2, 5, 4]"
205,820,2.0141787333945795,1.4486790818536162,0.36549965154096326,0.2,74.33333333333333,36.54996515409633,"[3, 1, 2, 4]"
206,824,1.9070873431302733,1.497401472498917,0.2596858706313562,0.15000000000000002,76.83333333333333,25.968587063135615,"[0, 2, 0, 3]"
207,828,2.2453120496702272,1.4902555218709397,0.5550565277992876,0.2,76.46666666666667,55.50565277992876,"[0, 4, 3, 5]"
208,832,2.1692311975711482,1.4668687743611954,0.552362423209953,0.15000000000000002,75.26666666666667,55.2362423209953,"[2, 3, 3, 5]"
209,836,1.3278082772824207,0.8399740147249892,0.33783426255743126,0.15000000000000002,43.1,33.78342625574312,"[5, 4, 5, 3]"
210,840,1.986024987256761,1.4668687743611954,0.31915621289556556,0.2,75.26666666666667,31.915621289556555,"[0, 5, 4, 3]"
211,844,2.241552996738773,1.4863577306193156,0.5551952661194569,0.2,76.26666666666667,55.51952661194569,"[1, 4, 3, 5]"
212,848,1.9986615159532564,1.4480294499783455,0.350632065974911,0.2,74.3,35.063206597491096,"[3, 0, 1, 4]"
213,852,1.8772748058253197,1.4493287137288868,0.2779460920964328,0.15000000000000002,74.36666666666666,27.79460920964328,"[3, 0, 2, 3]"
214,856,1.763028805578135,1.3122563880467735,0.3507724175313613,0.1,67.33333333333333,35.07724175313613,"[4, 4, 0, 4]"
215,860,2.0684768069246844,1.3713728886964052,0.5971039182282794,0.1,70.36666666666666,59.71039182282794,"[3, 5, 5, 5]"
216,864,2.249584507886723,1.491554785621481,0.5580297222652418,0.2,76.53333333333333,55.80297222652418,"[0, 1, 4, 5]"
217,868,1.922275035297526,1.438934603724556,0.3833404315729699,0.1,73.83333333333333,38.33404315729699,"[3, 3, 3, 4]"
218,872,1.819863484047302,1.459073191857947,0.21079029218935522,0.15000000000000002,74.86666666666666,21.07902921893552,"[0, 5, 2, 2]"
219,876,1.7943957392877365,1.427241229969684,0.21715450931805275,0.15000000000000002,73.23333333333333,21.715450931805275,"[3, 4, 3, 2]"
220,880,2.0059783177354835,1.3122563880467735,0.5437219296887099,0.15000000000000002,67.33333333333333,54.37219296887099,"[4, 4, 2, 5]"
221,884,2.016512281840989,1.4714161974880902,0.3950960843528986,0.15000000000000002,75.5,39.50960843528986,"[2, 3, 4, 4]"
222,888,1.9355821109292175,1.451277609354699,0.3343045015745186,0.15000000000000002,74.46666666666667,33.43045015745186,"[2, 3, 5, 3]"
223,892,1.3378272584989337,0.7951494153313122,0.39267784316762167,0.15000000000000002,40.8,39.26778431676217,"[5, 5, 3, 4]"
224,896,1.810823904515729,1.4694673018622781,0.14135660265345104,0.2,75.4,14.135660265345104,"[2, 3, 4, 1]"
225,900,2.2486599111010532,1.487656994369857,0.5610029167311962,0.2,76.33333333333333,56.100291673119614,"[0, 2, 4, 5]"
226,904,2.1821498875113883,1.4649198787353832,0.5672300087760054,0.15000000000000002,75.16666666666667,56.72300087760053,"[2, 4, 4, 5]"
227,908,1.9285222133567121,1.4759636206149849,0.2525585927417273,0.2,75.73333333333333,25.25585927417273,"[1, 4, 5, 2]"
228,912,2.0765663494444677,1.3382416630576008,0.588324686386867,0.15000000000000002,68.66666666666667,58.8324686386867,"[4, 3, 5, 5]"
229,916,2.2336228008815757,1.4753139887397142,0.5583088121418616,0.2,75.7,55.83088121418616,"[2, 1, 4, 5]"
230,920,1.9093759944214805,1.487656994369857,0.2717190000516236,0.15000000000000002,76.33333333333333,27.171900005162357,"[1, 2, 1, 3]"
231,924,1.986024987256761,1.4668687743611954,0.31915621289556556,0.2,75.26666666666667,31.915621289556555,"[0, 5, 4, 3]"
232,928,1.8351746522994428,1.4382849718492854,0.24688968045015747,0.15000000000000002,73.8,24.688968045015745,"[3, 2, 5, 2]"
233,932,1.770998866746577,1.3226504980511042,0.39834836869547263,0.05,67.86666666666666,39.83483686954726,"[4, 4, 4, 4]"
234,936,1.8729094049375155,1.4772628843655262,0.2956465205719891,0.1,75.8,29.564652057198906,"[2, 2, 3, 3]"
235,940,1.918262279756148,1.4785621481160676,0.28970013164008057,0.15000000000000002,75.86666666666666,28.970013164008055,"[2, 0, 3, 3]"
236,944,2.1388688531324,1.4421827631009094,0.5966860900314904,0.1,74.0,59.66860900314904,"[0, 5, 5, 5]"
237,948,2.027280229764643,1.485708098744045,0.3415721310205978,0.2,76.23333333333333,34.15721310205978,"[2, 1, 0, 4]"
238,952,1.9366795282889848,1.4707665656128195,0.2659129626761654,0.2,75.46666666666667,26.59129626761654,"[2, 4, 0, 3]"
239,956,2.238891291718975,1.4987007362494587,0.5401905554695163,0.2,76.9,54.01905554695163,"[0, 3, 2, 5]"
240,960,1.9191037721664674,1.4376353399740147,0.33146843219245264,0.15000000000000002,73.76666666666667,33.14684321924526,"[3, 2, 5, 3]"
241,964,1.9590913663026122,1.4610220874837592,0.39806927881885296,0.1,74.96666666666667,39.806927881885294,"[2, 4, 4, 4]"
242,968,1.9424177235243736,1.388263317453443,0.4041544060709308,0.15000000000000002,71.23333333333333,40.415440607093075,"[3, 5, 4, 4]"
243,972,2.1203817371457947,1.4447812906019921,0.5256004465438026,0.15000000000000002,74.13333333333334,52.560044654380256,"[2, 5, 0, 5]"
244,976,2.018018493274371,1.4909051537462106,0.3771133395281606,0.15000000000000002,76.5,37.71133395281606,"[1, 1, 3, 4]"
245,980,2.0491531276667656,1.3375920311823302,0.5615610964844355,0.15000000000000002,68.63333333333334,56.15610964844355,"[4, 2, 4, 5]"
246,984,2.194526191204727,1.4863577306193156,0.5581684605854111,0.15000000000000002,76.26666666666667,55.81684605854112,"[1, 1, 4, 5]"
247,988,1.820361627097062,1.494153313122564,0.12620831397449797,0.2,76.66666666666667,12.620831397449797,"[0, 2, 3, 1]"
248,992,2.102506045814312,1.4356864443482027,0.5168196014661092,0.15000000000000002,73.66666666666667,51.68196014661091,"[3, 3, 0, 5]"
249,996,2.2112703380676986,1.473365093113902,0.5879052449537969,0.15000000000000002,75.6,58.79052449537969,"[1, 3, 5, 5]"
250,1000,2.210044192836783,1.4935036812472933,0.5165405115894894,0.2,76.63333333333334,51.654051158948945,"[1, 3, 0, 5]"
251,1004,2.0571865387864534,1.4980511043741878,0.35913543441226575,0.2,76.86666666666666,35.91354344122657,"[0, 3, 1, 4]"
252,1008,2.1919217333660286,1.4538761368557815,0.5880455965102472,0.15000000000000002,74.6,58.804559651024725,"[2, 3, 5, 5]"
253,1012,1.991442446805654,1.4194456474664354,0.4219967993392184,0.15000000000000002,72.83333333333333,42.19967993392184,"[3, 4, 5, 4]"
254,1016,1.9872619719822457,1.479861411866609,0.30740056011563677,0.2,75.93333333333334,30.740056011563677,"[1, 2, 4, 3]"
255,1020,2.202589979235211,1.4740147249891729,0.5285752542460379,0.2,75.63333333333334,52.857525424603786,"[2, 3, 1, 5]"
256,1024,1.848960691844253,1.4850584668687743,0.2139022249754788,0.15000000000000002,76.2,21.39022249754788,"[1, 3, 3, 2]"
257,1028,1.985464278446488,1.2882200086617581,0.5972442697847298,0.1,66.1,59.72442697847298,"[4, 5, 5, 5]"
258,1032,2.241552996738773,1.4863577306193156,0.5551952661194569,0.2,76.26666666666667,55.51952661194569,"[1, 4, 3, 5]"
259,1036,2.249584507886723,1.491554785621481,0.5580297222652418,0.2,76.53333333333333,55.80297222652418,"[0, 1, 4, 5]"
260,1040,2.0435814056997286,1.3349935036812473,0.5585879020184813,0.15000000000000002,68.5,55.85879020184812,"[4, 1, 4, 5]"
261,1044,2.2246019021929597,1.4811606756171503,0.5434412265758092,0.2,76.0,54.34412265758092,"[2, 0, 3, 5]"
262,1048,2.194526191204727,1.4863577306193156,0.5581684605854111,0.15000000000000002,76.26666666666667,55.81684605854112,"[1, 1, 4, 5]"
263,1052,1.9251353156601894,1.4727154612386313,0.252419854421558,0.2,75.56666666666666,25.2419854421558,"[0, 4, 5, 2]"
264,1056,2.024905178177413,1.4473798181030748,0.4275253600743379,0.15000000000000002,74.26666666666667,42.75253600743379,"[0, 5, 5, 4]"
265,1060,1.5255016679954871,0.8458207016024253,0.5796809663930619,0.1,43.4,57.96809663930618,"[5, 0, 5, 5]"
266,1064,2.1785993954990563,1.4792117799913385,0.5493876155077178,0.15000000000000002,75.9,54.93876155077177,"[2, 2, 3, 5]"
267,1068,1.9199711217710371,1.4863577306193156,0.2836133911517216,0.15000000000000002,76.26666666666667,28.361339115172164,"[1, 2, 2, 3]"
268,1072,2.011349851402843,1.3200519705500215,0.5912978808528212,0.1,67.73333333333333,59.12978808528212,"[4, 4, 5, 5]"
269,1076,1.9929669718593912,1.4987007362494587,0.34426623560993236,0.15000000000000002,76.9,34.426623560993235,"[0, 2, 0, 4]"
270,1080,2.214243532533653,1.473365093113902,0.5908784394197512,0.15000000000000002,75.6,59.087843941975116,"[1, 4, 5, 5]"
271,1084,2.2246717247919126,1.4993503681247295,0.5253213566671829,0.2,76.93333333333334,52.53213566671829,"[0, 2, 1, 5]"
272,1088,2.0684768069246844,1.3713728886964052,0.5971039182282794,0.1,70.36666666666666,59.71039182282794,"[3, 5, 5, 5]"
273,1092,2.2075461964357204,1.4785621481160676,0.5789840483196531,0.15000000000000002,75.86666666666666,57.89840483196531,"[1, 0, 5, 5]"
274,1096,2.1016247329475632,1.4642702468601128,0.5373544860874503,0.1,75.13333333333334,53.73544860874503,"[1, 5, 1, 5]"
275,1100,2.1757175304681295,1.4499783456041577,0.5257391848639719,0.2,74.4,52.57391848639719,"[3, 2, 1, 5]"
276,1104,1.5331236008790896,0.8445214378518839,0.5886021630272056,0.1,43.333333333333336,58.86021630272056,"[5, 3, 5, 5]"
277,1108,2.1866233630731102,1.4545257687310524,0.5820975943420578,0.15000000000000002,74.63333333333334,58.20975943420577,"[2, 1, 5, 5]"
278,1112,2.1686455274053253,1.4577739281074056,0.5108715992979196,0.2,74.8,51.08715992979196,"[3, 1, 0, 5]"
279,1116,2.1607818582264087,1.4616717193590298,0.549110138867379,0.15000000000000002,75.0,54.911013886737905,"[0, 5, 2, 5]"
280,1120,2.1692311975711482,1.4668687743611954,0.552362423209953,0.15000000000000002,75.26666666666667,55.2362423209953,"[2, 3, 3, 5]"
281,1124,2.1632017042638894,1.4220441749675183,0.5911575292963709,0.15000000000000002,72.96666666666667,59.11575292963709,"[3, 4, 5, 5]"
282,1128,2.1919217333660286,1.4538761368557815,0.5880455965102472,0.15000000000000002,74.6,58.804559651024725,"[2, 3, 5, 5]"
283,1132,2.0370214119730305,1.4922044174967517,0.394816994476279,0.15000000000000002,76.56666666666666,39.481699447627896,"[0, 3, 4, 4]"
284,1136,1.9792594417961562,1.4538761368557815,0.3253833049403748,0.2,74.6,32.53833049403748,"[2, 0, 5, 3]"
285,1140,2.1144619317487336,1.4174967518406236,0.59696517990811,0.1,72.73333333333333,59.696517990811,"[2, 5, 5, 5]"
286,1144,1.978204826550313,1.4896058899956692,0.33859893655464357,0.15000000000000002,76.43333333333334,33.859893655464354,"[2, 0, 0, 4]"
287,1148,1.988045710813173,1.4902555218709397,0.3977901889422332,0.1,76.46666666666667,39.77901889422332,"[0, 4, 4, 4]"
288,1152,2.1866233630731102,1.4545257687310524,0.5820975943420578,0.15000000000000002,74.63333333333334,58.20975943420577,"[2, 1, 5, 5]"
289,1156,2.147618082831289,1.4363360762234734,0.5612820066078158,0.15000000000000002,73.7,56.12820066078158,"[2, 5, 3, 5]"
290,1160,2.241552996738773,1.4863577306193156,0.5551952661194569,0.2,76.26666666666667,55.51952661194569,"[1, 4, 3, 5]"
291,1164,2.0568300130094053,1.3954092680814203,0.5614207449279851,0.1,71.6,56.142074492798514,"[3, 5, 3, 5]"
292,1168,2.238891291718975,1.4987007362494587,0.5401905554695163,0.2,76.9,54.01905554695163,"[0, 3, 2, 5]"
293,1172,2.244251226294328,1.4831095712429623,0.5611416550513655,0.2,76.1,56.11416550513655,"[1, 2, 4, 5]"
294,1176,1.5297990516557336,0.8328280640970116,0.5469709875587219,0.15000000000000002,42.733333333333334,54.69709875587218,"[5, 1, 3, 5]"
295,1180,2.2503354550527472,1.4863577306193156,0.5639777244334314,0.2,76.26666666666667,56.39777244334314,"[0, 3, 4, 5]"
296,1184,1.5266844380607703,1.2869207449112168,0.08976369314955346,0.15000000000000002,66.03333333333333,8.976369314955345,"[4, 5, 5, 0]"
297,1188,2.192364609693572,1.4694673018622781,0.5728973078312942,0.15000000000000002,75.4,57.28973078312942,"[0, 5, 4, 5]"
298,1192,2.2195768141260483,1.481810307492421,0.5877665066336276,0.15000000000000002,76.03333333333333,58.77665066336276,"[0, 3, 5, 5]"
299,1196,1.8403808641117854,1.473365093113902,0.21701577099788347,0.15000000000000002,75.6,21.701577099788345,"[2, 0, 4, 2]"
300,1200,2.0803628254053383,1.347986141186661,0.5823766842186774,0.15000000000000002,69.16666666666667,58.23766842186774,"[4, 1, 5, 5]"
301,1204,2.216053689839296,1.4753139887397142,0.5907397010995818,0.15000000000000002,75.7,59.07397010995818,"[0, 4, 5, 5]"
302,1208,2.1866233630731102,1.4545257687310524,0.5820975943420578,0.15000000000000002,74.63333333333334,58.20975943420577,"[2, 1, 5, 5]"
303,1212,2.081937054066279,1.3525335643135556,0.5794034897527232,0.15000000000000002,69.4,57.940348975272315,"[4, 0, 5, 5]"
304,1216,2.205907177019784,1.4889562581203983,0.5669509188993856,0.15000000000000002,76.4,56.69509188993857,"[0, 4, 4, 5]"
305,1220,2.2110302844567764,1.4792117799913385,0.581818504465438,0.15000000000000002,75.9,58.181850446543805,"[0, 1, 5, 5]"
306,1224,2.149130032467173,1.4525768731052402,0.5465531593619327,0.15000000000000002,74.53333333333333,54.655315936193276,"[3, 1, 3, 5]"
307,1228,2.0571865387864534,1.4980511043741878,0.35913543441226575,0.2,76.86666666666666,35.91354344122657,"[0, 3, 1, 4]"
308,1232,2.2140034789227307,1.4792117799913385,0.5847916989313923,0.15000000000000002,75.9,58.47916989313923,"[0, 2, 5, 5]"
309,1236,1.4959924396523592,0.8198354265915981,0.5261570130607609,0.15000000000000002,42.06666666666667,52.61570130607609,"[5, 2, 1, 5]"
310,1240,2.2322571331397576,1.4889562581203983,0.5433008750193589,0.2,76.4,54.330087501935886,"[1, 0, 3, 5]"
311,1244,1.8134546142990018,1.3323949761801643,0.28105963811883744,0.2,68.36666666666666,28.105963811883743,"[4, 1, 2, 3]"
312,1248,2.1468156266866667,1.4831095712429623,0.5137060554437045,0.15000000000000002,76.1,51.37060554437045,"[2, 2, 0, 5]"
313,1252,2.20601178823121,1.4863577306193156,0.5196540576118941,0.2,76.26666666666667,51.96540576118941,"[2, 0, 1, 5]"
314,1256,2.0007538950077377,1.3278475530532698,0.522906341954468,0.15000000000000002,68.13333333333334,52.2906341954468,"[4, 1, 1, 5]"
315,1260,2.249584507886723,1.491554785621481,0.5580297222652418,0.2,76.53333333333333,55.80297222652418,"[0, 1, 4, 5]"
316,1264,2.2075461964357204,1.4785621481160676,0.5789840483196531,0.15000000000000002,75.86666666666666,57.89840483196531,"[1, 0, 5, 5]"
317,1268,2.055907997681255,1.44283239497618,0.4130756027050746,0.2,74.03333333333333,41.30756027050746,"[3, 1, 5, 4]"
318,1272,2.2110302844567764,1.4792117799913385,0.581818504465438,0.15000000000000002,75.9,58.181850446543805,"[0, 1, 5, 5]"
319,1276,2.081937054066279,1.3525335643135556,0.5794034897527232,0.15000000000000002,69.4,57.940348975272315,"[4, 0, 5, 5]"
320,1280,2.1919217333660286,1.4538761368557815,0.5880455965102472,0.15000000000000002,74.6,58.804559651024725,"[2, 3, 5, 5]"
321,1284,2.0967375541552733,1.4714161974880902,0.5253213566671829,0.1,75.5,52.53213566671829,"[0, 5, 0, 5]"
322,1288,2.186630906647006,1.4844088349935036,0.5522220716535027,0.15000000000000002,76.16666666666667,55.22220716535026,"[1, 3, 3, 5]"
323,1292,2.173394796922994,1.4441316587267212,0.5792631381962727,0.15000000000000002,74.1,57.926313819627275,"[3, 0, 5, 5]"
324,1296,2.1785993954990563,1.4792117799913385,0.5493876155077178,0.15000000000000002,75.9,54.93876155077177,"[2, 2, 3, 5]"
325,1300,2.176367991388948,1.4441316587267212,0.5822363326622271,0.15000000000000002,74.1,58.223633266222706,"[3, 1, 5, 5]"
326,1304,2.1344601683256745,1.4376353399740147,0.5968248283516597,0.1,73.76666666666667,59.68248283516597,"[1, 5, 5, 5]"
327,1308,1.9926351545182164,1.2810740580337807,0.5615610964844355,0.15000000000000002,65.73333333333333,56.15610964844355,"[4, 5, 3, 5]"
328,1312,2.1888472236093217,1.459722823733218,0.5791243998761035,0.15000000000000002,74.9,57.91243998761035,"[2, 0, 5, 5]"
329,1316,2.112742422392338,1.4902555218709397,0.522486900521398,0.1,76.46666666666667,52.2486900521398,"[1, 1, 1, 5]"
330,1320,2.2246019021929597,1.4811606756171503,0.5434412265758092,0.2,76.0,54.34412265758092,"[2, 0, 3, 5]"
331,1324,1.527651580966525,0.836076223473365,0.5915753574931599,0.1,42.9,59.15753574931599,"[5, 4, 5, 5]"
332,1328,2.1866233630731102,1.4545257687310524,0.5820975943420578,0.15000000000000002,74.63333333333334,58.20975943420577,"[2, 1, 5, 5]"
333,1332,2.2110302844567764,1.4792117799913385,0.581818504465438,0.15000000000000002,75.9,58.181850446543805,"[0, 1, 5, 5]"
334,1336,2.173394796922994,1.4441316587267212,0.5792631381962727,0.15000000000000002,74.1,57.926313819627275,"[3, 0, 5, 5]"
335,1340,2.11072873601153,1.5032481593763536,0.5074805766351763,0.1,77.13333333333334,50.74805766351763,"[0, 0, 0, 5]"
336,1344,2.1264693066797022,1.4382849718492854,0.5881843348304167,0.1,73.8,58.81843348304166,"[3, 3, 5, 5]"
337,1348,2.2486599111010532,1.487656994369857,0.5610029167311962,0.2,76.33333333333333,56.100291673119614,"[0, 2, 4, 5]"
338,1352,2.17657242734185,1.465569510610654,0.5610029167311962,0.15000000000000002,75.2,56.100291673119614,"[0, 5, 3, 5]"
339,1356,2.173394796922994,1.4441316587267212,0.5792631381962727,0.15000000000000002,74.1,57.926313819627275,"[3, 0, 5, 5]"
340,1360,2.1692311975711482,1.4668687743611954,0.552362423209953,0.15000000000000002,75.26666666666667,55.2362423209953,"[2, 3, 3, 5]"
341,1364,2.2112703380676986,1.473365093113902,0.5879052449537969,0.15000000000000002,75.6,58.79052449537969,"[1, 3, 5, 5]"
342,1368,2.241587908038249,1.4954525768731053,0.5461353311651438,0.2,76.73333333333333,54.613533116514375,"[0, 1, 3, 5]"
343,1372,2.102506045814312,1.4356864443482027,0.5168196014661092,0.15000000000000002,73.66666666666667,51.68196014661091,"[3, 3, 0, 5]"
344,1376,2.20601178823121,1.4863577306193156,0.5196540576118941,0.2,76.26666666666667,51.96540576118941,"[2, 0, 1, 5]"
345,1380,2.0644894386500034,1.4545257687310524,0.409963669918951,0.2,74.63333333333334,40.9963669918951,"[2, 0, 5, 4]"
346,1384,2.202589979235211,1.4740147249891729,0.5285752542460379,0.2,75.63333333333334,52.857525424603786,"[2, 3, 1, 5]"
347,1388,2.116125876608421,1.3928107405803378,0.5733151360280833,0.15000000000000002,71.46666666666667,57.33151360280832,"[3, 5, 4, 5]"
348,1392,2.2140034789227307,1.4792117799913385,0.5847916989313923,0.15000000000000002,75.9,58.47916989313923,"[0, 2, 5, 5]"
349,1396,2.2195768141260483,1.481810307492421,0.5877665066336276,0.15000000000000002,76.03333333333333,58.77665066336276,"[0, 3, 5, 5]"
350,1400,2.11072873601153,1.5032481593763536,0.5074805766351763,0.1,77.13333333333334,50.74805766351763,"[0, 0, 0, 5]"
351,1404,2.2343737480476,1.4701169337375488,0.5642568143100511,0.2,75.43333333333334,56.42568143100511,"[2, 3, 4, 5]"
352,1408,2.183997467846447,1.4727154612386313,0.5612820066078158,0.15000000000000002,75.56666666666666,56.12820066078158,"[2, 2, 4, 5]"
353,1412,1.8133037704885338,1.3155045474231268,0.34779922306540706,0.15000000000000002,67.5,34.779922306540705,"[4, 3, 0, 4]"
354,1416,2.1574107540362233,1.481810307492421,0.5256004465438026,0.15000000000000002,76.03333333333333,52.560044654380256,"[2, 2, 1, 5]"
355,1420,2.0061257154105543,1.4909051537462106,0.36522056166434363,0.15000000000000002,76.5,36.52205616643436,"[1, 1, 2, 4]"
356,1424,2.2195768141260483,1.481810307492421,0.5877665066336276,0.15000000000000002,76.03333333333333,58.77665066336276,"[0, 3, 5, 5]"
357,1428,2.1621277018165435,1.4987007362494587,0.5134269655670848,0.15000000000000002,76.9,51.34269655670848,"[0, 2, 0, 5]"
358,1432,1.6566964043474324,1.3908618449545256,0.06583455939290692,0.2,71.36666666666666,6.583455939290692,"[3, 5, 4, 0]"
359,1436,2.0765663494444677,1.3382416630576008,0.588324686386867,0.15000000000000002,68.66666666666667,58.8324686386867,"[4, 3, 5, 5]"
360,1440,2.2043977391138396,1.4694673018622781,0.5849304372515617,0.15000000000000002,75.4,58.49304372515616,"[1, 2, 5, 5]"
361,1444,1.8924955515201687,1.494153313122564,0.29834223839760465,0.1,76.66666666666667,29.834223839760465,"[0, 3, 3, 3]"
362,1448,2.183997467846447,1.4727154612386313,0.5612820066078158,0.15000000000000002,75.56666666666666,56.12820066078158,"[2, 2, 4, 5]"
363,1452,2.2282961643694184,1.5,0.5282961643694182,0.2,76.96666666666667,52.82961643694182,"[0, 3, 1, 5]"
364,1456,1.9738476507221852,1.4434820268514508,0.3803656238707346,0.15000000000000002,74.06666666666666,38.03656238707346,"[3, 2, 3, 4]"
365,1460,2.043033089115211,1.3284971849285405,0.5645359041866708,0.15000000000000002,68.16666666666667,56.453590418667076,"[4, 3, 4, 5]"
366,1464,2.2195768141260483,1.481810307492421,0.5877665066336276,0.15000000000000002,76.03333333333333,58.77665066336276,"[0, 3, 5, 5]"
367,1468,1.7169788543667597,1.487656994369857,0.12932185999690257,0.1,76.33333333333333,12.932185999690258,"[1, 3, 3, 1]"
368,1472,2.18393106385517,1.487656994369857,0.5462740694853131,0.15000000000000002,76.33333333333333,54.62740694853131,"[1, 1, 3, 5]"
369,1476,2.191213241073377,1.4980511043741878,0.5431621366991896,0.15000000000000002,76.86666666666666,54.31621366991895,"[0, 0, 3, 5]"
370,1480,2.2043977391138396,1.4694673018622781,0.5849304372515617,0.15000000000000002,75.4,58.49304372515616,"[1, 2, 5, 5]"
371,1484,2.1517726280779095,1.494153313122564,0.5076193149553456,0.15000000000000002,76.66666666666667,50.76193149553456,"[1, 0, 0, 5]"
372,1488,1.5795814151122531,1.4434820268514508,0.03609938826080223,0.1,74.06666666666666,3.609938826080223,"[3, 0, 3, 0]"
373,1492,2.1866233630731102,1.4545257687310524,0.5820975943420578,0.15000000000000002,74.63333333333334,58.20975943420577,"[2, 1, 5, 5]"
374,1496,2.2303447620497026,1.4961022087483757,0.5342425533013268,0.2,76.76666666666667,53.424255330132674,"[0, 1, 2, 5]"
375,1500,2.1692311975711482,1.4668687743611954,0.552362423209953,0.15000000000000002,75.26666666666667,55.2362423209953,"[2, 3, 3, 5]"
376,1504,2.1632017042638894,1.4220441749675183,0.5911575292963709,0.15000000000000002,72.96666666666667,59.11575292963709,"[3, 4, 5, 5]"
377,1508,2.1348746557469753,1.4473798181030748,0.5374948376439007,0.15000000000000002,74.26666666666667,53.74948376439007,"[2, 5, 1, 5]"
378,1512,2.24131294312785,1.4922044174967517,0.549108525631098,0.2,76.56666666666666,54.910852563109806,"[0, 2, 3, 5]"
379,1516,1.9685134706361316,1.4382849718492854,0.38022849878684634,0.15000000000000002,73.8,38.02284987868463,"[2, 5, 2, 4]"
380,1520,2.2246717247919126,1.4993503681247295,0.5253213566671829,0.2,76.93333333333334,52.53213566671829,"[0, 2, 1, 5]"
381,1524,2.1467159246321943,1.4889562581203983,0.507759666511796,0.15000000000000002,76.4,50.7759666511796,"[2, 0, 0, 5]"
382,1528,2.043033089115211,1.3284971849285405,0.5645359041866708,0.15000000000000002,68.16666666666667,56.453590418667076,"[4, 3, 4, 5]"
383,1532,2.017248333994334,1.4395842355998265,0.42766409839450725,0.15000000000000002,73.86666666666666,42.76640983945072,"[1, 5, 5, 4]"
384,1536,2.1919217333660286,1.4538761368557815,0.5880455965102472,0.15000000000000002,74.6,58.804559651024725,"[2, 3, 5, 5]"
385,1540,1.8587628870819672,1.4961022087483757,0.26266067833359147,0.1,76.76666666666667,26.266067833359145,"[0, 3, 0, 3]"
386,1544,2.1723481622012284,1.5,0.5223481622012287,0.15000000000000002,76.96666666666667,52.234816220122866,"[0, 1, 1, 5]"
387,1548,2.1621277018165435,1.4987007362494587,0.5134269655670848,0.15000000000000002,76.9,51.34269655670848,"[0, 2, 0, 5]"
388,1552,2.249584507886723,1.491554785621481,0.5580297222652418,0.2,76.53333333333333,55.80297222652418,"[0, 1, 4, 5]"
389,1556,2.1441439806659592,1.459073191857947,0.585070788808012,0.1,74.86666666666666,58.507078880801195,"[2, 2, 5, 5]"
390,1560,2.194526191204727,1.4863577306193156,0.5581684605854111,0.15000000000000002,76.26666666666667,55.81684605854112,"[1, 1, 4, 5]"
391,1564,2.1866233630731102,1.4545257687310524,0.5820975943420578,0.15000000000000002,74.63333333333334,58.20975943420577,"[2, 1, 5, 5]"
392,1568,2.2223132509017525,1.4909051537462106,0.5314080971555418,0.2,76.5,53.14080971555418,"[1, 0, 2, 5]"
393,1572,1.9494947833038987,1.4811606756171503,0.36833410768674824,0.1,76.0,36.833410768674824,"[2, 2, 2, 4]"
394,1576,2.180619726960102,1.4993503681247295,0.5312693588353724,0.15000000000000002,76.93333333333334,53.12693588353724,"[0, 0, 2, 5]"
395,1580,2.1621277018165435,1.4987007362494587,0.5134269655670848,0.15000000000000002,76.9,51.34269655670848,"[0, 2, 0, 5]"
396,1584,2.171388654116082,1.4870073624945863,0.5343812916214961,0.15000000000000002,76.3,53.43812916214961,"[1, 1, 2, 5]"
397,1588,2.1659572837054957,1.4844088349935036,0.5315484487119921,0.15000000000000002,76.16666666666667,53.15484487119922,"[2, 0, 2, 5]"
398,1592,2.20601178823121,1.4863577306193156,0.5196540576118941,0.2,76.26666666666667,51.96540576118941,"[2, 0, 1, 5]"
399,1596,2.180619726960102,1.4993503681247295,0.5312693588353724,0.15000000000000002,76.93333333333334,53.12693588353724,"[0, 0, 2, 5]"
400,1600,2.237553890196395,1.4883066262451274,0.5492472639512673,0.2,76.36666666666666,54.92472639512673,"[1, 2, 3, 5]"
401,1604,2.2075461964357204,1.4785621481160676,0.5789840483196531,0.15000000000000002,75.86666666666666,57.89840483196531,"[1, 0, 5, 5]"
402,1608,2.1651340022105794,1.4746643568644435,0.5404696453461361,0.15000000000000002,75.66666666666667,54.0469645346136,"[2, 3, 2, 5]"
403,1612,2.1888472236093217,1.459722823733218,0.5791243998761035,0.15000000000000002,74.9,57.91243998761035,"[2, 0, 5, 5]"
404,1616,2.183997467846447,1.4727154612386313,0.5612820066078158,0.15000000000000002,75.56666666666666,56.12820066078158,"[2, 2, 4, 5]"
405,1620,2.2094501949063305,1.4480294499783455,0.5614207449279851,0.2,74.3,56.142074492798514,"[3, 2, 4, 5]"
406,1624,2.20601178823121,1.4863577306193156,0.5196540576118941,0.2,76.26666666666667,51.96540576118941,"[2, 0, 1, 5]"
407,1628,2.180619726960102,1.4993503681247295,0.5312693588353724,0.15000000000000002,76.93333333333334,53.12693588353724,"[0, 0, 2, 5]"
408,1632,2.1574107540362233,1.481810307492421,0.5256004465438026,0.15000000000000002,76.03333333333333,52.560044654380256,"[2, 2, 1, 5]"
409,1636,2.1833179565156566,1.4961022087483757,0.537215747767281,0.15000000000000002,76.76666666666667,53.7215747767281,"[0, 2, 2, 5]"
410,1640,1.6759026680907523,1.3323949761801643,0.193507691910588,0.15000000000000002,68.36666666666666,19.3507691910588,"[4, 0, 2, 2]"
411,1644,2.199859472797122,1.4948029449978346,0.5550565277992876,0.15000000000000002,76.7,55.50565277992876,"[0, 0, 4, 5]"
412,1648,1.9426998647860665,1.485708098744045,0.25699176604202156,0.2,76.23333333333333,25.699176604202158,"[2, 1, 0, 3]"
413,1652,2.126642127253799,1.4538761368557815,0.5227659903980176,0.15000000000000002,74.6,52.276599039801766,"[3, 1, 1, 5]"
414,1656,2.2075461964357204,1.4785621481160676,0.5789840483196531,0.15000000000000002,75.86666666666666,57.89840483196531,"[1, 0, 5, 5]"
415,1660,2.161103402976401,1.5006496318752705,0.5104537711011305,0.15000000000000002,77.0,51.04537711011306,"[0, 1, 0, 5]"
416,1664,2.2223132509017525,1.4909051537462106,0.5314080971555418,0.2,76.5,53.14080971555418,"[1, 0, 2, 5]"
417,1668,2.2013240135478647,1.481810307492421,0.5195137060554437,0.2,76.03333333333333,51.95137060554437,"[1, 4, 0, 5]"
418,1672,2.161718123552195,1.4922044174967517,0.5195137060554437,0.15000000000000002,76.56666666666666,51.95137060554437,"[1, 0, 1, 5]"
419,1676,2.1441439806659592,1.459073191857947,0.585070788808012,0.1,74.86666666666666,58.507078880801195,"[2, 2, 5, 5]"
420,1680,2.1441439806659592,1.459073191857947,0.585070788808012,0.1,74.86666666666666,58.507078880801195,"[2, 2, 5, 5]"
421,1684,2.2303447620497026,1.4961022087483757,0.5342425533013268,0.2,76.76666666666667,53.424255330132674,"[0, 1, 2, 5]"
422,1688,2.1344601683256745,1.4376353399740147,0.5968248283516597,0.1,73.76666666666667,59.68248283516597,"[1, 5, 5, 5]"
423,1692,2.2043977391138396,1.4694673018622781,0.5849304372515617,0.15000000000000002,75.4,58.49304372515616,"[1, 2, 5, 5]"
424,1696,2.2246717247919126,1.4993503681247295,0.5253213566671829,0.2,76.93333333333334,52.53213566671829,"[0, 2, 1, 5]"
425,1700,2.2112703380676986,1.473365093113902,0.5879052449537969,0.15000000000000002,75.6,58.79052449537969,"[1, 3, 5, 5]"
426,1704,2.1919217333660286,1.4538761368557815,0.5880455965102472,0.15000000000000002,74.6,58.804559651024725,"[2, 3, 5, 5]"
427,1708,2.1632017042638894,1.4220441749675183,0.5911575292963709,0.15000000000000002,72.96666666666667,59.11575292963709,"[3, 4, 5, 5]"
428,1712,2.171388654116082,1.4870073624945863,0.5343812916214961,0.15000000000000002,76.3,53.43812916214961,"[1, 1, 2, 5]"
429,1716,2.1441439806659592,1.459073191857947,0.585070788808012,0.1,74.86666666666666,58.507078880801195,"[2, 2, 5, 5]"
430,1720,2.0765663494444677,1.3382416630576008,0.588324686386867,0.15000000000000002,68.66666666666667,58.8324686386867,"[4, 3, 5, 5]"
431,1724,2.183997467846447,1.4727154612386313,0.5612820066078158,0.15000000000000002,75.56666666666666,56.12820066078158,"[2, 2, 4, 5]"
432,1728,2.199859472797122,1.4948029449978346,0.5550565277992876,0.15000000000000002,76.7,55.50565277992876,"[0, 0, 4, 5]"
433,1732,2.176367991388948,1.4441316587267212,0.5822363326622271,0.15000000000000002,74.1,58.223633266222706,"[3, 1, 5, 5]"
434,1736,2.2043977391138396,1.4694673018622781,0.5849304372515617,0.15000000000000002,75.4,58.49304372515616,"[1, 2, 5, 5]"
435,1740,2.1388688531324,1.4421827631009094,0.5966860900314904,0.1,74.0,59.66860900314904,"[0, 5, 5, 5]"
436,1744,1.6927821071384967,1.4811606756171503,0.11162143152134635,0.1,76.0,11.162143152134634,"[2, 1, 2, 1]"
437,1748,2.1888472236093217,1.459722823733218,0.5791243998761035,0.15000000000000002,74.9,57.91243998761035,"[2, 0, 5, 5]"
438,1752,2.1514245446478855,1.4694673018622781,0.5819572427856073,0.1,75.4,58.19572427856073,"[1, 1, 5, 5]"
439,1756,2.1942452959567125,1.4532265049805109,0.5910187909762016,0.15000000000000002,74.56666666666666,59.101879097620156,"[2, 4, 5, 5]"
440,1760,1.8900706736387314,1.5006496318752705,0.28942104176346084,0.1,77.0,28.942104176346085,"[0, 0, 3, 3]"
441,1764,2.2223132509017525,1.4909051537462106,0.5314080971555418,0.2,76.5,53.14080971555418,"[1, 0, 2, 5]"
442,1768,2.186630906647006,1.4844088349935036,0.5522220716535027,0.15000000000000002,76.16666666666667,55.22220716535026,"[1, 3, 3, 5]"
443,1772,2.2110302844567764,1.4792117799913385,0.581818504465438,0.15000000000000002,75.9,58.181850446543805,"[0, 1, 5, 5]"
444,1776,2.199859472797122,1.4948029449978346,0.5550565277992876,0.15000000000000002,76.7,55.50565277992876,"[0, 0, 4, 5]"
445,1780,2.0820616815645017,1.3323949761801643,0.5496667053843374,0.2,68.36666666666666,54.96667053843374,"[4, 2, 3, 5]"
446,1784,2.2043977391138396,1.4694673018622781,0.5849304372515617,0.15000000000000002,75.4,58.49304372515616,"[1, 2, 5, 5]"
447,1788,2.180619726960102,1.4993503681247295,0.5312693588353724,0.15000000000000002,76.93333333333334,53.12693588353724,"[0, 0, 2, 5]"
448,1792,2.1785993954990563,1.4792117799913385,0.5493876155077178,0.15000000000000002,75.9,54.93876155077177,"[2, 2, 3, 5]"
449,1796,1.9792594417961562,1.4538761368557815,0.3253833049403748,0.2,74.6,32.53833049403748,"[2, 0, 5, 3]"
450,1800,2.1388688531324,1.4421827631009094,0.5966860900314904,0.1,74.0,59.66860900314904,"[0, 5, 5, 5]"
451,1804,2.2486599111010532,1.487656994369857,0.5610029167311962,0.2,76.33333333333333,56.100291673119614,"[0, 2, 4, 5]"
452,1808,2.2043977391138396,1.4694673018622781,0.5849304372515617,0.15000000000000002,75.4,58.49304372515616,"[1, 2, 5, 5]"
453,1812,1.999907310248368,1.4746643568644435,0.32524295338392445,0.2,75.66666666666667,32.52429533839244,"[1, 0, 5, 3]"
454,1816,2.2043977391138396,1.4694673018622781,0.5849304372515617,0.15000000000000002,75.4,58.49304372515616,"[1, 2, 5, 5]"
455,1820,2.194526191204727,1.4863577306193156,0.5581684605854111,0.15000000000000002,76.26666666666667,55.81684605854112,"[1, 1, 4, 5]"
456,1824,2.1888472236093217,1.459722823733218,0.5791243998761035,0.15000000000000002,74.9,57.91243998761035,"[2, 0, 5, 5]"
457,1828,2.2075461964357204,1.4785621481160676,0.5789840483196531,0.15000000000000002,75.86666666666666,57.89840483196531,"[1, 0, 5, 5]"
458,1832,2.214243532533653,1.473365093113902,0.5908784394197512,0.15000000000000002,75.6,59.087843941975116,"[1, 4, 5, 5]"
459,1836,2.162604513117717,1.4837592031182332,0.5788453099994838,0.1,76.13333333333334,57.884530999948375,"[0, 0, 5, 5]"
460,1840,1.985464278446488,1.2882200086617581,0.5972442697847298,0.1,66.1,59.72442697847298,"[4, 5, 5, 5]"
461,1844,2.162604513117717,1.4837592031182332,0.5788453099994838,0.1,76.13333333333334,57.884530999948375,"[0, 0, 5, 5]"
462,1848,2.162425002608566,1.4480294499783455,0.5643955526302205,0.15000000000000002,74.3,56.439555263022044,"[3, 3, 4, 5]"
463,1852,2.1144619317487336,1.4174967518406236,0.59696517990811,0.1,72.73333333333333,59.696517990811,"[2, 5, 5, 5]"
464,1856,2.001888168493535,1.4987007362494587,0.35318743224407617,0.15000000000000002,76.9,35.31874322440762,"[0, 1, 1, 4]"
465,1860,2.2195768141260483,1.481810307492421,0.5877665066336276,0.15000000000000002,76.03333333333333,58.77665066336276,"[0, 3, 5, 5]"
466,1864,2.2110302844567764,1.4792117799913385,0.581818504465438,0.15000000000000002,75.9,58.181850446543805,"[0, 1, 5, 5]"
467,1868,2.249584507886723,1.491554785621481,0.5580297222652418,0.2,76.53333333333333,55.80297222652418,"[0, 1, 4, 5]"
468,1872,2.2112703380676986,1.473365093113902,0.5879052449537969,0.15000000000000002,75.6,58.79052449537969,"[1, 3, 5, 5]"
469,1876,2.1441439806659592,1.459073191857947,0.585070788808012,0.1,74.86666666666666,58.507078880801195,"[2, 2, 5, 5]"
470,1880,2.244251226294328,1.4831095712429623,0.5611416550513655,0.2,76.1,56.11416550513655,"[1, 2, 4, 5]"
471,1884,2.216053689839296,1.4753139887397142,0.5907397010995818,0.15000000000000002,75.7,59.07397010995818,"[0, 4, 5, 5]"
472,1888,2.2075461964357204,1.4785621481160676,0.5789840483196531,0.15000000000000002,75.86666666666666,57.89840483196531,"[1, 0, 5, 5]"
473,1892,2.2140034789227307,1.4792117799913385,0.5847916989313923,0.15000000000000002,75.9,58.47916989313923,"[0, 2, 5, 5]"
474,1896,2.112742422392338,1.4902555218709397,0.522486900521398,0.1,76.46666666666667,52.2486900521398,"[1, 1, 1, 5]"
475,1900,2.2336228008815757,1.4753139887397142,0.5583088121418616,0.2,75.7,55.83088121418616,"[2, 1, 4, 5]"
476,1904,2.1919217333660286,1.4538761368557815,0.5880455965102472,0.15000000000000002,74.6,58.804559651024725,"[2, 3, 5, 5]"
477,1908,2.216053689839296,1.4753139887397142,0.5907397010995818,0.15000000000000002,75.7,59.07397010995818,"[0, 4, 5, 5]"
478,1912,2.1517726280779095,1.494153313122564,0.5076193149553456,0.15000000000000002,76.66666666666667,50.76193149553456,"[1, 0, 0, 5]"
479,1916,2.214243532533653,1.473365093113902,0.5908784394197512,0.15000000000000002,75.6,59.087843941975116,"[1, 4, 5, 5]"
480,1920,2.2246717247919126,1.4993503681247295,0.5253213566671829,0.2,76.93333333333334,52.53213566671829,"[0, 2, 1, 5]"
481,1924,2.1144619317487336,1.4174967518406236,0.59696517990811,0.1,72.73333333333333,59.696517990811,"[2, 5, 5, 5]"
482,1928,2.1264693066797022,1.4382849718492854,0.5881843348304167,0.1,73.8,58.81843348304166,"[3, 3, 5, 5]"
483,1932,2.162604513117717,1.4837592031182332,0.5788453099994838,0.1,76.13333333333334,57.884530999948375,"[0, 0, 5, 5]"
484,1936,2.1866233630731102,1.4545257687310524,0.5820975943420578,0.15000000000000002,74.63333333333334,58.20975943420577,"[2, 1, 5, 5]"
485,1940,2.1344601683256745,1.4376353399740147,0.5968248283516597,0.1,73.76666666666667,59.68248283516597,"[1, 5, 5, 5]"
486,1944,2.216053689839296,1.4753139887397142,0.5907397010995818,0.15000000000000002,75.7,59.07397010995818,"[0, 4, 5, 5]"
487,1948,2.1467159246321943,1.4889562581203983,0.507759666511796,0.15000000000000002,76.4,50.7759666511796,"[2, 0, 0, 5]"
488,1952,2.2140034789227307,1.4792117799913385,0.5847916989313923,0.15000000000000002,75.9,58.47916989313923,"[0, 2, 5, 5]"
489,1956,2.1144619317487336,1.4174967518406236,0.59696517990811,0.1,72.73333333333333,59.696517990811,"[2, 5, 5, 5]"
490,1960,2.1888472236093217,1.459722823733218,0.5791243998761035,0.15000000000000002,74.9,57.91243998761035,"[2, 0, 5, 5]"
491,1964,2.2322571331397576,1.4889562581203983,0.5433008750193589,0.2,76.4,54.330087501935886,"[1, 0, 3, 5]"
492,1968,2.2112703380676986,1.473365093113902,0.5879052449537969,0.15000000000000002,75.6,58.79052449537969,"[1, 3, 5, 5]"
493,1972,2.2503354550527472,1.4863577306193156,0.5639777244334314,0.2,76.26666666666667,56.39777244334314,"[0, 3, 4, 5]"
494,1976,2.1441439806659592,1.459073191857947,0.585070788808012,0.1,74.86666666666666,58.507078880801195,"[2, 2, 5, 5]"
495,1980,2.1942452959567125,1.4532265049805109,0.5910187909762016,0.15000000000000002,74.56666666666666,59.101879097620156,"[2, 4, 5, 5]"
496,1984,1.9357773900719417,1.44283239497618,0.3429449950957617,0.15000000000000002,74.03333333333333,34.29449950957617,"[0, 5, 5, 3]"
497,1988,2.1441439806659592,1.459073191857947,0.585070788808012,0.1,74.86666666666666,58.507078880801195,"[2, 2, 5, 5]"
498,1992,2.238891291718975,1.4987007362494587,0.5401905554695163,0.2,76.9,54.01905554695163,"[0, 3, 2, 5]"
499,1996,2.199859472797122,1.4948029449978346,0.5550565277992876,0.15000000000000002,76.7,55.50565277992876,"[0, 0, 4, 5]"
500,2000,2.1866233630731102,1.4545257687310524,0.5820975943420578,0.15000000000000002,74.63333333333334,58.20975943420577,"[2, 1, 5, 5]"
501,2004,2.216053689839296,1.4753139887397142,0.5907397010995818,0.15000000000000002,75.7,59.07397010995818,"[0, 4, 5, 5]"
502,2008,2.214243532533653,1.473365093113902,0.5908784394197512,0.15000000000000002,75.6,59.087843941975116,"[1, 4, 5, 5]"
503,2012,2.2112703380676986,1.473365093113902,0.5879052449537969,0.15000000000000002,75.6,58.79052449537969,"[1, 3, 5, 5]"
504,2016,2.040099217650411,1.4896058899956692,0.3504933276547416,0.2,76.43333333333334,35.04933276547416,"[2, 0, 1, 4]"
505,2020,2.1723481622012284,1.5,0.5223481622012287,0.15000000000000002,76.96666666666667,52.234816220122866,"[0, 1, 1, 5]"
506,2024,2.176367991388948,1.4441316587267212,0.5822363326622271,0.15000000000000002,74.1,58.223633266222706,"[3, 1, 5, 5]"
507,2028,2.2110302844567764,1.4792117799913385,0.581818504465438,0.15000000000000002,75.9,58.181850446543805,"[0, 1, 5, 5]"
508,2032,2.1527969269180516,1.4922044174967517,0.5105925094212999,0.15000000000000002,76.56666666666666,51.059250942129985,"[1, 1, 0, 5]"
509,2036,2.2486599111010532,1.487656994369857,0.5610029167311962,0.2,76.33333333333333,56.100291673119614,"[0, 2, 4, 5]"
510,2040,2.161103402976401,1.5006496318752705,0.5104537711011305,0.15000000000000002,77.0,51.04537711011306,"[0, 1, 0, 5]"
511,2044,2.249584507886723,1.491554785621481,0.5580297222652418,0.2,76.53333333333333,55.80297222652418,"[0, 1, 4, 5]"
512,2048,2.2322571331397576,1.4889562581203983,0.5433008750193589,0.2,76.4,54.330087501935886,"[1, 0, 3, 5]"
