setting,unit_index,unit,params,raw_sensitivity,normalized_sensitivity,rank,most_sensitive,dense_val_rl_accuracy,threads,data
cifar10_simplecnn,0,features.0,864,0.78568623519315106,1,1,True,76.879999999999995,1,"VAL-RL (2,500)"
cifar10_simplecnn,1,features.3,18432,0.022599146684820638,0.030197435470963006,2,False,76.879999999999995,1,"VAL-RL (2,500)"
cifar10_simplecnn,2,features.6,73728,0.0080251187498882742,0.011675395353046724,3,False,76.879999999999995,1,"VAL-RL (2,500)"
cifar10_simplecnn,3,classifier.1,524288,-0.0011616412907667424,0,4,False,76.879999999999995,1,"VAL-RL (2,500)"
cifar10_lenet5,0,conv1,450,0.20766148884497404,1,1,True,64.200000000000003,1,"VAL-RL (2,500)"
cifar10_lenet5,1,conv2,2400,0.095994950638755489,0.44022331416480537,2,False,64.200000000000003,1,"VAL-RL (2,500)"
cifar10_lenet5,2,fc1,48000,0.0165139849415116,0.041790692542562742,3,False,64.200000000000003,1,"VAL-RL (2,500)"
cifar10_lenet5,3,fc2,10080,0.0081774070104286903,0,4,False,64.200000000000003,1,"VAL-RL (2,500)"
cifar10_resnet8,0,stem,432,1.238220720949498,1,1,True,78.920000000000002,1,"VAL-RL (2,500)"
cifar10_resnet8,1,stage1,4608,0.28586649725716268,0.14500245816873911,3,False,78.920000000000002,1,"VAL-RL (2,500)"
cifar10_resnet8,2,stage2,14336,0.48043572233870901,0.31968138017295128,2,False,78.920000000000002,1,"VAL-RL (2,500)"
cifar10_resnet8,3,stage3,57344,0.12435292940877288,0,4,False,78.920000000000002,1,"VAL-RL (2,500)"
cifar100_simplecnn,0,features.0,864,0.33078000360051418,1,1,True,48.960000000000001,1,"VAL-RL (2,500)"
cifar100_simplecnn,1,features.3,18432,0.039663734361709807,0.11859212650387305,2,False,48.960000000000001,1,"VAL-RL (2,500)"
cifar100_simplecnn,2,features.6,73728,0.0037897839315200791,0.0099771650479014221,3,False,48.960000000000001,1,"VAL-RL (2,500)"
cifar100_simplecnn,3,classifier.1,524288,0.00049447065640259482,0,4,False,48.960000000000001,1,"VAL-RL (2,500)"
cifar100_lenet5,0,conv1,450,0.080071793642215505,1,1,True,32.759999999999998,1,"VAL-RL (2,500)"
cifar100_lenet5,1,conv2,2400,0.04816425083747692,0.56441307634522164,2,False,32.759999999999998,1,"VAL-RL (2,500)"
cifar100_lenet5,2,fc1,48000,0.0068199555543791111,0,4,False,32.759999999999998,1,"VAL-RL (2,500)"
cifar100_lenet5,3,fc2,10080,0.011134197526166987,0.058896023422847922,3,False,32.759999999999998,1,"VAL-RL (2,500)"
cifar100_resnet8,0,stem,432,0.82917352604567518,1,1,True,43.759999999999998,1,"VAL-RL (2,500)"
cifar100_resnet8,1,stage1,4608,0.3235903624290532,0.30868644401709133,3,False,43.759999999999998,1,"VAL-RL (2,500)"
cifar100_resnet8,2,stage2,14336,0.82729139125942208,0.99742644655605972,2,False,43.759999999999998,1,"VAL-RL (2,500)"
cifar100_resnet8,3,stage3,57344,0.097836552770524346,0,4,False,43.759999999999998,1,"VAL-RL (2,500)"
