setting,matched_to,method,n_runs,baseline_test_mean,baseline_test_sd,ppo_test_mean,ppo_minus_baseline_mean,ppo_wins,ties,baseline_wins,sparsity_mean
cifar10_simplecnn,P0,uniform,20,45.077999999999996,10.435804056985234,76.442999999999998,31.364999999999998,20,0,0,55.059471955500484
cifar10_simplecnn,P0,global,20,76.508999999999986,0.18705192074029045,76.442999999999998,-0.066000000000002501,15,0,5,55.059471955500484
cifar10_simplecnn,P0,lamp,20,76.989499999999992,0.026847522673129245,76.442999999999998,-0.54649999999999821,1,0,19,55.059471955500484
cifar10_simplecnn,P0,erk,20,75.695000000000022,0.32315060852406441,76.442999999999998,0.74799999999999689,17,0,3,55.059471955500484
cifar10_simplecnn,P0,random,20,16.8399,5.3401107114484354,76.442999999999998,59.603099999999998,20,0,0,55.059471955500484
cifar10_simplecnn,P1,uniform,20,42.413500000000006,7.3916569433666952,76.510999999999996,34.097500000000004,20,0,0,56.865167324867073
cifar10_simplecnn,P1,global,20,76.495999999999981,0.13248237221369763,76.510999999999996,0.014999999999997727,18,0,2,56.865167324867073
cifar10_simplecnn,P1,lamp,20,76.994,0.026635947218196714,76.510999999999996,-0.48299999999999699,0,0,20,56.865167324867073
cifar10_simplecnn,P1,erk,20,75.636500000000012,0.2384881107044283,76.510999999999996,0.87449999999999828,18,0,2,56.865167324867073
cifar10_simplecnn,P1,random,20,15.564250000000005,3.9868745822022706,76.510999999999996,60.946749999999994,20,0,0,56.865167324867073
cifar10_simplecnn,P2,uniform,20,44.342499999999994,8.7701250516199956,76.239999999999981,31.89749999999999,20,0,0,55.953358112642604
cifar10_simplecnn,P2,global,20,76.470999999999975,0.18903912154282834,76.239999999999981,-0.23100000000000237,13,0,7,55.953358112642604
cifar10_simplecnn,P2,lamp,20,76.981500000000011,0.036168465473901089,76.239999999999981,-0.74150000000000138,0,0,20,55.953358112642604
cifar10_simplecnn,P2,erk,20,75.659499999999994,0.30482911520011458,76.239999999999981,0.58049999999999646,14,0,6,55.953358112642604
cifar10_simplecnn,P2,random,20,16.187350000000002,4.38838809005623,76.239999999999981,60.052649999999993,20,0,0,55.953358112642604
cifar10_simplecnn,P3,uniform,20,43.912999999999997,9.3143178409427954,76.361000000000004,32.447999999999993,20,0,0,56.037690039233915
cifar10_simplecnn,P3,global,20,76.474499999999992,0.16640075278169944,76.361000000000004,-0.11350000000000122,16,0,4,56.037690039233915
cifar10_simplecnn,P3,lamp,20,77,0.029735677667001498,76.361000000000004,-0.63899999999999935,0,0,20,56.037690039233915
cifar10_simplecnn,P3,erk,20,75.650999999999996,0.3022355303227483,76.361000000000004,0.70999999999999663,18,0,2,56.037690039233915
cifar10_simplecnn,P3,random,20,16.163550000000004,4.8837728348717837,76.361000000000004,60.197449999999989,20,0,0,56.037690039233915
cifar10_lenet5,P0,uniform,20,45.380499999999998,9.5595642242674828,61.671000000000006,16.290500000000002,20,0,0,51.540310830500246
cifar10_lenet5,P0,global,20,58.935000000000002,2.3531177526623557,61.671000000000006,2.7359999999999984,18,0,2,51.540310830500246
cifar10_lenet5,P0,lamp,20,63.313499999999998,0.63698529273280224,61.671000000000006,-1.6425000000000005,0,0,20,51.540310830500246
cifar10_lenet5,P0,erk,20,59.737499999999997,2.0978155932202176,61.671000000000006,1.9334999999999991,19,0,1,51.540310830500246
cifar10_lenet5,P0,random,20,12.9856,2.9161393801069466,61.671000000000006,48.685400000000001,20,0,0,51.540310830500246
cifar10_lenet5,P1,uniform,20,43.698500000000003,8.3176326813013706,62.174500000000002,18.475999999999999,20,0,0,53.197425934919863
cifar10_lenet5,P1,global,20,58.577999999999989,1.8494539734743332,62.174500000000002,3.5964999999999989,20,0,0,53.197425934919863
cifar10_lenet5,P1,lamp,20,63.206000000000003,0.55452587619372795,62.174500000000002,-1.0315000000000007,0,0,20,53.197425934919863
cifar10_lenet5,P1,erk,20,59.575499999999998,1.737361808211398,62.174500000000002,2.5989999999999984,20,0,0,53.197425934919863
cifar10_lenet5,P1,random,20,12.407049999999998,2.5411044319764828,62.174500000000002,49.767449999999997,20,0,0,53.197425934919863
cifar10_lenet5,P2,uniform,20,48.602000000000004,10.275877014690893,62.537500000000001,13.935499999999999,20,0,0,48.592034968431271
cifar10_lenet5,P2,global,20,59.732500000000002,2.4408106397152896,62.537500000000001,2.8049999999999988,19,0,1,48.592034968431271
cifar10_lenet5,P2,lamp,20,63.527999999999999,0.70184418723666564,62.537500000000001,-0.99050000000000116,0,0,20,48.592034968431271
cifar10_lenet5,P2,erk,20,60.381000000000007,2.2947856223690222,62.537500000000001,2.1564999999999985,20,0,0,48.592034968431271
cifar10_lenet5,P2,random,20,13.931650000000001,3.1623585680877326,62.537500000000001,48.605849999999997,20,0,0,48.592034968431271
cifar10_lenet5,P3,uniform,20,49.872000000000007,10.257032811942407,62.833500000000001,12.961499999999997,20,0,0,47.451432734337061
cifar10_lenet5,P3,global,20,59.977499999999985,2.326266208688121,62.833500000000001,2.8559999999999994,20,0,0,47.451432734337061
cifar10_lenet5,P3,lamp,20,63.616,0.70656619610174232,62.833500000000001,-0.78250000000000208,0,0,20,47.451432734337061
cifar10_lenet5,P3,erk,20,60.836500000000015,2.0967726453566184,62.833500000000001,1.9969999999999981,20,0,0,47.451432734337061
cifar10_lenet5,P3,random,20,14.2898,3.1936794421086416,62.833500000000001,48.543699999999994,20,0,0,47.451432734337061
cifar10_resnet8,P0,uniform,20,62.786500000000004,4.1838439577926287,76.951499999999996,14.165000000000003,20,0,0,28.345656670113755
cifar10_resnet8,P0,global,20,69.572999999999993,2.8207261103257943,76.951499999999996,7.3785000000000025,20,0,0,28.345656670113755
cifar10_resnet8,P0,lamp,20,76.799000000000007,1.3658500341507012,76.951499999999996,0.15249999999999631,8,0,12,28.345656670113755
cifar10_resnet8,P0,erk,20,77.012500000000017,0.93603235998942158,76.951499999999996,-0.060999999999999235,11,0,9,28.345656670113755
cifar10_resnet8,P0,random,20,12.590350000000001,1.6705738464120017,76.951499999999996,64.361149999999981,20,0,0,28.345656670113755
cifar10_resnet8,P1,uniform,20,60.938500000000012,1.4298629857069303,76.873999999999995,15.935500000000005,20,0,0,30.308234229576009
cifar10_resnet8,P1,global,20,68.649000000000001,1.2306006235724272,76.873999999999995,8.2250000000000068,20,0,0,30.308234229576009
cifar10_resnet8,P1,lamp,20,76.628999999999991,1.2537434472725852,76.873999999999995,0.24500000000000099,9,0,11,30.308234229576009
cifar10_resnet8,P1,erk,20,76.694500000000005,0.66493747232748024,76.873999999999995,0.17950000000000443,16,0,4,30.308234229576009
cifar10_resnet8,P1,random,20,11.914100000000001,0.59203146253520911,76.873999999999995,64.95989999999999,20,0,0,30.308234229576009
cifar10_resnet8,P2,uniform,20,64.286500000000004,6.1883857898656052,77.001500000000007,12.715000000000003,19,1,0,26.955985005170628
cifar10_resnet8,P2,global,20,70.908499999999989,3.6573664309891512,77.001500000000007,6.0930000000000026,19,0,1,26.955985005170628
cifar10_resnet8,P2,lamp,20,77.203999999999994,1.3065680234874852,77.001500000000007,-0.20250000000000129,6,0,14,26.955985005170628
cifar10_resnet8,P2,erk,20,77.278000000000006,0.91345267500494098,77.001500000000007,-0.27649999999999791,12,0,8,26.955985005170628
cifar10_resnet8,P2,random,20,12.9496,1.8133376728534254,77.001500000000007,64.051899999999989,20,0,0,26.955985005170628
cifar10_resnet8,P3,uniform,20,61.706499999999991,4.0464946168517919,76.494500000000002,14.788000000000006,20,0,0,29.204433815925547
cifar10_resnet8,P3,global,20,69.426500000000004,2.4015483492289338,76.494500000000002,7.0680000000000032,19,0,1,29.204433815925547
cifar10_resnet8,P3,lamp,20,76.909999999999997,1.2932863076999646,76.494500000000002,-0.41550000000000153,7,0,13,29.204433815925547
cifar10_resnet8,P3,erk,20,76.861000000000004,1.0096372459557199,76.494500000000002,-0.36649999999999777,13,0,7,29.204433815925547
cifar10_resnet8,P3,random,20,12.24405,0.94003104512003932,76.494500000000002,64.250449999999972,20,0,0,29.204433815925547
cifar100_simplecnn,P0,uniform,20,19.9635,1.3264248545382589,49.656500000000001,29.693000000000001,20,0,0,53.277532539445517
cifar100_simplecnn,P0,global,20,49.665000000000006,0.23385780654964375,49.656500000000001,-0.00849999999999973,8,0,12,53.277532539445517
cifar100_simplecnn,P0,lamp,20,50.302999999999997,0.039749213828701474,49.656500000000001,-0.64649999999999963,6,0,14,53.277532539445517
cifar100_simplecnn,P0,erk,20,45.307000000000002,1.257981256658961,49.656500000000001,4.3495000000000008,20,0,0,53.277532539445517
cifar100_simplecnn,P0,random,20,2.3686499999999997,0.29885716972282389,49.656500000000001,47.287849999999999,20,0,0,53.277532539445517
cifar100_simplecnn,P1,uniform,20,19.593,1.1642802158641323,49.477499999999999,29.884500000000003,20,0,0,54.322636690557978
cifar100_simplecnn,P1,global,20,49.590000000000003,0.20667798497586595,49.477499999999999,-0.1124999999999993,5,0,15,54.322636690557978
cifar100_simplecnn,P1,lamp,20,50.297999999999995,0.043115511923446842,49.477499999999999,-0.82050000000000023,3,0,17,54.322636690557978
cifar100_simplecnn,P1,erk,20,44.932000000000002,1.0920362438558224,49.477499999999999,4.5454999999999997,20,0,0,54.322636690557978
cifar100_simplecnn,P1,random,20,2.2684000000000002,0.25001334701213551,49.477499999999999,47.209099999999992,20,0,0,54.322636690557978
cifar100_simplecnn,P2,uniform,20,20.258500000000002,3.1937707049488506,49.520499999999998,29.261999999999993,20,0,0,53.394469227514811
cifar100_simplecnn,P2,global,20,49.643000000000001,0.27370941179517916,49.520499999999998,-0.12249999999999979,5,0,15,53.394469227514811
cifar100_simplecnn,P2,lamp,20,50.308500000000002,0.066670833203131732,49.520499999999998,-0.78800000000000026,3,0,17,53.394469227514811
cifar100_simplecnn,P2,erk,20,45.176000000000002,1.4004262509002479,49.520499999999998,4.3445000000000009,20,0,0,53.394469227514811
cifar100_simplecnn,P2,random,20,2.403,0.58592230489069186,49.520499999999998,47.1175,20,0,0,53.394469227514811
cifar100_simplecnn,P3,uniform,20,19.634,1.252014797289384,49.4955,29.861499999999999,20,0,0,54.209961861032319
cifar100_simplecnn,P3,global,20,49.599000000000004,0.2145717889928194,49.4955,-0.10349999999999966,5,0,15,54.209961861032319
cifar100_simplecnn,P3,lamp,20,50.288500000000006,0.024978938496680748,49.4955,-0.79300000000000037,5,0,15,54.209961861032319
cifar100_simplecnn,P3,erk,20,44.944499999999998,1.1522996457884582,49.4955,4.5510000000000002,20,0,0,54.209961861032319
cifar100_simplecnn,P3,random,20,2.2925,0.28291480956938986,49.4955,47.202999999999989,20,0,0,54.209961861032319
cifar100_lenet5,P0,uniform,20,27.513500000000004,1.8514355028065743,31.184999999999995,3.6715000000000009,20,0,0,34.590437040242321
cifar100_lenet5,P0,global,20,31.318499999999993,0.40288793008791735,31.184999999999995,-0.1334999999999999,1,0,19,34.590437040242321
cifar100_lenet5,P0,lamp,20,31.862499999999994,0.19983875078620159,31.184999999999995,-0.67749999999999988,1,0,19,34.590437040242321
cifar100_lenet5,P0,erk,20,30.883000000000003,0.96528752193323208,31.184999999999995,0.30200000000000066,11,0,9,34.590437040242321
cifar100_lenet5,P0,random,20,3.2940499999999999,0.3087353618946338,31.184999999999995,27.890949999999997,20,0,0,34.590437040242321
cifar100_lenet5,P1,uniform,20,25.179499999999997,5.9840080521688019,30.805500000000002,5.6260000000000003,20,0,0,36.980311553440075
cifar100_lenet5,P1,global,20,30.1675,2.4510446215526365,30.805500000000002,0.63800000000000023,5,0,15,36.980311553440075
cifar100_lenet5,P1,lamp,20,31.498999999999995,0.78915611156541954,30.805500000000002,-0.69349999999999934,1,0,19,36.980311553440075
cifar100_lenet5,P1,erk,20,29.398000000000003,3.3396873474843973,30.805500000000002,1.4075000000000004,14,0,6,36.980311553440075
cifar100_lenet5,P1,random,20,3.2235,1.2167705963781859,30.805500000000002,27.582000000000001,20,0,0,36.980311553440075
cifar100_lenet5,P2,uniform,20,27.521000000000004,3.1703011645085413,31.149499999999996,3.6285000000000003,20,0,0,34.37234963219386
cifar100_lenet5,P2,global,20,31.136999999999993,1.2947102906990839,31.149499999999996,0.012500000000000355,2,0,18,34.37234963219386
cifar100_lenet5,P2,lamp,20,31.830999999999996,0.42769763052639759,31.149499999999996,-0.68149999999999944,0,1,19,34.37234963219386
cifar100_lenet5,P2,erk,20,30.786000000000008,1.6753394000211299,31.149499999999996,0.36350000000000121,10,0,10,34.37234963219386
cifar100_lenet5,P2,random,20,3.4390499999999995,0.70285369256901165,31.149499999999996,27.710449999999998,20,0,0,34.37234963219386
cifar100_lenet5,P3,uniform,20,26.854499999999994,4.4026194057150736,31.046999999999997,4.1924999999999999,20,0,0,35.034400692340981
cifar100_lenet5,P3,global,20,30.853500000000004,1.8461005133153392,31.046999999999997,0.19350000000000023,3,0,17,35.034400692340981
cifar100_lenet5,P3,lamp,20,31.735999999999997,0.59252714794567174,31.046999999999997,-0.6889999999999995,0,0,20,35.034400692340981
cifar100_lenet5,P3,erk,20,30.406500000000001,2.4541270824556141,31.046999999999997,0.64050000000000062,11,0,9,35.034400692340981
cifar100_lenet5,P3,random,20,3.4159999999999995,0.93777485795393678,31.046999999999997,27.631,20,0,0,35.034400692340981
cifar100_resnet8,P0,uniform,20,42.781500000000008,0.9324403466174126,43.0105,0.22899999999999993,1,19,0,9.457290664100098
cifar100_resnet8,P0,global,20,42.735500000000002,0.02012461179749887,43.0105,0.27500000000000002,20,0,0,9.457290664100098
cifar100_resnet8,P0,lamp,20,43.759999999999998,0.089442719099991269,43.0105,-0.74949999999999939,1,0,19,9.457290664100098
cifar100_resnet8,P0,erk,20,43.808000000000007,0.14310835055998666,43.0105,-0.79750000000000154,1,0,19,9.457290664100098
cifar100_resnet8,P0,random,20,4.2530999999999999,0.35732366280446637,43.0105,38.757400000000004,20,0,0,9.457290664100098
cifar100_resnet8,P1,uniform,20,42.493499999999997,2.0243290636392932,43.126000000000005,0.63249999999999995,3,17,0,8.7628729547641981
cifar100_resnet8,P1,global,20,42.698500000000003,0.95521436007014227,43.126000000000005,0.42749999999999988,18,2,0,8.7628729547641981
cifar100_resnet8,P1,lamp,20,43.760999999999996,0.16238032030099162,43.126000000000005,-0.63499999999999979,1,2,17,8.7628729547641981
cifar100_resnet8,P1,erk,20,43.795500000000011,0.21893221734014817,43.126000000000005,-0.66950000000000109,1,2,17,8.7628729547641981
cifar100_resnet8,P1,random,20,8.174100000000001,12.262045265563851,43.126000000000005,34.951900000000002,18,2,0,8.7628729547641981
cifar100_resnet8,P2,uniform,20,42.993500000000004,0.015652475842498591,43.006000000000007,0.012500000000000001,1,19,0,9.2262391722810406
cifar100_resnet8,P2,global,20,42.737499999999997,0.011180339887499901,43.006000000000007,0.26850000000000024,20,0,0,9.2262391722810406
cifar100_resnet8,P2,lamp,20,43.778499999999994,0.0067082039324996229,43.006000000000007,-0.77249999999999908,0,0,20,9.2262391722810406
cifar100_resnet8,P2,erk,20,43.838000000000008,0.0089442719100005577,43.006000000000007,-0.83200000000000107,0,0,20,9.2262391722810406
cifar100_resnet8,P2,random,20,4.3345000000000002,0.0067082039324994252,43.006000000000007,38.671500000000009,20,0,0,9.2262391722810406
cifar100_resnet8,P3,uniform,20,42.874499999999998,1.033881164911082,43.093500000000006,0.21900000000000014,1,19,0,8.6206689124157858
cifar100_resnet8,P3,global,20,42.734999999999999,0.72127445685069402,43.093500000000006,0.3585000000000001,18,2,0,8.6206689124157858
cifar100_resnet8,P3,lamp,20,43.789499999999997,0.085623103129201197,43.093500000000006,-0.69599999999999906,0,2,18,8.6206689124157858
cifar100_resnet8,P3,erk,20,43.824000000000012,0.1494340199412092,43.093500000000006,-0.73050000000000104,0,2,18,8.6206689124157858
cifar100_resnet8,P3,random,20,8.2124500000000005,12.241706702799593,43.093500000000006,34.881050000000009,18,2,0,8.6206689124157858
