setting,method,worker,threads,concurrent_workers,train_seconds_per_epoch,validation_seconds_5000,epoch_seconds_total,zero_count_before,zero_count_after,mask_violations,peak_memory_mb,train_loss_epoch1
cifar10_simplecnn,ppo,0,1,4,165.95,8.94,172.93,123463,123463,0,644.9,0.573073912387424
cifar10_lenet5,ppo,0,1,4,23.91,1.14,25.19,12186,12186,0,660.1,1.0466294634077284
cifar10_resnet8,ppo,0,1,4,285.1,13.16,295.5,15344,15344,0,826.7,0.5795620816760593
cifar100_simplecnn,ppo,0,1,4,160.55,12.95,167.44,123463,123463,0,529.4,1.5656583920796712
cifar100_lenet5,ppo,0,1,4,29.2,1.5,30.37,12186,12186,0,754.4,2.7220615881178114
cifar100_resnet8,ppo,0,1,4,309.26,12.39,318.61,15344,15344,0,754.4,2.08235187403361
cifar10_simplecnn,lamp,1,1,4,163.39,7.89,170.84,123463,123463,0,645.0,0.5657605890485975
cifar10_lenet5,lamp,1,1,4,23.66,1.32,24.85,12186,12186,0,806.4,1.0448332447052002
cifar10_resnet8,lamp,1,1,4,287.41,12.9,296.95,15344,15344,0,806.4,0.5737215070936414
cifar100_simplecnn,lamp,1,1,4,157.81,12.49,164.72,123463,123463,0,541.2,1.558469466251797
cifar100_lenet5,lamp,1,1,4,28.76,0.96,30.48,12186,12186,0,675.7,2.71861792678833
cifar100_resnet8,lamp,1,1,4,309.2,12.38,319.0,15344,15344,0,718.1,2.070389644792345
cifar10_simplecnn,global,2,1,4,162.78,8.66,170.5,123463,123463,0,642.7,0.5658514661153158
cifar10_lenet5,global,2,1,4,23.66,1.29,24.89,12186,12186,0,817.1,1.0450287919150458
cifar10_resnet8,global,2,1,4,286.22,12.89,296.33,15344,15344,0,817.1,0.5766102820078531
cifar100_simplecnn,global,2,1,4,156.53,12.05,163.69,123463,123463,0,525.7,1.558101852183872
cifar100_lenet5,global,2,1,4,28.23,1.39,29.38,12186,12186,0,650.4,2.719248295932346
cifar100_resnet8,global,2,1,4,308.51,11.98,318.38,15344,15344,0,706.0,2.074642950397068
cifar10_simplecnn,dense,3,1,4,166.82,9.94,174.85,0,0,0,645.2,0.5654054706891378
cifar10_lenet5,dense,3,1,4,23.72,1.08,24.91,0,0,0,776.8,1.0449045610639784
cifar10_resnet8,dense,3,1,4,281.6,11.55,291.89,0,0,0,805.4,0.5731506500879924
cifar100_simplecnn,dense,3,1,4,157.59,12.49,164.56,0,0,0,538.9,1.5593913640552095
cifar100_lenet5,dense,3,1,4,27.97,1.36,29.03,0,0,0,705.8,2.7190312088012694
cifar100_resnet8,dense,3,1,4,307.9,11.8,317.78,0,0,0,705.8,2.0690837272644043
