actions,prune_percent,sparsity,episode_first_seen,timestep_first_seen,times_sampled,ppo_reward,vselect_accuracy,vselect_loss
"[5, 3, 1, 2]","[60, 30, 10, 20]",19.08119740849724,1,4,1,1.2216911425561718,43.95,2.2257545089721678
"[5, 4, 0, 0]","[60, 40, 0, 0]",1.2730047493676113,2,8,1,0.9812662103347329,42.0,2.297226272583008
"[5, 3, 4, 3]","[60, 30, 40, 30]",31.107228589128077,3,12,1,1.304944091867894,44.6,2.107043472290039
"[0, 5, 3, 3]","[0, 60, 30, 30]",30.726182179546747,4,16,1,1.919583173029768,76.3,0.6637217254638672
"[1, 1, 5, 0]","[10, 10, 60, 0]",7.447666615043105,5,20,1,1.69459359988798,76.7,0.6536193923950195
"[0, 0, 1, 2]","[0, 0, 10, 20]",18.105512105725055,6,24,1,1.8349529123088746,77.7,0.6156528930664062
"[3, 3, 5, 3]","[30, 30, 60, 30]",33.44432398946879,7,28,1,1.8694800523676203,74.2,0.7448444004058838
"[1, 2, 4, 1]","[10, 20, 40, 10]",13.824144339476538,8,32,3,1.7700517508871862,77.85,0.6325650157928466
"[1, 5, 0, 4]","[10, 60, 0, 40]",35.62993650301998,9,36,1,2.021219243765583,76.25,0.6630412693023682
"[1, 0, 2, 3]","[10, 0, 20, 30]",27.766700221981313,10,40,1,1.9698714197165648,77.85,0.6242963371276855
"[3, 0, 5, 4]","[30, 0, 60, 40]",41.010240823912035,11,44,1,2.0529348032153005,74.6,0.7280231895446777
"[4, 3, 5, 2]","[40, 30, 60, 20]",25.00048397088431,12,48,1,1.7895457665169852,70.55,0.856586898803711
"[5, 3, 1, 4]","[60, 30, 10, 40]",35.99710908058438,13,52,1,1.3876020999006902,43.8,2.234726249694824
"[4, 5, 3, 0]","[40, 60, 30, 0]",5.40805198492592,14,56,1,1.5384027372593934,67.7,0.940334285736084
"[1, 5, 3, 4]","[10, 60, 30, 40]",39.1980925094213,15,60,2,2.0504044850768897,76.0,0.6700275421142579
"[5, 1, 2, 0]","[60, 10, 20, 0]",2.759763305972846,16,64,1,1.054579010279304,43.85,2.2261392974853518
"[4, 1, 0, 2]","[40, 10, 0, 20]",17.269210417634607,17,68,1,1.699890025354345,69.75,0.8968138427734375
"[0, 2, 0, 3]","[0, 20, 0, 30]",25.968587063135615,18,72,1,1.9070873431302733,78.0,0.6195971088409424
"[0, 4, 5, 2]","[0, 40, 60, 20]",25.2419854421558,19,76,1,1.9251353156601894,76.55,0.6533553867340088
"[5, 2, 2, 0]","[60, 20, 20, 0]",3.057082752568272,20,80,1,1.012099627872153,44.0,2.202520492553711
"[0, 4, 5, 4]","[0, 40, 60, 40]",42.15789711424294,21,84,1,2.0468929598821437,76.55,0.6533678646087646
"[4, 2, 0, 4]","[40, 20, 0, 40]",34.482441536317175,22,88,1,1.8213727046659,69.65,0.8953964157104493
"[3, 2, 2, 3]","[30, 20, 20, 30]",28.389248102834134,23,92,1,1.8228270847528976,74.3,0.7191175098419189
"[4, 2, 4, 4]","[40, 20, 40, 40]",39.24003665272831,24,96,2,1.8273938702085304,69.9,0.8666965103149414
"[4, 1, 3, 1]","[40, 10, 30, 10]",12.379329926178308,25,100,1,1.6074875391924892,69.45,0.8829717826843262
"[1, 0, 3, 0]","[10, 0, 30, 0]",3.5820298384182543,26,104,2,1.676725452130393,77.7,0.6274302024841308
"[5, 5, 3, 3]","[60, 60, 30, 30]",30.809747818904548,27,108,1,1.2051957891461698,42.0,2.158228286743164
"[4, 1, 0, 5]","[40, 10, 0, 60]",51.10119508543699,28,112,1,2.038209872032369,69.15,0.8961730651855468
"[3, 2, 3, 4]","[30, 20, 30, 40]",38.03656238707346,29,116,4,1.9738476507221852,74.35,0.7219885749816894
"[3, 5, 1, 1]","[30, 60, 10, 10]",11.473336430746993,30,120,1,1.664690055515785,72.65,0.7619710311889648
"[1, 0, 1, 3]","[10, 0, 10, 30]",26.577261111971502,31,124,1,1.9118748198680908,78.05,0.6233305187225342
"[4, 0, 1, 0]","[40, 0, 10, 0]",1.2452570853337463,32,128,1,1.4935482832829603,69.85,0.8960420837402344
"[4, 2, 4, 0]","[40, 20, 40, 0]",5.40805198492592,33,132,1,1.5397236554057772,69.95,0.8654660377502441
"[4, 3, 4, 5]","[40, 30, 40, 60]",56.453590418667076,34,136,2,2.043033089115211,69.7,0.8808582992553711
"[1, 2, 5, 3]","[10, 20, 60, 30]",33.118934231583296,35,140,1,1.9987077485522988,76.8,0.6575867557525634
"[3, 3, 5, 4]","[30, 30, 60, 40]",41.90236048732642,36,144,2,2.006658944847279,74.05,0.7442887134552002
"[5, 3, 4, 5]","[60, 30, 40, 60]",56.481338082700944,37,148,1,1.5463421811734799,44.3,2.109281997680664
"[3, 0, 1, 5]","[30, 0, 10, 60]",51.97927959320634,38,152,1,2.173668932787845,74.95,0.7128986415863037
"[4, 0, 3, 2]","[40, 0, 30, 20]",20.540046977440504,39,156,1,1.7403939734556522,69.75,0.8817761688232422
"[3, 4, 5, 5]","[30, 40, 60, 60]",59.11575292963709,40,160,1,2.1632017042638894,73.95,0.7554443531036377
"[1, 1, 5, 3]","[10, 10, 60, 30]",32.821614784987865,41,164,1,1.9496323453379687,76.8,0.6543306503295898
"[3, 1, 0, 3]","[30, 10, 0, 30]",25.713050436219092,42,168,1,1.854510322465266,75.0,0.7160988521575927
"[2, 2, 4, 2]","[20, 20, 40, 20]",22.296215992979196,43,172,2,1.7976265167942356,76.5,0.6690857315063476
"[3, 2, 4, 2]","[30, 20, 40, 20]",22.31008982499613,44,176,1,1.815283661350871,74.35,0.7190426483154296
"[2, 3, 4, 0]","[20, 30, 40, 0]",5.677623767487481,45,180,2,1.7275428032876943,76.45,0.6753283958435059
"[3, 0, 5, 1]","[30, 0, 60, 10]",15.63629265396727,46,184,1,1.8011442171416647,74.45,0.7281696643829346
"[0, 0, 4, 3]","[0, 0, 40, 30]",30.131543286355893,47,188,1,1.9467680097366644,78.0,0.6215324058532715
"[0, 2, 3, 0]","[0, 20, 30, 0]",4.162794899592174,48,192,1,1.6864308939937565,77.8,0.6236220226287842
"[2, 1, 4, 0]","[20, 10, 40, 0]",5.082823550668525,49,196,1,1.7215948011195048,76.55,0.6669167919158936
"[2, 5, 3, 2]","[20, 60, 30, 20]",22.296215992979196,50,200,1,1.8066997086521823,74.45,0.7106816463470459
"[1, 4, 3, 4]","[10, 40, 30, 40]",38.603453616230446,51,204,2,2.024341162407432,77.15,0.644054256439209
"[3, 1, 5, 1]","[30, 10, 60, 10]",15.933612100562696,52,208,1,1.7528181478570777,74.5,0.729731632232666
"[1, 4, 4, 1]","[10, 40, 40, 10]",14.418944556295493,53,212,1,1.7305471761822706,77.7,0.6423338794708252
"[2, 2, 4, 4]","[20, 20, 40, 40]",39.21212766506633,54,216,8,1.9680848972656482,76.6,0.668343692779541
"[3, 0, 1, 4]","[30, 0, 10, 40]",35.063206597491096,55,220,2,1.9986615159532564,75.05,0.715296272277832
"[2, 4, 4, 5]","[20, 40, 40, 60]",56.72300087760053,56,224,2,2.1821498875113883,76.35,0.6822462539672851
"[3, 4, 3, 5]","[30, 40, 30, 60]",55.54743559960766,57,228,3,2.130117058464678,73.5,0.7510465297698975
"[2, 0, 4, 3]","[20, 0, 40, 30]",30.159452274017863,58,232,1,1.9769085114798928,76.5,0.6663467102050781
"[1, 1, 3, 3]","[10, 10, 30, 30]",29.253297454958442,59,236,1,1.8821388645452537,77.85,0.6295030174255372
"[4, 1, 4, 0]","[40, 10, 40, 0]",5.1107325383304945,60,240,1,1.5406482521914469,70.15,0.8680963821411133
"[4, 0, 3, 3]","[40, 0, 30, 30]",28.99792215167002,61,244,1,1.7756223570732184,69.65,0.8823499069213867
"[2, 3, 1, 4]","[20, 30, 10, 40]",35.941452428888546,62,248,2,2.0366774086544117,76.9,0.6714386463165283
"[5, 4, 4, 2]","[60, 40, 40, 20]",22.946672861493987,63,252,2,1.2038495783334326,43.2,2.1828244705200195
"[5, 1, 2, 1]","[60, 10, 20, 10]",11.217799803830468,64,256,1,1.08915937525788,43.85,2.2247251739501954
"[4, 5, 3, 3]","[40, 60, 30, 30]",30.782000154870683,65,260,2,1.740193323333029,67.75,0.9408710823059082
"[3, 4, 1, 4]","[30, 40, 10, 40]",36.2526457075009,66,264,4,1.935869895793069,74.05,0.7525878829956054
"[4, 4, 1, 3]","[40, 40, 10, 30]",27.808644365288316,67,268,1,1.7409924635749272,67.7,0.9373633499145508
"[1, 3, 3, 3]","[10, 30, 30, 30]",29.8480976717774,68,272,1,1.8841890754618191,77.3,0.6396512031555176
"[5, 1, 2, 4]","[60, 10, 20, 40]",36.591747973775234,70,280,1,1.39484775258314,43.95,2.2326551971435546
"[3, 5, 1, 4]","[30, 60, 10, 40]",36.84728460069176,71,284,1,1.9710280647163156,72.7,0.761989881515503
"[4, 5, 1, 3]","[40, 60, 10, 30]",28.40328325847917,72,288,2,1.7755010006229035,67.0,0.9465063743591309
"[5, 3, 4, 1]","[60, 30, 40, 10]",14.191316917040938,73,292,1,1.1838360795212106,44.45,2.1081772079467775
"[3, 3, 4, 1]","[30, 30, 40, 10]",14.149534097362036,74,296,2,1.7356269997003415,74.0,0.7299688472747803
"[3, 1, 5, 0]","[30, 10, 60, 0]",7.475575602705074,75,300,1,1.7182377828785014,74.5,0.7297224960327149
"[1, 4, 4, 4]","[10, 40, 40, 40]",39.792892726240254,76,304,12,1.9823377622559062,77.6,0.6427042694091797
"[2, 2, 3, 1]","[20, 20, 30, 10]",12.648740385111765,77,308,1,1.7595969750940799,76.5,0.6691431674957276
"[5, 0, 2, 0]","[60, 0, 20, 0]",2.46244385937742,78,312,1,0.9964087608111843,43.75,2.2362718353271482
"[4, 3, 3, 3]","[40, 30, 30, 30]",29.890041815084405,79,316,3,1.7215509162019484,68.9,0.8985800132751465
"[5, 4, 3, 1]","[60, 40, 30, 10]",13.299197253626556,80,320,1,1.1515281353773223,42.65,2.2400797348022463
"[0, 3, 4, 5]","[0, 30, 40, 60]",56.39777244334314,81,324,1,2.2503354550527472,77.85,0.6287080707550049
"[2, 1, 4, 2]","[20, 10, 40, 20]",21.99889654638377,82,328,2,1.8420547948271984,76.55,0.667101427078247
"[3, 5, 4, 1]","[30, 60, 40, 10]",15.041492437148314,83,332,2,1.7419264012012796,72.45,0.7710120601654052
"[3, 4, 5, 2]","[30, 40, 60, 20]",25.2837682618347,84,336,1,1.8722833300847823,73.85,0.7566740589141846
"[1, 3, 3, 4]","[10, 30, 30, 40]",38.30613416963502,85,340,1,2.0207183360662073,77.25,0.6391462478637695
"[5, 3, 3, 3]","[60, 30, 30, 30]",29.91778947911827,86,344,2,1.2417504370172547,44.5,2.1640886993408204
"[2, 3, 5, 3]","[20, 30, 60, 30]",33.43045015745186,87,348,1,1.9355821109292175,75.35,0.6966880130767822
"[3, 2, 2, 4]","[30, 20, 20, 40]",36.84728460069176,88,352,2,1.9574074497314737,74.3,0.7188117752075195
"[0, 1, 2, 0]","[0, 10, 20, 0]",2.6761976666150433,89,356,2,1.673513817289797,77.75,0.6180470066070557
"[1, 4, 3, 1]","[10, 40, 30, 10]",13.229505446285685,90,360,1,1.7732002082090674,77.3,0.6436710357666016
"[4, 1, 2, 1]","[40, 10, 20, 10]",11.190052139796602,91,364,1,1.5923466019523187,69.75,0.8878773536682129
"[4, 0, 5, 4]","[40, 0, 60, 40]",41.02427597955707,92,368,1,1.9121266922338553,71.3,0.8395039405822754
"[4, 1, 3, 5]","[40, 10, 30, 60]",54.669351091838315,93,372,1,2.077139591472736,69.45,0.8826801834106446
"[4, 0, 4, 0]","[40, 0, 40, 0]",4.813413091735068,94,376,2,1.488974321476034,70.3,0.8674069137573243
"[4, 2, 3, 3]","[40, 20, 30, 30]",29.592561044860876,95,380,2,1.7822183778803975,69.5,0.8803650093078613
"[2, 1, 3, 3]","[20, 10, 30, 30]",29.26733261060348,96,384,1,1.91928657859629,76.4,0.6670928230285644
"[3, 2, 1, 3]","[30, 20, 10, 30]",27.199808992824327,97,388,1,1.8654801167796942,74.3,0.720273120880127
"[3, 2, 4, 1]","[30, 20, 40, 10]",13.852053327138506,98,392,2,1.7826521919981062,74.25,0.7189973850250244
"[2, 3, 4, 3]","[20, 30, 40, 30]",31.051571937432243,99,396,1,1.9332311806129536,76.55,0.6757152423858642
"[4, 0, 4, 1]","[40, 0, 40, 10]",13.27144958959269,100,400,1,1.6235546864546104,70.3,0.8671915664672851
"[0, 2, 3, 4]","[0, 20, 30, 40]",37.99477956739456,101,404,3,2.073451476921239,77.9,0.6235673904418946
"[5, 5, 3, 4]","[60, 60, 30, 40]",39.26778431676217,102,408,1,1.3378272584989337,41.75,2.16551993560791
"[4, 5, 4, 0]","[40, 60, 40, 0]",6.597491094935728,103,412,1,1.5087423427380102,68.05,0.9333513374328614
"[3, 1, 3, 2]","[30, 10, 30, 20]",20.823331268390895,104,416,1,1.8004160757848182,74.85,0.7188684902191163
"[1, 3, 2, 3]","[10, 30, 20, 30]",28.658819885395694,105,420,1,1.9242451932238138,77.65,0.6369682292938232
"[3, 4, 4, 3]","[30, 40, 40, 30]",31.362765216044604,106,424,4,1.8454163052570247,73.85,0.747783016204834
"[4, 1, 5, 4]","[40, 10, 60, 40]",41.3215954261525,107,428,1,1.9150998866998097,71.05,0.8414572448730469
"[4, 3, 3, 2]","[40, 30, 30, 20]",21.432166640854888,108,432,1,1.6876217963349238,68.95,0.8979272117614746
"[3, 3, 1, 4]","[30, 30, 10, 40]",35.95532626090548,109,436,1,1.9439404432067162,74.05,0.7333073978424072
"[5, 3, 2, 3]","[60, 30, 20, 30]",28.728511692736564,110,440,1,1.2733613404007307,44.15,2.190419822692871
"[4, 3, 4, 4]","[40, 30, 40, 40]",39.53751742295184,111,444,8,1.8251716229086004,69.85,0.8825688095092773
"[0, 0, 3, 5]","[0, 0, 30, 60]",54.31621366991895,112,448,1,2.191213241073377,78.4,0.6174715404510498
"[5, 3, 0, 2]","[60, 30, 0, 20]",17.891758298487428,113,452,1,1.2104463833313446,43.8,2.223115219116211
"[0, 2, 5, 1]","[0, 20, 60, 10]",16.18914872747922,114,456,1,1.839804003515589,77.25,0.6483237743377686
"[2, 0, 5, 1]","[20, 0, 60, 10]",15.622418821950339,115,460,1,1.8120492207010972,75.35,0.6860320682525635
"[5, 3, 4, 4]","[60, 30, 40, 40]",39.5652650869857,118,472,2,1.3836777699690344,44.6,2.115135284423828
"[0, 4, 0, 4]","[0, 40, 0, 40]",35.021423777812196,119,476,1,1.9372216002727083,77.55,0.6325004253387451
"[4, 3, 0, 3]","[40, 30, 0, 30]",26.32188580868308,120,480,1,1.7287234055099576,68.75,0.9125199432373047
"[2, 3, 3, 5]","[20, 30, 30, 60]",55.2362423209953,121,484,2,2.1692311975711482,76.35,0.6751359958648682
"[4, 5, 5, 3]","[40, 60, 60, 30]",34.35031748490011,122,488,1,1.7797742878849476,68.4,0.9348752250671387
"[4, 4, 5, 3]","[40, 40, 60, 30]",33.755678591709255,123,492,2,1.8128058114692793,69.3,0.8774079971313477
"[4, 4, 3, 1]","[40, 40, 30, 10]",13.27144958959269,124,496,2,1.5962701476932417,68.35,0.9226979789733887
"[4, 4, 4, 2]","[40, 40, 40, 20]",22.91892519746012,126,504,1,1.6524893819009765,69.1,0.9060774116516114
"[4, 1, 5, 3]","[40, 10, 60, 30]",32.86355892829487,127,508,1,1.877920994220151,71.0,0.8408209686279297
"[3, 3, 3, 0]","[30, 30, 30, 0]",4.502058489494606,128,512,1,1.5859040842453143,73.75,0.7348240184783935
"[5, 3, 1, 3]","[60, 30, 10, 30]",27.539072582726757,129,516,1,1.2556202624231965,43.9,2.2256247100830078
"[3, 3, 3, 3]","[30, 30, 30, 30]",29.87600665943937,130,520,4,1.7870450384436791,73.8,0.735244426727295
"[4, 5, 1, 0]","[40, 60, 10, 0]",3.029335088534407,131,524,1,1.5243600464245386,67.15,0.9460301551818847
"[1, 3, 2, 4]","[10, 30, 20, 40]",37.116856383253314,132,528,1,2.0601248219529316,77.7,0.6364436149597168
"[3, 4, 1, 3]","[30, 40, 10, 30]",27.79460920964328,134,536,1,1.8538880583155755,74.05,0.7528915691375733
"[0, 3, 2, 3]","[0, 30, 20, 30]",28.644946053378764,136,544,1,1.9306027736563518,77.6,0.6285026378631592
"[4, 0, 4, 3]","[40, 0, 40, 30]",30.18736126167983,137,548,1,1.7894656437991285,70.35,0.8676502380371094
"[4, 4, 5, 5]","[40, 40, 60, 60]",59.12978808528212,139,556,1,2.011349851402843,69.25,0.8778367004394532
"[3, 1, 4, 2]","[30, 10, 40, 20]",22.012770378400702,140,560,1,1.8675075218870818,74.4,0.7158239841461181
"[5, 5, 3, 5]","[60, 60, 30, 60]",56.183857312477414,141,564,1,1.4550390928302743,41.3,2.159260757446289
"[0, 0, 0, 3]","[0, 0, 0, 30]",25.373948169944764,144,576,1,1.8530898498241772,77.9,0.615419605255127
"[3, 3, 2, 4]","[30, 30, 20, 40]",37.14476537091529,145,580,2,1.960382257433709,73.6,0.7321280612945557
"[1, 4, 2, 0]","[10, 40, 20, 0]",3.582191162046358,146,584,1,1.7202307466139672,77.5,0.6409273471832275
"[5, 1, 3, 0]","[60, 10, 30, 0]",3.9490410923545505,148,592,1,1.0710192112700159,44.55,2.1968076782226564
"[5, 4, 4, 3]","[60, 40, 40, 30]",31.404548035723504,149,596,2,1.2910268575768105,43.2,2.1830023040771485
"[5, 0, 3, 4]","[60, 0, 30, 40]",37.48370631356151,150,600,1,1.4037673359810026,44.25,2.213459686279297
"[4, 3, 2, 1]","[40, 30, 20, 10]",11.78485235661556,151,604,1,1.6353019666150943,68.95,0.9021791305541992
"[2, 2, 1, 1]","[20, 20, 10, 10]",10.270023488720252,152,608,1,1.6903572292570597,76.85,0.6628957061767579
"[4, 4, 3, 4]","[40, 40, 30, 40]",38.64539775953745,153,612,3,1.8013088931432308,68.35,0.9248618049621582
"[3, 1, 3, 4]","[30, 10, 30, 40]",37.739242940478036,155,620,3,1.9728233518820435,74.75,0.718611442565918
"[5, 0, 1, 4]","[60, 0, 10, 40]",35.104989417169996,156,624,1,1.368936425137486,43.75,2.278786514282227
"[5, 1, 1, 1]","[60, 10, 10, 10]",10.028360693820659,157,628,1,1.023367192906158,43.65,2.2606824951171873
"[3, 2, 1, 4]","[30, 20, 10, 40]",35.65784549068195,158,632,1,2.001359745508812,74.55,0.7199396953582764
"[3, 2, 2, 5]","[30, 20, 20, 60]",53.763357596407,162,648,1,2.1343637621918745,74.45,0.7164997787475585
"[0, 4, 3, 2]","[0, 40, 30, 20]",21.673668112126375,163,652,2,1.9076418348674744,77.95,0.6356501388549805
"[3, 4, 3, 4]","[30, 40, 30, 40]",38.63136260389242,165,660,2,1.9116059603827962,73.55,0.7529749221801758
"[0, 3, 1, 4]","[0, 30, 10, 40]",35.91354344122657,167,668,1,2.0571865387864534,77.5,0.6273406352996826
"[3, 1, 5, 3]","[30, 10, 60, 30]",32.84952377264984,168,672,1,1.920678000827408,74.3,0.7301482238769531
"[4, 4, 4, 3]","[40, 40, 40, 30]",31.37680037168964,170,680,2,1.737717765518542,68.95,0.9067485847473145
"[0, 4, 3, 4]","[0, 40, 30, 40]",38.58957978421351,171,684,2,2.0261513197130747,78.0,0.6357576904296875
"[2, 1, 3, 4]","[20, 10, 30, 40]",37.7253691084611,173,692,2,2.053217311699596,76.65,0.6662229900360107
"[3, 2, 4, 3]","[30, 20, 40, 30]",30.767964999225647,175,700,1,1.9018113087189779,74.5,0.7191475200653076
"[3, 1, 5, 4]","[30, 10, 60, 40]",41.30756027050746,176,704,1,2.055907997681255,74.4,0.729611312866211
"[3, 3, 3, 5]","[30, 30, 30, 60]",55.250116153012236,177,708,1,2.09273502900522,73.7,0.7326091117858887
"[2, 3, 4, 4]","[20, 30, 40, 40]",39.50960843528986,178,712,7,2.016512281840989,76.45,0.6749453086853028
"[3, 3, 4, 3]","[30, 30, 40, 30]",31.065445769449177,179,716,2,1.8521875889201307,73.95,0.730272518157959
"[3, 2, 3, 2]","[30, 20, 30, 20]",21.12065071498632,180,720,1,1.7559877977518554,74.15,0.7222180442810059
"[3, 4, 2, 4]","[30, 40, 20, 40]",37.44208481751071,181,724,2,1.945815391267355,74.05,0.7509568347930908
"[3, 3, 3, 4]","[30, 30, 30, 40]",38.33404315729699,183,732,3,1.922275035297526,73.95,0.7347513580322266
"[4, 3, 2, 4]","[40, 30, 20, 40]",37.15880052656032,185,740,1,1.8390414483145419,69.0,0.9037320404052734
"[3, 0, 2, 2]","[30, 0, 20, 20]",19.336734035413762,186,744,1,1.7881486309561296,74.8,0.7143124847412109
"[3, 3, 4, 2]","[30, 30, 40, 20]",22.60757059521966,187,748,1,1.8189081009283767,73.85,0.730067699432373
"[1, 3, 1, 3]","[10, 30, 10, 30]",27.469380775385886,189,756,1,1.8649493296247988,77.6,0.6361284770965576
"[3, 4, 4, 4]","[30, 40, 40, 40]",39.82080171390223,190,760,18,1.9286974064850597,74.0,0.7474978199005127
"[3, 5, 3, 0]","[30, 60, 30, 0]",5.394016829280884,191,764,1,1.594152381372064,72.3,0.7708519134521484
"[1, 3, 4, 1]","[10, 30, 40, 10]",14.121625109700068,194,776,1,1.7834206685937524,77.25,0.6387315158843994
"[0, 5, 3, 4]","[0, 60, 30, 40]",39.18421867740437,195,780,1,2.0522146423825323,76.3,0.6633088340759278
"[3, 4, 0, 1]","[30, 40, 0, 10]",9.689258427546331,196,784,2,1.7221849186193352,74.05,0.7517203483581543
"[3, 2, 4, 4]","[30, 20, 40, 40]",39.22600149708327,197,788,6,1.986391673697554,74.65,0.7187462043762207
"[4, 4, 1, 2]","[40, 40, 10, 20]",19.3507691910588,198,792,1,1.6551144480820907,67.85,0.9365943145751953
"[1, 3, 2, 1]","[10, 30, 20, 10]",11.742908213308555,199,796,1,1.7583342358792962,77.6,0.6363239593505859
"[1, 3, 4, 4]","[10, 30, 40, 40]",39.49557327964483,200,800,6,2.0371601502932,77.45,0.6386898803710938
"[1, 4, 0, 3]","[10, 40, 0, 30]",26.577261111971502,202,808,1,1.9482325504874065,77.65,0.6410593032836914
"[1, 5, 4, 2]","[10, 60, 40, 20]",23.471619947343967,203,812,1,1.8944390232066577,76.55,0.6718703689575195
"[4, 1, 1, 3]","[40, 10, 10, 30]",26.916524701873936,204,816,1,1.7444142725709262,69.45,0.8976421089172363
"[2, 4, 1, 4]","[20, 40, 10, 40]",36.23877187548397,205,820,2,1.9844535481182004,76.3,0.6811422710418701
"[1, 3, 0, 4]","[10, 30, 0, 40]",34.7379781632337,206,824,1,2.04088346287963,77.7,0.6351291561126708
"[4, 3, 1, 2]","[40, 30, 10, 20]",19.05344974446337,207,828,1,1.7099368361193845,68.7,0.9120874938964844
"[3, 3, 4, 4]","[30, 30, 40, 40]",39.5234822673068,208,832,6,1.9380672176492482,73.95,0.7297864723205566
"[3, 1, 0, 4]","[30, 10, 0, 40]",34.17108693407671,209,836,1,1.9903899511943832,75.1,0.7157298221588134
"[2, 3, 2, 4]","[20, 30, 20, 40]",37.130891538898354,211,844,4,1.9966229041286976,76.55,0.672313325881958
"[3, 1, 4, 4]","[30, 10, 40, 40]",38.92868205048784,217,868,3,1.9873162704832241,74.65,0.7155186767578126
"[2, 4, 3, 4]","[20, 40, 30, 40]",38.617488771875486,218,872,2,1.9991458708283258,76.05,0.6863141803741455
"[4, 3, 4, 3]","[40, 30, 40, 30]",31.079480925094213,220,880,1,1.7399416260547533,69.85,0.8816613693237305
"[2, 4, 4, 4]","[20, 40, 40, 40]",39.806927881885294,222,888,14,1.9590913663026122,76.4,0.6835213108062744
"[2, 5, 4, 4]","[20, 60, 40, 40]",40.40156677507615,224,896,1,1.9923006396000469,74.55,0.7121936454772949
"[4, 2, 3, 4]","[40, 20, 30, 40]",38.0505975427185,225,900,1,1.8661491109837027,69.4,0.881463680267334
"[1, 4, 2, 2]","[10, 40, 20, 20]",20.498264157761604,227,908,1,1.8400411084463903,77.4,0.6413706874847412
"[4, 4, 5, 4]","[40, 40, 60, 40]",42.213715089566875,229,916,1,1.8434883851962318,69.15,0.8786168479919434
"[2, 2, 1, 2]","[20, 20, 10, 20]",18.728059986577875,230,920,1,1.7749375942356358,76.8,0.6631024055480957
"[4, 0, 5, 2]","[40, 0, 60, 20]",24.10836430746993,231,924,1,1.7910186798871723,71.1,0.8382669830322266
"[3, 3, 4, 5]","[30, 30, 40, 60]",56.439555263022044,232,928,1,2.162425002608566,73.9,0.7279328842163086
"[1, 2, 0, 3]","[10, 20, 0, 30]",25.98246089515255,233,932,1,1.9500801308224651,77.9,0.6270135593414307
"[5, 0, 4, 5]","[60, 0, 40, 60]",55.58921841928656,237,948,1,1.5302750339113582,44.2,2.156148139953613
"[1, 2, 3, 4]","[10, 20, 30, 40]",38.00865339941149,238,952,3,2.0677435283639722,77.95,0.6312775764465332
"[4, 1, 4, 5]","[40, 10, 40, 60]",55.85879020184812,240,960,1,2.0435814056997286,70.05,0.8679662971496582
"[0, 3, 2, 4]","[0, 30, 20, 40]",37.10298255123639,243,972,1,2.0651831386349278,77.65,0.6279402332305908
"[4, 4, 2, 4]","[40, 40, 20, 40]",37.45611997315575,245,980,1,1.790715379029955,68.05,0.9289653396606445
"[1, 1, 4, 4]","[10, 10, 40, 40]",38.90077306282588,247,988,6,1.9766647249981157,77.6,0.6298610744476318
"[0, 1, 1, 2]","[0, 10, 10, 20]",18.402831552320478,249,996,1,1.8346779473984753,77.8,0.6173093242645263
"[3, 0, 2, 4]","[30, 0, 20, 40]",36.2526457075009,250,1000,1,2.01575296205552,74.9,0.7141875648498535
"[1, 5, 2, 0]","[10, 60, 20, 0]",4.17683005523721,251,1004,1,1.7040896517866726,76.45,0.6649127540588379
"[3, 4, 4, 5]","[30, 40, 40, 60]",56.73687470961747,252,1008,1,2.1530551914443774,73.85,0.7459510021209717
"[2, 4, 2, 4]","[20, 40, 20, 40]",37.42821098549378,255,1020,2,1.943749411717216,76.45,0.6814548835754395
"[0, 4, 2, 1]","[0, 40, 20, 10]",12.026353827887048,256,1024,1,1.8124679557756223,77.85,0.6326469841003418
"[3, 4, 0, 4]","[30, 40, 0, 40]",35.063206597491096,257,1028,1,1.9239755046929705,74.1,0.7519848461151123
"[0, 2, 2, 1]","[0, 20, 20, 10]",11.431553611068091,258,1032,1,1.7584688492332448,78.05,0.6205688533782959
"[2, 3, 5, 2]","[20, 30, 60, 20]",24.972574983222344,259,1036,1,1.850353727311652,75.45,0.6964045276641846
"[4, 4, 2, 2]","[40, 40, 20, 20]",20.540208301068606,260,1040,1,1.623505157934896,68.1,0.9268438949584961
"[2, 0, 4, 4]","[20, 0, 40, 40]",38.617488771875486,263,1052,3,2.0108392445831984,76.6,0.6655184383392334
"[4, 3, 3, 5]","[40, 30, 30, 60]",55.26415130865727,264,1056,1,2.0200949561355115,68.85,0.89764990234375
"[5, 3, 5, 3]","[60, 30, 60, 30]",33.48610680914769,267,1068,1,1.2884773521971504,45.4,1.8728458938598633
"[0, 3, 4, 4]","[0, 30, 40, 40]",39.481699447627896,268,1072,3,2.0370214119730305,77.6,0.6304378547668457
"[3, 4, 1, 5]","[30, 40, 10, 60]",53.16871870321615,269,1076,1,2.1563298895007628,73.95,0.7503344306945801
"[4, 2, 4, 2]","[40, 20, 40, 20]",22.324124980641166,270,1080,1,1.6595340172382003,70.05,0.8652183380126953
"[0, 4, 4, 4]","[0, 40, 40, 40]",39.77901889422332,274,1096,5,1.988045710813173,78.0,0.6346919384002686
"[1, 0, 3, 2]","[10, 0, 30, 20]",20.498102834133498,275,1100,1,1.8991343414638988,77.85,0.6277327327728272
"[3, 2, 4, 5]","[30, 20, 40, 60]",56.142074492798514,276,1104,1,2.2094501949063305,74.55,0.7167822132110596
"[4, 4, 4, 4]","[40, 40, 40, 40]",39.83483686954726,277,1108,5,1.770998866746577,69.0,0.9080962142944335
"[2, 2, 3, 4]","[20, 20, 30, 40]",38.022688555056526,279,1116,3,2.0113875611677154,76.55,0.668625883102417
"[4, 1, 4, 4]","[40, 10, 40, 40]",38.942717206132876,284,1136,4,1.824420675742576,70.1,0.8694207305908204
"[0, 2, 4, 4]","[0, 20, 40, 40]",39.18421867740437,287,1148,8,2.0320977086449834,78.0,0.6249973602294921
"[2, 1, 4, 3]","[20, 10, 40, 30]",30.456771720613286,291,1164,3,1.9766335465694935,76.45,0.66720849609375
"[0, 0, 3, 4]","[0, 0, 30, 40]",37.400140674203705,293,1172,1,2.022052511116225,77.95,0.6195373821258545
"[3, 0, 4, 4]","[30, 0, 40, 40]",38.63136260389242,296,1184,2,1.9843430760172698,74.6,0.7147394790649414
"[3, 0, 4, 5]","[30, 0, 40, 60]",55.54743559960766,298,1192,1,2.2074015972260463,74.65,0.7127415390014649
"[1, 0, 4, 1]","[10, 0, 40, 10]",13.229505446285685,301,1204,1,1.7686527850821725,77.45,0.6285669059753418
"[5, 3, 5, 2]","[60, 30, 60, 20]",25.02823163491818,303,1212,1,1.2532489685795847,45.45,1.8729232177734374
"[4, 4, 1, 4]","[40, 40, 10, 40]",36.26668086314594,306,1224,1,1.7736239329276917,67.75,0.9387715759277344
"[0, 0, 3, 0]","[0, 0, 30, 0]",3.5681560064013214,307,1228,1,1.6350319281887429,77.85,0.6196741905212403
"[2, 0, 2, 5]","[20, 0, 20, 60]",53.15484487119922,308,1232,1,2.1659572837054957,77.05,0.6576582088470458
"[4, 0, 4, 2]","[40, 0, 40, 20]",21.72948608745031,309,1236,1,1.7081350514331866,70.45,0.8671081733703613
"[1, 4, 2, 4]","[10, 40, 20, 40]",37.414175829848745,311,1244,2,2.008550593291991,77.4,0.6414891185760498
"[3, 0, 3, 4]","[30, 0, 30, 40]",37.441923493882605,313,1252,1,1.9698501574160892,74.9,0.7178198146820068
"[0, 3, 5, 4]","[0, 30, 60, 40]",41.86057766764751,314,1256,1,2.1004160841688964,76.95,0.6525722980499268
"[3, 4, 1, 0]","[30, 40, 10, 0]",2.420661039698518,318,1272,1,1.6501485766161277,74.15,0.7523929080963134
"[1, 4, 1, 4]","[10, 40, 10, 40]",36.22473671983894,322,1288,1,1.9440576746908105,77.4,0.6411359386444092
"[3, 5, 3, 2]","[30, 60, 30, 20]",22.31008982499613,334,1336,1,1.764612375079758,72.2,0.7709467792510987
"[4, 5, 4, 4]","[40, 60, 40, 40]",40.429475762738114,336,1344,1,1.795762925665493,67.85,0.9351159248352051
"[1, 2, 4, 4]","[10, 20, 40, 40]",39.1980925094213,337,1348,11,2.0244408644619045,77.8,0.6323788261413574
"[1, 0, 3, 4]","[10, 0, 30, 40]",37.41401450622064,338,1352,2,2.066344562558958,77.9,0.627288990020752
"[3, 0, 3, 1]","[30, 0, 30, 10]",12.067975323937846,339,1356,1,1.7148114119660995,74.85,0.7181005001068115
"[0, 3, 4, 1]","[0, 30, 40, 10]",14.107751277683134,345,1380,1,1.8319826665230419,77.55,0.6305050582885742
"[2, 3, 0, 4]","[20, 30, 0, 40]",34.75201331887874,347,1388,1,2.0234837538037724,76.85,0.6710935306549072
"[0, 2, 2, 4]","[0, 20, 20, 40]",36.80550178101286,348,1392,2,2.012857962807963,78.1,0.6204372310638427
"[1, 3, 1, 4]","[10, 30, 10, 40]",35.927417273243506,350,1400,1,2.000828958353916,77.65,0.6355698432922363
"[3, 2, 3, 5]","[30, 20, 30, 60]",54.952635382788706,356,1424,1,2.1462565400556914,74.3,0.7197545166015625
"[0, 4, 2, 4]","[0, 40, 20, 40]",37.40030199783181,357,1428,1,2.011660014348175,77.8,0.6331333408355713
"[4, 2, 5, 4]","[40, 20, 60, 40]",41.61891487274792,358,1432,1,1.9154745536646813,71.05,0.8427963447570801
"[4, 2, 4, 5]","[40, 20, 40, 60]",56.15610964844355,359,1436,1,2.0491531276667656,70.0,0.8652046699523925
"[1, 3, 5, 1]","[10, 30, 60, 10]",16.500503329719685,364,1456,1,1.787720494535828,76.35,0.6623616733551025
"[1, 0, 4, 4]","[10, 0, 40, 40]",38.603453616230446,365,1460,5,2.0269396899085153,77.55,0.6282292728424073
"[4, 0, 2, 4]","[40, 0, 20, 40]",36.26668086314594,366,1464,1,1.8405143616847295,69.8,0.8880503158569336
"[1, 3, 4, 2]","[10, 30, 40, 20]",22.57966160755769,367,1468,1,1.9180010335723285,77.4,0.6389188919067382
"[3, 5, 4, 4]","[30, 60, 40, 40]",40.415440607093075,369,1476,1,1.9424177235243736,72.65,0.7710589904785157
"[2, 2, 5, 4]","[20, 20, 60, 40]",41.591005885085956,370,1480,1,2.023683986958265,75.55,0.6901017723083496
"[1, 2, 1, 3]","[10, 20, 10, 30]",27.171900005162357,372,1488,1,1.9093759944214805,77.85,0.6274969577789307
"[4, 2, 2, 4]","[40, 20, 20, 40]",36.86131975633679,374,1496,1,1.8010081737435324,69.7,0.8862609329223633
"[2, 0, 0, 2]","[20, 0, 0, 20]",16.943981983377213,375,1500,1,1.7564471823283585,77.05,0.6591627674102783
"[2, 2, 0, 4]","[20, 20, 0, 40]",34.45453254865521,379,1516,1,1.9776548967295144,76.85,0.6622219905853272
"[2, 4, 5, 4]","[20, 40, 60, 40]",42.18580610190491,380,1520,1,2.0224860384984775,75.55,0.7009224090576172
"[5, 5, 4, 4]","[60, 60, 40, 40]",40.45722342677198,385,1540,2,1.298422385848491,41.25,2.1376716079711913
"[0, 1, 4, 4]","[0, 10, 40, 40]",38.88689923080894,386,1544,4,2.0317230416801118,77.95,0.6223926506042481
"[3, 1, 4, 3]","[30, 10, 40, 30]",30.47064555263022,387,1548,1,1.9033855373799184,74.55,0.7159109382629395
"[0, 1, 5, 4]","[0, 10, 60, 40]",41.26577745082856,388,1552,1,2.0931688182501653,77.3,0.64511110496521
"[2, 4, 3, 0]","[20, 40, 30, 0]",4.785504104073099,393,1572,1,1.7108260241503022,76.05,0.6862900276184082
"[4, 3, 1, 4]","[40, 30, 10, 40]",35.96936141655051,394,1576,1,1.8232492659628199,68.55,0.9137585182189941
"[2, 3, 5, 4]","[20, 30, 60, 40]",41.888486655309485,396,1584,2,2.070162475907794,75.55,0.6958685588836669
"[2, 2, 1, 4]","[20, 20, 10, 40]",35.643971658665016,406,1624,2,1.9908485515801537,76.8,0.6625871315002442
"[0, 3, 1, 3]","[0, 30, 10, 30]",27.455506943368952,410,1640,1,1.9206572781820652,77.6,0.6278186988830566
"[2, 1, 4, 4]","[20, 10, 40, 40]",38.91480821847091,411,1644,3,2.013162807173882,76.5,0.6663873405456543
"[2, 1, 3, 1]","[20, 10, 30, 10]",12.35142093851634,420,1680,1,1.7501274618754188,76.75,0.6667496471405029
"[3, 0, 4, 3]","[30, 0, 40, 30]",30.173326106034793,423,1692,1,1.8997627110386932,74.5,0.7151548156738281
"[0, 3, 3, 4]","[0, 30, 30, 40]",38.29226033761809,425,1700,1,2.026426284623474,77.45,0.6303006973266602
"[5, 1, 4, 4]","[60, 10, 40, 40]",38.970464870166744,427,1708,1,1.3718830809234084,44.15,2.1522133255004885
"[1, 2, 2, 4]","[10, 20, 20, 40]",36.819375613029784,431,1724,2,2.0045514867496137,77.9,0.6279135513305664
"[2, 2, 2, 4]","[20, 20, 20, 40]",36.833410768674824,439,1756,1,1.9494947833038987,76.75,0.6635280342102051
"[4, 0, 4, 4]","[40, 0, 40, 40]",38.64539775953745,440,1760,1,1.8240460087777048,70.1,0.8687383728027344
"[5, 4, 4, 4]","[60, 40, 40, 40]",39.86258453358113,442,1768,1,1.3243079588048456,43.1,2.1916184158325196
"[1, 1, 2, 4]","[10, 10, 20, 40]",36.52205616643436,456,1824,1,2.0061257154105543,77.85,0.6253638648986817
"[2, 0, 4, 1]","[20, 0, 40, 10]",13.243540601930722,459,1836,1,1.8077493947590213,76.75,0.6661459255218506
"[0, 1, 3, 4]","[0, 10, 30, 40]",37.697460120799136,460,1840,2,2.0711279143305554,78.0,0.6210797290802001
"[1, 2, 4, 2]","[10, 20, 40, 20]",22.28218083733416,461,1844,1,1.8546321158657624,77.85,0.6327369594573975
"[2, 3, 2, 0]","[20, 30, 20, 0]",3.2989068710959684,463,1852,1,1.6505074749474256,76.7,0.6724449043273926
"[1, 1, 1, 4]","[10, 10, 10, 40]",35.33261705642455,465,1860,1,1.9461802199362679,77.8,0.6244000396728515
"[1, 2, 5, 4]","[10, 20, 60, 40]",41.576970729440916,468,1872,1,2.081339217905063,76.5,0.6568527603149414
"[0, 1, 1, 4]","[0, 10, 10, 40]",35.31874322440762,469,1876,1,2.001888168493535,77.95,0.6169554576873779
"[0, 0, 4, 4]","[0, 0, 40, 40]",38.58957978421351,472,1888,2,1.9832972703410523,78.0,0.6208522624969482
"[2, 1, 0, 4]","[20, 10, 0, 40]",34.15721310205978,474,1896,2,2.027280229764643,76.8,0.6596899642944336
"[2, 1, 1, 4]","[20, 10, 10, 40]",35.346652212069586,478,1912,1,1.990473884615282,76.75,0.6600968074798584
"[0, 0, 1, 4]","[0, 0, 10, 40]",35.021423777812196,481,1924,1,2.0008638696533922,78.05,0.6152573757171631
"[0, 3, 2, 1]","[0, 30, 20, 10]",11.729034381291621,482,1928,1,1.813392552561292,77.5,0.6278907299041748
"[2, 0, 2, 4]","[20, 0, 20, 40]",36.23877187548397,483,1932,1,1.9928987624967194,76.95,0.6597954235076904
"[1, 1, 4, 5]","[10, 10, 40, 60]",55.81684605854112,486,1944,1,2.194526191204727,77.85,0.6278880805969238
"[2, 2, 4, 5]","[20, 20, 40, 60]",56.12820066078158,487,1948,1,2.183997467846447,76.65,0.666443359375
"[0, 1, 2, 4]","[0, 10, 20, 40]",36.50818233441743,488,1952,1,2.063132927718362,77.85,0.617933219909668
"[1, 1, 0, 4]","[10, 10, 0, 40]",34.143177946414745,492,1968,1,1.9888332519630647,78.0,0.6239275913238526
"[2, 3, 3, 4]","[20, 30, 30, 40]",38.320169325280055,500,2000,1,2.0052675226161614,76.7,0.6769250164031982
