condition,episode,mean_best,share_with_band
A0,1,70.95,0.025
A0,2,70.95,0.025
A0,3,70.95,0.025
A0,4,70.95,0.025
A0,5,70.95,0.025
A0,6,70.95,0.025
A0,7,71.025,0.05
A0,8,71.025,0.05
A0,9,72.98333333333333,0.075
A0,10,72.98333333333333,0.075
A0,11,74.125,0.1
A0,12,74.82000000000001,0.125
A0,13,74.82000000000001,0.125
A0,14,75.27142857142857,0.175
A0,15,75.48125,0.2
A0,16,75.71666666666667,0.225
A0,17,75.71666666666667,0.225
A0,18,75.71666666666667,0.225
A0,19,75.71666666666667,0.225
A0,20,75.71666666666667,0.225
A0,21,72.595,0.25
A0,22,72.595,0.25
A0,23,72.595,0.25
A0,24,72.595,0.25
A0,25,72.595,0.25
A0,26,72.595,0.25
A0,27,72.595,0.25
A0,28,72.595,0.25
A0,29,72.595,0.25
A0,30,72.96818181818182,0.275
A0,31,72.96818181818182,0.275
A0,32,72.96818181818182,0.275
A0,33,72.96818181818182,0.275
A0,34,72.96818181818182,0.275
A0,35,72.8,0.3
A0,36,72.95,0.325
A0,37,72.95,0.325
A0,38,73.28214285714286,0.35
A0,39,73.28214285714286,0.35
A0,40,73.28214285714286,0.35
A0,41,73.52666666666667,0.375
A0,42,73.52666666666667,0.375
A0,43,73.52666666666667,0.375
A0,44,73.603125,0.4
A0,45,73.603125,0.4
A0,46,73.603125,0.4
A0,47,73.603125,0.4
A0,48,73.603125,0.4
A0,49,73.603125,0.4
A0,50,73.603125,0.4
A0,51,73.83823529411765,0.425
A0,52,73.83823529411765,0.425
A0,53,73.83823529411765,0.425
A0,54,73.83823529411765,0.425
A0,55,74.04736842105264,0.475
A0,56,74.04736842105264,0.475
A0,57,74.04736842105264,0.475
A0,58,74.04736842105264,0.475
A0,59,74.04736842105264,0.475
A0,60,74.04736842105264,0.475
A0,61,74.04736842105264,0.475
A0,62,74.04736842105264,0.475
A0,63,74.04736842105264,0.475
A0,64,73.8925,0.5
A0,65,73.8925,0.5
A0,66,73.8925,0.5
A0,67,73.8925,0.5
A0,68,74.03809523809524,0.525
A0,69,74.03809523809524,0.525
A0,70,74.03809523809524,0.525
A0,71,74.03809523809524,0.525
A0,72,74.03809523809524,0.525
A0,73,74.03809523809524,0.525
A0,74,74.03809523809524,0.525
A0,75,74.06904761904762,0.525
A0,76,74.06904761904762,0.525
A0,77,74.06904761904762,0.525
A0,78,74.06904761904762,0.525
A0,79,74.06904761904762,0.525
A0,80,74.06904761904762,0.525
A0,81,74.06904761904762,0.525
A0,82,74.06904761904762,0.525
A0,83,74.06904761904762,0.525
A0,84,74.22727272727273,0.55
A0,85,74.22727272727273,0.55
A0,86,74.22727272727273,0.55
A0,87,74.22727272727273,0.55
A0,88,74.23636363636363,0.55
A0,89,74.23636363636363,0.55
A0,90,72.95,0.575
A0,91,72.95,0.575
A0,92,72.95,0.575
A0,93,72.95,0.575
A0,94,72.95,0.575
A0,95,72.95,0.575
A0,96,72.95,0.575
A0,97,72.95,0.575
A0,98,72.95,0.575
A0,99,72.95,0.575
A0,100,72.95,0.575
A0,101,72.95,0.575
A0,102,72.95,0.575
A0,103,72.95,0.575
A0,104,72.95,0.575
A0,105,73.21739130434783,0.575
A0,106,73.21739130434783,0.575
A0,107,73.21739130434783,0.575
A0,108,73.21739130434783,0.575
A0,109,73.21739130434783,0.575
A0,110,73.21739130434783,0.575
A0,111,73.37916666666666,0.6
A0,112,73.37916666666666,0.6
A0,113,73.37916666666666,0.6
A0,114,73.37916666666666,0.6
A0,115,73.37916666666666,0.6
A0,116,73.37916666666666,0.6
A0,117,73.37916666666666,0.6
A0,118,73.37916666666666,0.6
A0,119,73.37916666666666,0.6
A0,120,73.575,0.6
A0,121,73.575,0.6
A0,122,73.575,0.6
A0,123,73.575,0.6
A0,124,73.575,0.6
A0,125,73.575,0.6
A0,126,73.575,0.6
A0,127,73.47,0.625
A0,128,73.47,0.625
A0,129,73.47,0.625
A0,130,73.558,0.625
A0,131,73.558,0.625
A0,132,73.558,0.625
A0,133,73.558,0.625
A0,134,73.558,0.625
A0,135,73.45769230769231,0.65
A0,136,73.45769230769231,0.65
A0,137,73.45769230769231,0.65
A0,138,73.45769230769231,0.65
A0,139,73.45769230769231,0.65
A0,140,73.45769230769231,0.65
A0,141,73.45769230769231,0.65
A0,142,73.45769230769231,0.65
A0,143,73.45769230769231,0.65
A0,144,73.45769230769231,0.65
A0,145,72.39074074074074,0.675
A0,146,72.39074074074074,0.675
A0,147,72.39074074074074,0.675
A0,148,72.39074074074074,0.675
A0,149,72.34464285714286,0.7
A0,150,72.34464285714286,0.7
A0,151,72.34464285714286,0.7
A0,152,72.34464285714286,0.7
A0,153,72.34464285714286,0.7
A0,154,72.34464285714286,0.7
A0,155,72.34464285714286,0.7
A0,156,72.34464285714286,0.7
A0,157,72.34464285714286,0.7
A0,158,72.34464285714286,0.7
A0,159,72.34464285714286,0.7
A0,160,72.4948275862069,0.725
A0,161,72.4948275862069,0.725
A0,162,72.4948275862069,0.725
A0,163,73.60000000000001,0.725
A0,164,73.60000000000001,0.725
A0,165,73.66206896551724,0.725
A0,166,73.66206896551724,0.725
A0,167,73.66206896551724,0.725
A0,168,73.66206896551724,0.725
A0,169,73.66206896551724,0.725
A0,170,73.66206896551724,0.725
A0,171,73.66206896551724,0.725
A0,172,73.66206896551724,0.725
A0,173,73.66206896551724,0.725
A0,174,73.76333333333334,0.75
A0,175,73.76333333333334,0.75
A0,176,73.82903225806452,0.775
A0,177,73.85806451612903,0.775
A0,178,73.85806451612903,0.775
A0,179,73.85806451612903,0.775
A0,180,73.85806451612903,0.775
A0,181,73.85806451612903,0.775
A0,182,73.85806451612903,0.775
A0,183,73.85806451612903,0.775
A0,184,73.85806451612903,0.775
A0,185,73.85806451612903,0.775
A0,186,73.85806451612903,0.775
A0,187,73.85806451612903,0.775
A0,188,73.85806451612903,0.775
A0,189,73.85806451612903,0.775
A0,190,73.85806451612903,0.775
A0,191,73.87258064516129,0.775
A0,192,73.87258064516129,0.775
A0,193,73.87258064516129,0.775
A0,194,73.87258064516129,0.775
A0,195,73.87258064516129,0.775
A0,196,73.87258064516129,0.775
A0,197,73.87258064516129,0.775
A0,198,73.88548387096773,0.775
A0,199,73.88548387096773,0.775
A0,200,73.88548387096773,0.775
A0,201,73.88548387096773,0.775
A0,202,73.88548387096773,0.775
A0,203,73.88548387096773,0.775
A0,204,73.94193548387096,0.775
A0,205,73.94193548387096,0.775
A0,206,73.94193548387096,0.775
A0,207,73.94193548387096,0.775
A0,208,73.94193548387096,0.775
A0,209,73.94193548387096,0.775
A0,210,73.94193548387096,0.775
A0,211,73.94193548387096,0.775
A0,212,73.94193548387096,0.775
A0,213,73.94193548387096,0.775
A0,214,73.94193548387096,0.775
A0,215,73.94193548387096,0.775
A0,216,73.94193548387096,0.775
A0,217,73.94193548387096,0.775
A0,218,73.94193548387096,0.775
A0,219,73.94193548387096,0.775
A0,220,73.94193548387096,0.775
A0,221,73.94193548387096,0.775
A0,222,73.94193548387096,0.775
A0,223,73.94193548387096,0.775
A0,224,73.95483870967742,0.775
A0,225,73.95483870967742,0.775
A0,226,73.99516129032257,0.775
A0,227,73.99516129032257,0.775
A0,228,73.99677419354839,0.775
A0,229,73.99677419354839,0.775
A0,230,74.1203125,0.8
A0,231,74.1203125,0.8
A0,232,74.1203125,0.8
A0,233,74.1203125,0.8
A0,234,74.1203125,0.8
A0,235,74.1203125,0.8
A0,236,74.1203125,0.8
A0,237,74.1203125,0.8
A0,238,74.121875,0.8
A0,239,74.121875,0.8
A0,240,74.121875,0.8
A0,241,74.121875,0.8
A0,242,74.121875,0.8
A0,243,74.121875,0.8
A0,244,74.121875,0.8
A0,245,74.121875,0.8
A0,246,74.121875,0.8
A0,247,74.121875,0.8
A0,248,74.121875,0.8
A0,249,74.121875,0.8
A0,250,74.121875,0.8
A0,251,74.121875,0.8
A0,252,75.09531249999999,0.8
A0,253,75.09531249999999,0.8
A0,254,75.2484375,0.8
A0,255,75.2484375,0.8
A0,256,75.2484375,0.8
A0,257,75.2484375,0.8
A0,258,75.2484375,0.8
A0,259,75.2484375,0.8
A0,260,75.2484375,0.8
A0,261,75.2484375,0.8
A0,262,75.2484375,0.8
A0,263,75.2484375,0.8
A0,264,75.2765625,0.8
A0,265,75.2765625,0.8
A0,266,75.2765625,0.8
A0,267,75.2765625,0.8
A0,268,75.2765625,0.8
A0,269,75.26060606060605,0.825
A0,270,75.26060606060605,0.825
A0,271,75.26666666666665,0.825
A0,272,75.26666666666665,0.825
A0,273,75.26666666666665,0.825
A0,274,75.26666666666665,0.825
A0,275,75.26666666666665,0.825
A0,276,75.44090909090909,0.825
A0,277,75.44090909090909,0.825
A0,278,75.44090909090909,0.825
A0,279,75.44090909090909,0.825
A0,280,75.44090909090909,0.825
A0,281,75.52424242424242,0.825
A0,282,75.52424242424242,0.825
A0,283,75.52424242424242,0.825
A0,284,75.53787878787878,0.825
A0,285,75.53787878787878,0.825
A0,286,75.53787878787878,0.825
A0,287,75.55151515151515,0.825
A0,288,75.55151515151515,0.825
A0,289,75.58333333333333,0.825
A0,290,75.58333333333333,0.825
A0,291,75.58333333333333,0.825
A0,292,75.58333333333333,0.825
A0,293,75.58333333333333,0.825
A0,294,75.58333333333333,0.825
A0,295,75.58333333333333,0.825
A0,296,75.58333333333333,0.825
A0,297,75.58333333333333,0.825
A0,298,75.58333333333333,0.825
A0,299,75.61617647058823,0.85
A0,300,75.61617647058823,0.85
A0,301,75.61617647058823,0.85
A0,302,75.61617647058823,0.85
A0,303,75.61617647058823,0.85
A0,304,75.61617647058823,0.85
A0,305,75.61617647058823,0.85
A0,306,75.59142857142857,0.875
A0,307,75.59142857142857,0.875
A0,308,75.59142857142857,0.875
A0,309,75.59142857142857,0.875
A0,310,75.59142857142857,0.875
A0,311,75.59142857142857,0.875
A0,312,75.59142857142857,0.875
A0,313,75.59142857142857,0.875
A0,314,75.59142857142857,0.875
A0,315,75.59142857142857,0.875
A0,316,75.59142857142857,0.875
A0,317,75.59142857142857,0.875
A0,318,75.59142857142857,0.875
A0,319,75.59285714285714,0.875
A0,320,75.59285714285714,0.875
A0,321,75.59285714285714,0.875
A0,322,75.59285714285714,0.875
A0,323,75.59857142857142,0.875
A0,324,75.59857142857142,0.875
A0,325,75.59857142857142,0.875
A0,326,75.6,0.875
A0,327,75.6,0.875
A0,328,75.6,0.875
A0,329,75.60142857142857,0.875
A0,330,75.69285714285714,0.875
A0,331,75.69285714285714,0.875
A0,332,75.69285714285714,0.875
A0,333,75.69285714285714,0.875
A0,334,75.7,0.875
A0,335,75.7,0.875
A0,336,75.7,0.875
A0,337,75.7,0.875
A0,338,75.7,0.875
A0,339,75.7,0.875
A0,340,75.7,0.875
A0,341,75.7,0.875
A0,342,75.70277777777777,0.9
A0,343,75.70277777777777,0.9
A0,344,75.70972222222221,0.9
A0,345,75.70972222222221,0.9
A0,346,75.70972222222221,0.9
A0,347,75.72777777777777,0.9
A0,348,75.72777777777777,0.9
A0,349,75.72777777777777,0.9
A0,350,75.72777777777777,0.9
A0,351,75.72777777777777,0.9
A0,352,75.72777777777777,0.9
A0,353,75.72777777777777,0.9
A0,354,75.72777777777777,0.9
A0,355,75.72777777777777,0.9
A0,356,75.72916666666667,0.9
A0,357,75.72916666666667,0.9
A0,358,75.72916666666667,0.9
A0,359,75.75972222222222,0.9
A0,360,75.77222222222221,0.9
A0,361,75.79729729729729,0.925
A0,362,75.79729729729729,0.925
A0,363,75.79729729729729,0.925
A0,364,75.79729729729729,0.925
A0,365,75.79729729729729,0.925
A0,366,75.79729729729729,0.925
A0,367,75.81351351351351,0.925
A0,368,75.81351351351351,0.925
A0,369,75.81351351351351,0.925
A0,370,75.8662162162162,0.925
A0,371,75.8662162162162,0.925
A0,372,75.8662162162162,0.925
A0,373,75.8662162162162,0.925
A0,374,75.8662162162162,0.925
A0,375,75.8662162162162,0.925
A0,376,75.8662162162162,0.925
A0,377,75.8662162162162,0.925
A0,378,75.8662162162162,0.925
A0,379,75.8662162162162,0.925
A0,380,75.87162162162163,0.925
A0,381,75.8891891891892,0.925
A0,382,75.90270270270271,0.925
A0,383,76.06486486486487,0.925
A0,384,76.0662162162162,0.925
A0,385,76.0662162162162,0.925
A0,386,76.0662162162162,0.925
A0,387,76.0662162162162,0.925
A0,388,76.0662162162162,0.925
A0,389,76.0662162162162,0.925
A0,390,76.0662162162162,0.925
A0,391,76.0662162162162,0.925
A0,392,76.08947368421053,0.95
A0,393,76.08947368421053,0.95
A0,394,76.15789473684211,0.95
A0,395,76.15789473684211,0.95
A0,396,76.15789473684211,0.95
A0,397,76.15789473684211,0.95
A0,398,76.15789473684211,0.95
A0,399,76.17105263157895,0.95
A0,400,76.17105263157895,0.95
A0,401,76.19736842105263,0.95
A0,402,76.19736842105263,0.95
A0,403,76.19736842105263,0.95
A0,404,76.19736842105263,0.95
A0,405,76.20131578947367,0.95
A0,406,76.20131578947367,0.95
A0,407,76.20131578947367,0.95
A0,408,76.20131578947367,0.95
A0,409,76.20131578947367,0.95
A0,410,76.20131578947367,0.95
A0,411,76.20131578947367,0.95
A0,412,76.20131578947367,0.95
A0,413,76.20131578947367,0.95
A0,414,76.20131578947367,0.95
A0,415,76.20131578947367,0.95
A0,416,76.20131578947367,0.95
A0,417,76.20131578947367,0.95
A0,418,76.20131578947367,0.95
A0,419,76.20131578947367,0.95
A0,420,76.20131578947367,0.95
A0,421,76.20131578947367,0.95
A0,422,76.20131578947367,0.95
A0,423,76.20131578947367,0.95
A0,424,76.20131578947367,0.95
A0,425,76.20131578947367,0.95
A0,426,76.21447368421052,0.95
A0,427,76.21447368421052,0.95
A0,428,76.22631578947369,0.95
A0,429,76.22631578947369,0.95
A0,430,76.22763157894735,0.95
A0,431,76.22763157894735,0.95
A0,432,76.23947368421052,0.95
A0,433,76.23947368421052,0.95
A0,434,76.2407894736842,0.95
A0,435,76.24736842105263,0.95
A0,436,76.24736842105263,0.95
A0,437,76.24736842105263,0.95
A0,438,76.24736842105263,0.95
A0,439,76.24736842105263,0.95
A0,440,76.24736842105263,0.95
A0,441,76.24736842105263,0.95
A0,442,76.26315789473684,0.95
A0,443,76.27631578947368,0.95
A0,444,76.27631578947368,0.95
A0,445,76.29342105263157,0.95
A0,446,76.29342105263157,0.95
A0,447,76.29342105263157,0.95
A0,448,76.29473684210525,0.95
A0,449,76.29473684210525,0.95
A0,450,76.29473684210525,0.95
A0,451,76.29473684210525,0.95
A0,452,76.29473684210525,0.95
A0,453,76.29473684210525,0.95
A0,454,76.29473684210525,0.95
A0,455,76.29473684210525,0.95
A0,456,76.29473684210525,0.95
A0,457,76.29473684210525,0.95
A0,458,76.29473684210525,0.95
A0,459,76.29473684210525,0.95
A0,460,76.29473684210525,0.95
A0,461,76.29473684210525,0.95
A0,462,76.29473684210525,0.95
A0,463,76.29473684210525,0.95
A0,464,76.29473684210525,0.95
A0,465,76.29605263157895,0.95
A0,466,76.29605263157895,0.95
A0,467,76.29736842105262,0.95
A0,468,76.29736842105262,0.95
A0,469,76.3157894736842,0.95
A0,470,76.3157894736842,0.95
A0,471,76.3157894736842,0.95
A0,472,76.32894736842105,0.95
A0,473,76.32894736842105,0.95
A0,474,76.32894736842105,0.95
A0,475,76.32894736842105,0.95
A0,476,76.32894736842105,0.95
A0,477,76.32894736842105,0.95
A0,478,76.32894736842105,0.95
A0,479,76.34210526315789,0.95
A0,480,76.34210526315789,0.95
A0,481,76.34210526315789,0.95
A0,482,76.34210526315789,0.95
A0,483,76.34210526315789,0.95
A0,484,76.34210526315789,0.95
A0,485,76.34210526315789,0.95
A0,486,76.34210526315789,0.95
A0,487,76.34210526315789,0.95
A0,488,76.34210526315789,0.95
A0,489,76.34210526315789,0.95
A0,490,76.34210526315789,0.95
A0,491,76.34210526315789,0.95
A0,492,76.34210526315789,0.95
A0,493,76.34210526315789,0.95
A0,494,76.34210526315789,0.95
A0,495,76.34210526315789,0.95
A0,496,76.34210526315789,0.95
A0,497,76.34342105263157,0.95
A0,498,76.34342105263157,0.95
A0,499,76.34342105263157,0.95
A0,500,76.34342105263157,0.95
A0,501,76.34342105263157,0.95
A0,502,76.34342105263157,0.95
A0,503,76.34342105263157,0.95
A0,504,76.34342105263157,0.95
A0,505,76.34342105263157,0.95
A0,506,76.34342105263157,0.95
A0,507,76.34342105263157,0.95
A0,508,76.34342105263157,0.95
A0,509,76.34342105263157,0.95
A0,510,76.34342105263157,0.95
A0,511,76.34342105263157,0.95
A0,512,76.34342105263157,0.95
A1,1,70.95,0.025
A1,2,70.95,0.025
A1,3,70.95,0.025
A1,4,70.95,0.025
A1,5,70.95,0.025
A1,6,70.95,0.025
A1,7,71.025,0.05
A1,8,71.025,0.05
A1,9,72.98333333333333,0.075
A1,10,72.98333333333333,0.075
A1,11,74.125,0.1
A1,12,74.82000000000001,0.125
A1,13,74.82000000000001,0.125
A1,14,75.35714285714286,0.175
A1,15,75.55625,0.2
A1,16,75.78333333333333,0.225
A1,17,75.78333333333333,0.225
A1,18,75.78333333333333,0.225
A1,19,75.78333333333333,0.225
A1,20,75.78333333333333,0.225
A1,21,72.655,0.25
A1,22,72.655,0.25
A1,23,72.655,0.25
A1,24,72.655,0.25
A1,25,72.655,0.25
A1,26,72.655,0.25
A1,27,72.655,0.25
A1,28,72.655,0.25
A1,29,72.655,0.25
A1,30,73.02272727272727,0.275
A1,31,73.02272727272727,0.275
A1,32,73.02272727272727,0.275
A1,33,73.02272727272727,0.275
A1,34,75.5625,0.3
A1,35,75.20769230769231,0.325
A1,36,75.28999999999999,0.375
A1,37,75.28999999999999,0.375
A1,38,75.36875,0.4
A1,39,75.36875,0.4
A1,40,75.36875,0.4
A1,41,75.46176470588235,0.425
A1,42,75.46176470588235,0.425
A1,43,75.46176470588235,0.425
A1,44,75.46176470588235,0.425
A1,45,75.46176470588235,0.425
A1,46,75.46176470588235,0.425
A1,47,75.46176470588235,0.425
A1,48,75.46176470588235,0.425
A1,49,75.46176470588235,0.425
A1,50,75.46176470588235,0.425
A1,51,75.58055555555556,0.45
A1,52,75.58055555555556,0.45
A1,53,75.58055555555556,0.45
A1,54,75.58055555555556,0.45
A1,55,75.59210526315789,0.475
A1,56,75.59210526315789,0.475
A1,57,75.59210526315789,0.475
A1,58,75.59210526315789,0.475
A1,59,75.59210526315789,0.475
A1,60,75.59210526315789,0.475
A1,61,75.59210526315789,0.475
A1,62,75.59210526315789,0.475
A1,63,75.69,0.5
A1,64,75.46428571428571,0.525
A1,65,75.46428571428571,0.525
A1,66,75.46428571428571,0.525
A1,67,75.46428571428571,0.525
A1,68,75.81136363636364,0.55
A1,69,75.81136363636364,0.55
A1,70,75.81136363636364,0.55
A1,71,75.81136363636364,0.55
A1,72,75.81136363636364,0.55
A1,73,75.81136363636364,0.55
A1,74,75.81136363636364,0.55
A1,75,75.81136363636364,0.55
A1,76,75.81136363636364,0.55
A1,77,75.81136363636364,0.55
A1,78,75.81136363636364,0.55
A1,79,75.81136363636364,0.55
A1,80,75.81136363636364,0.55
A1,81,75.81136363636364,0.55
A1,82,75.81136363636364,0.55
A1,83,75.81136363636364,0.55
A1,84,75.88695652173912,0.575
A1,85,75.88695652173912,0.575
A1,86,75.88695652173912,0.575
A1,87,75.88695652173912,0.575
A1,88,75.87708333333333,0.6
A1,89,75.87708333333333,0.6
A1,90,75.87708333333333,0.6
A1,91,75.87708333333333,0.6
A1,92,75.92,0.625
A1,93,75.72884615384615,0.65
A1,94,75.72884615384615,0.65
A1,95,75.72884615384615,0.65
A1,96,75.72884615384615,0.65
A1,97,75.72884615384615,0.65
A1,98,75.72884615384615,0.65
A1,99,75.72884615384615,0.65
A1,100,75.72884615384615,0.65
A1,101,75.72884615384615,0.65
A1,102,75.72884615384615,0.65
A1,103,75.72884615384615,0.65
A1,104,75.72884615384615,0.65
A1,105,75.72884615384615,0.65
A1,106,75.72884615384615,0.65
A1,107,75.72884615384615,0.65
A1,108,75.72884615384615,0.65
A1,109,75.72884615384615,0.65
A1,110,75.72884615384615,0.65
A1,111,75.78518518518518,0.675
A1,112,75.78518518518518,0.675
A1,113,75.78518518518518,0.675
A1,114,75.78518518518518,0.675
A1,115,75.78518518518518,0.675
A1,116,75.78518518518518,0.675
A1,117,75.78518518518518,0.675
A1,118,75.78518518518518,0.675
A1,119,75.78518518518518,0.675
A1,120,75.95925925925927,0.675
A1,121,76.14074074074072,0.675
A1,122,76.14074074074072,0.675
A1,123,76.14074074074072,0.675
A1,124,76.14074074074072,0.675
A1,125,76.14074074074072,0.675
A1,126,76.14074074074072,0.675
A1,127,76.14074074074072,0.675
A1,128,76.14074074074072,0.675
A1,129,76.14074074074072,0.675
A1,130,76.2537037037037,0.675
A1,131,76.2537037037037,0.675
A1,132,76.2537037037037,0.675
A1,133,76.2537037037037,0.675
A1,134,76.2537037037037,0.675
A1,135,76.27962962962962,0.675
A1,136,76.27962962962962,0.675
A1,137,76.30185185185185,0.675
A1,138,76.30185185185185,0.675
A1,139,76.30185185185185,0.675
A1,140,76.30185185185185,0.675
A1,141,76.30185185185185,0.675
A1,142,76.30185185185185,0.675
A1,143,76.24642857142858,0.7
A1,144,76.24642857142858,0.7
A1,145,76.24642857142858,0.7
A1,146,76.24642857142858,0.7
A1,147,76.24642857142858,0.7
A1,148,76.24642857142858,0.7
A1,149,76.24642857142858,0.7
A1,150,76.24642857142858,0.7
A1,151,76.24642857142858,0.7
A1,152,76.24642857142858,0.7
A1,153,76.24642857142858,0.7
A1,154,76.24642857142858,0.7
A1,155,76.325,0.7
A1,156,76.325,0.7
A1,157,76.325,0.7
A1,158,76.13965517241378,0.725
A1,159,76.13965517241378,0.725
A1,160,76.15833333333333,0.75
A1,161,76.15833333333333,0.75
A1,162,76.15833333333333,0.75
A1,163,76.15833333333333,0.75
A1,164,76.15833333333333,0.75
A1,165,76.21833333333332,0.75
A1,166,76.21833333333332,0.75
A1,167,76.38166666666666,0.75
A1,168,76.38166666666666,0.75
A1,169,76.38166666666666,0.75
A1,170,76.38166666666666,0.75
A1,171,76.38166666666666,0.75
A1,172,76.38166666666666,0.75
A1,173,76.38166666666666,0.75
A1,174,76.39193548387097,0.775
A1,175,76.39677419354838,0.775
A1,176,76.39677419354838,0.775
A1,177,76.4258064516129,0.775
A1,178,76.45483870967742,0.775
A1,179,76.45483870967742,0.775
A1,180,76.45645161290322,0.775
A1,181,76.45645161290322,0.775
A1,182,76.47258064516129,0.775
A1,183,76.47258064516129,0.775
A1,184,76.47258064516129,0.775
A1,185,76.47258064516129,0.775
A1,186,76.47258064516129,0.775
A1,187,76.47258064516129,0.775
A1,188,76.47258064516129,0.775
A1,189,76.47258064516129,0.775
A1,190,76.47258064516129,0.775
A1,191,76.48709677419355,0.775
A1,192,76.48709677419355,0.775
A1,193,76.48709677419355,0.775
A1,194,76.48709677419355,0.775
A1,195,76.48709677419355,0.775
A1,196,76.48709677419355,0.775
A1,197,76.48709677419355,0.775
A1,198,76.61774193548388,0.775
A1,199,76.61774193548388,0.775
A1,200,76.61774193548388,0.775
A1,201,76.61774193548388,0.775
A1,202,76.61774193548388,0.775
A1,203,76.61774193548388,0.775
A1,204,76.61774193548388,0.775
A1,205,76.61774193548388,0.775
A1,206,76.61774193548388,0.775
A1,207,76.61774193548388,0.775
A1,208,76.61774193548388,0.775
A1,209,76.61774193548388,0.775
A1,210,76.61774193548388,0.775
A1,211,76.628125,0.8
A1,212,76.628125,0.8
A1,213,76.628125,0.8
A1,214,76.57121212121211,0.825
A1,215,76.57121212121211,0.825
A1,216,76.57121212121211,0.825
A1,217,76.58939393939393,0.825
A1,218,76.58939393939393,0.825
A1,219,76.58939393939393,0.825
A1,220,76.58939393939393,0.825
A1,221,76.58939393939393,0.825
A1,222,76.58939393939393,0.825
A1,223,76.58939393939393,0.825
A1,224,76.5939393939394,0.825
A1,225,76.5939393939394,0.825
A1,226,76.61212121212121,0.825
A1,227,76.61212121212121,0.825
A1,228,76.64090909090909,0.825
A1,229,76.64090909090909,0.825
A1,230,76.73181818181818,0.825
A1,231,76.76969696969697,0.825
A1,232,76.76969696969697,0.825
A1,233,76.76969696969697,0.825
A1,234,76.76969696969697,0.825
A1,235,76.76969696969697,0.825
A1,236,76.76969696969697,0.825
A1,237,76.76969696969697,0.825
A1,238,76.76969696969697,0.825
A1,239,76.76969696969697,0.825
A1,240,76.76969696969697,0.825
A1,241,76.76969696969697,0.825
A1,242,76.76969696969697,0.825
A1,243,76.76969696969697,0.825
A1,244,76.76969696969697,0.825
A1,245,76.76969696969697,0.825
A1,246,76.78333333333333,0.825
A1,247,76.7235294117647,0.85
A1,248,76.7235294117647,0.85
A1,249,76.7235294117647,0.85
A1,250,76.7235294117647,0.85
A1,251,76.66714285714285,0.875
A1,252,76.67285714285714,0.875
A1,253,76.67285714285714,0.875
A1,254,76.81285714285714,0.875
A1,255,76.81285714285714,0.875
A1,256,76.81285714285714,0.875
A1,257,76.81285714285714,0.875
A1,258,76.84857142857142,0.875
A1,259,76.84857142857142,0.875
A1,260,76.84857142857142,0.875
A1,261,76.84857142857142,0.875
A1,262,76.84857142857142,0.875
A1,263,76.84857142857142,0.875
A1,264,76.84857142857142,0.875
A1,265,76.84857142857142,0.875
A1,266,76.84857142857142,0.875
A1,267,76.84857142857142,0.875
A1,268,76.85,0.875
A1,269,76.79166666666667,0.9
A1,270,76.79166666666667,0.9
A1,271,76.79166666666667,0.9
A1,272,76.79166666666667,0.9
A1,273,76.79166666666667,0.9
A1,274,76.79166666666667,0.9
A1,275,76.79305555555555,0.9
A1,276,76.79305555555555,0.9
A1,277,76.63918918918918,0.925
A1,278,76.63918918918918,0.925
A1,279,76.63918918918918,0.925
A1,280,76.63918918918918,0.925
A1,281,76.68513513513513,0.925
A1,282,76.68513513513513,0.925
A1,283,76.68513513513513,0.925
A1,284,76.68513513513513,0.925
A1,285,76.68513513513513,0.925
A1,286,76.6972972972973,0.925
A1,287,76.6972972972973,0.925
A1,288,76.6972972972973,0.925
A1,289,76.7554054054054,0.925
A1,290,76.7554054054054,0.925
A1,291,76.78108108108108,0.925
A1,292,76.78243243243243,0.925
A1,293,76.78243243243243,0.925
A1,294,76.78243243243243,0.925
A1,295,76.78243243243243,0.925
A1,296,76.78243243243243,0.925
A1,297,76.78243243243243,0.925
A1,298,76.78243243243243,0.925
A1,299,76.83513513513513,0.925
A1,300,76.86486486486487,0.925
A1,301,76.86486486486487,0.925
A1,302,76.8945945945946,0.925
A1,303,76.8945945945946,0.925
A1,304,76.8945945945946,0.925
A1,305,76.95405405405404,0.925
A1,306,76.95405405405404,0.925
A1,307,76.95405405405404,0.925
A1,308,76.97702702702703,0.925
A1,309,77.12837837837837,0.925
A1,310,77.16621621621621,0.925
A1,311,77.16621621621621,0.925
A1,312,77.16621621621621,0.925
A1,313,77.16621621621621,0.925
A1,314,77.16621621621621,0.925
A1,315,77.16621621621621,0.925
A1,316,77.16621621621621,0.925
A1,317,77.16621621621621,0.925
A1,318,77.16621621621621,0.925
A1,319,77.16756756756756,0.925
A1,320,77.16891891891892,0.925
A1,321,77.33108108108108,0.925
A1,322,77.33108108108108,0.925
A1,323,77.33648648648648,0.925
A1,324,77.33648648648648,0.925
A1,325,77.33648648648648,0.925
A1,326,77.33648648648648,0.925
A1,327,77.33648648648648,0.925
A1,328,77.33648648648648,0.925
A1,329,77.33783783783784,0.925
A1,330,77.33918918918918,0.925
A1,331,77.33918918918918,0.925
A1,332,77.33918918918918,0.925
A1,333,77.33918918918918,0.925
A1,334,77.33918918918918,0.925
A1,335,77.33918918918918,0.925
A1,336,77.29868421052632,0.95
A1,337,77.29868421052632,0.95
A1,338,77.29868421052632,0.95
A1,339,77.29868421052632,0.95
A1,340,77.29868421052632,0.95
A1,341,77.29868421052632,0.95
A1,342,77.32631578947367,0.95
A1,343,77.32631578947367,0.95
A1,344,77.33289473684209,0.95
A1,345,77.33289473684209,0.95
A1,346,77.33289473684209,0.95
A1,347,77.33289473684209,0.95
A1,348,77.33289473684209,0.95
A1,349,77.33289473684209,0.95
A1,350,77.33289473684209,0.95
A1,351,77.33289473684209,0.95
A1,352,77.33289473684209,0.95
A1,353,77.33289473684209,0.95
A1,354,77.33289473684209,0.95
A1,355,77.33289473684209,0.95
A1,356,77.33421052631579,0.95
A1,357,77.33552631578948,0.95
A1,358,77.33552631578948,0.95
A1,359,77.33552631578948,0.95
A1,360,77.33552631578948,0.95
A1,361,77.33552631578948,0.95
A1,362,77.33552631578948,0.95
A1,363,77.33552631578948,0.95
A1,364,77.33552631578948,0.95
A1,365,77.35921052631578,0.95
A1,366,77.35921052631578,0.95
A1,367,77.35921052631578,0.95
A1,368,77.35921052631578,0.95
A1,369,77.35921052631578,0.95
A1,370,77.35921052631578,0.95
A1,371,77.35921052631578,0.95
A1,372,77.35921052631578,0.95
A1,373,77.35921052631578,0.95
A1,374,77.35921052631578,0.95
A1,375,77.35921052631578,0.95
A1,376,77.35921052631578,0.95
A1,377,77.35921052631578,0.95
A1,378,77.35921052631578,0.95
A1,379,77.35921052631578,0.95
A1,380,77.35921052631578,0.95
A1,381,77.37631578947368,0.95
A1,382,77.37631578947368,0.95
A1,383,77.37631578947368,0.95
A1,384,77.30897435897435,0.975
A1,385,77.31282051282051,0.975
A1,386,77.31282051282051,0.975
A1,387,77.31282051282051,0.975
A1,388,77.31282051282051,0.975
A1,389,77.31282051282051,0.975
A1,390,77.31282051282051,0.975
A1,391,77.31282051282051,0.975
A1,392,77.34230769230768,0.975
A1,393,77.34230769230768,0.975
A1,394,77.3551282051282,0.975
A1,395,77.3551282051282,0.975
A1,396,77.3551282051282,0.975
A1,397,77.3551282051282,0.975
A1,398,77.3551282051282,0.975
A1,399,77.3551282051282,0.975
A1,400,77.3551282051282,0.975
A1,401,77.35897435897436,0.975
A1,402,77.35897435897436,0.975
A1,403,77.35897435897436,0.975
A1,404,77.35897435897436,0.975
A1,405,77.3628205128205,0.975
A1,406,77.3628205128205,0.975
A1,407,77.3628205128205,0.975
A1,408,77.3628205128205,0.975
A1,409,77.3628205128205,0.975
A1,410,77.3628205128205,0.975
A1,411,77.42307692307692,0.975
A1,412,77.42307692307692,0.975
A1,413,77.43461538461538,0.975
A1,414,77.43461538461538,0.975
A1,415,77.43461538461538,0.975
A1,416,77.43461538461538,0.975
A1,417,77.43461538461538,0.975
A1,418,77.44615384615383,0.975
A1,419,77.44615384615383,0.975
A1,420,77.4628205128205,0.975
A1,421,77.4628205128205,0.975
A1,422,77.4628205128205,0.975
A1,423,77.4628205128205,0.975
A1,424,77.4628205128205,0.975
A1,425,77.46410256410256,0.975
A1,426,77.46410256410256,0.975
A1,427,77.46410256410256,0.975
A1,428,77.47564102564102,0.975
A1,429,77.47564102564102,0.975
A1,430,77.47564102564102,0.975
A1,431,77.47564102564102,0.975
A1,432,77.47564102564102,0.975
A1,433,77.47564102564102,0.975
A1,434,77.54871794871794,0.975
A1,435,77.54871794871794,0.975
A1,436,77.54871794871794,0.975
A1,437,77.54871794871794,0.975
A1,438,77.54871794871794,0.975
A1,439,77.54871794871794,0.975
A1,440,77.54871794871794,0.975
A1,441,77.54871794871794,0.975
A1,442,77.54871794871794,0.975
A1,443,77.54871794871794,0.975
A1,444,77.54871794871794,0.975
A1,445,77.54871794871794,0.975
A1,446,77.54871794871794,0.975
A1,447,77.55,0.975
A1,448,77.55128205128206,0.975
A1,449,77.55128205128206,0.975
A1,450,77.56923076923077,0.975
A1,451,77.4075,1.0
A1,452,77.55749999999999,1.0
A1,453,77.55749999999999,1.0
A1,454,77.55749999999999,1.0
A1,455,77.55749999999999,1.0
A1,456,77.55749999999999,1.0
A1,457,77.55749999999999,1.0
A1,458,77.55749999999999,1.0
A1,459,77.55749999999999,1.0
A1,460,77.55749999999999,1.0
A1,461,77.56875,1.0
A1,462,77.56875,1.0
A1,463,77.56875,1.0
A1,464,77.56875,1.0
A1,465,77.56875,1.0
A1,466,77.57,1.0
A1,467,77.57124999999999,1.0
A1,468,77.57124999999999,1.0
A1,469,77.57124999999999,1.0
A1,470,77.57124999999999,1.0
A1,471,77.57124999999999,1.0
A1,472,77.58375,1.0
A1,473,77.58375,1.0
A1,474,77.58375,1.0
A1,475,77.58375,1.0
A1,476,77.58375,1.0
A1,477,77.58375,1.0
A1,478,77.58375,1.0
A1,479,77.58375,1.0
A1,480,77.58375,1.0
A1,481,77.58375,1.0
A1,482,77.58375,1.0
A1,483,77.58375,1.0
A1,484,77.58375,1.0
A1,485,77.58375,1.0
A1,486,77.58375,1.0
A1,487,77.58375,1.0
A1,488,77.58375,1.0
A1,489,77.58375,1.0
A1,490,77.58375,1.0
A1,491,77.58375,1.0
A1,492,77.58375,1.0
A1,493,77.58375,1.0
A1,494,77.58375,1.0
A1,495,77.58375,1.0
A1,496,77.58375,1.0
A1,497,77.58375,1.0
A1,498,77.585,1.0
A1,499,77.58624999999999,1.0
A1,500,77.58624999999999,1.0
A1,501,77.58624999999999,1.0
A1,502,77.58624999999999,1.0
A1,503,77.58624999999999,1.0
A1,504,77.58624999999999,1.0
A1,505,77.58624999999999,1.0
A1,506,77.58624999999999,1.0
A1,507,77.58624999999999,1.0
A1,508,77.58624999999999,1.0
A1,509,77.58624999999999,1.0
A1,510,77.58624999999999,1.0
A1,511,77.58624999999999,1.0
A1,512,77.58624999999999,1.0
A2,1,70.95,0.025
A2,2,70.95,0.025
A2,3,70.95,0.025
A2,4,70.95,0.025
A2,5,70.95,0.025
A2,6,70.95,0.025
A2,7,71.025,0.05
A2,8,71.025,0.05
A2,9,71.025,0.05
A2,10,71.025,0.05
A2,11,73.2,0.075
A2,12,73.2,0.075
A2,13,73.2,0.075
A2,14,74.47999999999999,0.125
A2,15,74.89166666666667,0.15
A2,16,75.27857142857144,0.175
A2,17,75.27857142857144,0.175
A2,18,75.27857142857144,0.175
A2,19,75.27857142857144,0.175
A2,20,75.27857142857144,0.175
A2,21,71.43125,0.2
A2,22,71.43125,0.2
A2,23,71.43125,0.2
A2,24,71.43125,0.2
A2,25,71.43125,0.2
A2,26,71.43125,0.2
A2,27,71.43125,0.2
A2,28,71.43125,0.2
A2,29,71.43125,0.2
A2,30,71.43125,0.2
A2,31,71.43125,0.2
A2,32,71.43125,0.2
A2,33,71.43125,0.2
A2,34,71.43125,0.2
A2,35,71.37777777777778,0.225
A2,36,71.715,0.25
A2,37,71.715,0.25
A2,38,71.715,0.25
A2,39,71.715,0.25
A2,40,71.715,0.25
A2,41,72.19090909090909,0.275
A2,42,72.19090909090909,0.275
A2,43,72.19090909090909,0.275
A2,44,72.19090909090909,0.275
A2,45,72.19090909090909,0.275
A2,46,72.19090909090909,0.275
A2,47,72.19090909090909,0.275
A2,48,72.60000000000001,0.3
A2,49,72.60000000000001,0.3
A2,50,72.60000000000001,0.3
A2,51,72.98461538461538,0.325
A2,52,72.98461538461538,0.325
A2,53,72.98461538461538,0.325
A2,54,72.98461538461538,0.325
A2,55,73.36333333333333,0.375
A2,56,73.36333333333333,0.375
A2,57,73.36333333333333,0.375
A2,58,73.36333333333333,0.375
A2,59,73.36333333333333,0.375
A2,60,73.36333333333333,0.375
A2,61,73.36333333333333,0.375
A2,62,73.36333333333333,0.375
A2,63,73.36333333333333,0.375
A2,64,73.2125,0.4
A2,65,73.2125,0.4
A2,66,73.2125,0.4
A2,67,73.2125,0.4
A2,68,73.43235294117646,0.425
A2,69,73.43235294117646,0.425
A2,70,73.43235294117646,0.425
A2,71,73.43235294117646,0.425
A2,72,73.43235294117646,0.425
A2,73,73.43235294117646,0.425
A2,74,73.43235294117646,0.425
A2,75,73.43235294117646,0.425
A2,76,73.43235294117646,0.425
A2,77,73.43235294117646,0.425
A2,78,73.43235294117646,0.425
A2,79,73.61388888888888,0.45
A2,80,73.61388888888888,0.45
A2,81,73.61388888888888,0.45
A2,82,73.61388888888888,0.45
A2,83,73.61388888888888,0.45
A2,84,73.63888888888889,0.45
A2,85,73.63888888888889,0.45
A2,86,73.63888888888889,0.45
A2,87,73.63888888888889,0.45
A2,88,73.81052631578947,0.475
A2,89,73.81052631578947,0.475
A2,90,73.81052631578947,0.475
A2,91,73.81052631578947,0.475
A2,92,73.81052631578947,0.475
A2,93,73.81052631578947,0.475
A2,94,73.81052631578947,0.475
A2,95,73.81052631578947,0.475
A2,96,73.81052631578947,0.475
A2,97,73.81052631578947,0.475
A2,98,73.81052631578947,0.475
A2,99,73.81052631578947,0.475
A2,100,73.81052631578947,0.475
A2,101,73.81052631578947,0.475
A2,102,73.81052631578947,0.475
A2,103,73.81052631578947,0.475
A2,104,73.81052631578947,0.475
A2,105,74.1421052631579,0.475
A2,106,74.33421052631579,0.475
A2,107,74.33421052631579,0.475
A2,108,74.33421052631579,0.475
A2,109,74.33421052631579,0.475
A2,110,74.33421052631579,0.475
A2,111,74.33421052631579,0.475
A2,112,74.33421052631579,0.475
A2,113,74.33421052631579,0.475
A2,114,74.33421052631579,0.475
A2,115,74.33421052631579,0.475
A2,116,74.33421052631579,0.475
A2,117,74.33421052631579,0.475
A2,118,74.33421052631579,0.475
A2,119,74.33421052631579,0.475
A2,120,74.38947368421053,0.475
A2,121,74.38947368421053,0.475
A2,122,74.38947368421053,0.475
A2,123,74.38947368421053,0.475
A2,124,74.38947368421053,0.475
A2,125,74.38947368421053,0.475
A2,126,74.38947368421053,0.475
A2,127,74.38947368421053,0.475
A2,128,74.38947368421053,0.475
A2,129,74.38947368421053,0.475
A2,130,74.38947368421053,0.475
A2,131,74.38947368421053,0.475
A2,132,74.38947368421053,0.475
A2,133,74.38947368421053,0.475
A2,134,74.38947368421053,0.475
A2,135,74.38947368421053,0.475
A2,136,74.38947368421053,0.475
A2,137,74.38947368421053,0.475
A2,138,74.38947368421053,0.475
A2,139,74.38947368421053,0.475
A2,140,74.38947368421053,0.475
A2,141,74.38947368421053,0.475
A2,142,74.38947368421053,0.475
A2,143,74.38947368421053,0.475
A2,144,74.38947368421053,0.475
A2,145,74.38947368421053,0.475
A2,146,74.38947368421053,0.475
A2,147,74.38947368421053,0.475
A2,148,74.38947368421053,0.475
A2,149,74.38947368421053,0.475
A2,150,74.38947368421053,0.475
A2,151,74.38947368421053,0.475
A2,152,74.38947368421053,0.475
A2,153,74.38947368421053,0.475
A2,154,74.38947368421053,0.475
A2,155,74.38947368421053,0.475
A2,156,74.38947368421053,0.475
A2,157,74.38947368421053,0.475
A2,158,74.38947368421053,0.475
A2,159,74.38947368421053,0.475
A2,160,74.38947368421053,0.475
A2,161,74.38947368421053,0.475
A2,162,74.38947368421053,0.475
A2,163,74.38947368421053,0.475
A2,164,74.38947368421053,0.475
A2,165,74.48421052631579,0.475
A2,166,74.48421052631579,0.475
A2,167,74.48421052631579,0.475
A2,168,74.48421052631579,0.475
A2,169,74.48421052631579,0.475
A2,170,74.48421052631579,0.475
A2,171,74.48421052631579,0.475
A2,172,74.48421052631579,0.475
A2,173,74.48421052631579,0.475
A2,174,74.48421052631579,0.475
A2,175,74.48421052631579,0.475
A2,176,74.55,0.5
A2,177,74.55,0.5
A2,178,74.55,0.5
A2,179,74.55,0.5
A2,180,74.55,0.5
A2,181,74.55,0.5
A2,182,74.55,0.5
A2,183,74.55,0.5
A2,184,74.55,0.5
A2,185,74.55,0.5
A2,186,74.55,0.5
A2,187,74.55,0.5
A2,188,74.55,0.5
A2,189,74.55,0.5
A2,190,74.55,0.5
A2,191,74.55,0.5
A2,192,74.55,0.5
A2,193,74.55,0.5
A2,194,74.55,0.5
A2,195,74.55,0.5
A2,196,74.55,0.5
A2,197,74.55,0.5
A2,198,74.615,0.5
A2,199,74.615,0.5
A2,200,74.615,0.5
A2,201,74.615,0.5
A2,202,74.615,0.5
A2,203,74.615,0.5
A2,204,74.7025,0.5
A2,205,74.7025,0.5
A2,206,74.7025,0.5
A2,207,74.7025,0.5
A2,208,74.7025,0.5
A2,209,74.7025,0.5
A2,210,74.7025,0.5
A2,211,74.7025,0.5
A2,212,74.7025,0.5
A2,213,74.7025,0.5
A2,214,74.7025,0.5
A2,215,74.7025,0.5
A2,216,74.7025,0.5
A2,217,74.7025,0.5
A2,218,74.7025,0.5
A2,219,74.7025,0.5
A2,220,74.7025,0.5
A2,221,74.7025,0.5
A2,222,74.7025,0.5
A2,223,74.7025,0.5
A2,224,74.7025,0.5
A2,225,74.7025,0.5
A2,226,74.7025,0.5
A2,227,74.7025,0.5
A2,228,74.7025,0.5
A2,229,74.7025,0.5
A2,230,74.7025,0.5
A2,231,74.7025,0.5
A2,232,74.7025,0.5
A2,233,74.7025,0.5
A2,234,74.7025,0.5
A2,235,74.7025,0.5
A2,236,74.7025,0.5
A2,237,74.75714285714285,0.525
A2,238,74.75714285714285,0.525
A2,239,74.75714285714285,0.525
A2,240,74.75714285714285,0.525
A2,241,74.75714285714285,0.525
A2,242,74.80952380952381,0.525
A2,243,74.80952380952381,0.525
A2,244,74.80952380952381,0.525
A2,245,74.80952380952381,0.525
A2,246,74.80952380952381,0.525
A2,247,74.80952380952381,0.525
A2,248,74.81666666666666,0.525
A2,249,74.81666666666666,0.525
A2,250,74.81666666666666,0.525
A2,251,74.81666666666666,0.525
A2,252,74.81666666666666,0.525
A2,253,74.81666666666666,0.525
A2,254,74.81666666666666,0.525
A2,255,74.81666666666666,0.525
A2,256,74.81666666666666,0.525
A2,257,74.81666666666666,0.525
A2,258,74.81666666666666,0.525
A2,259,74.81666666666666,0.525
A2,260,74.81666666666666,0.525
A2,261,74.81666666666666,0.525
A2,262,74.83809523809524,0.525
A2,263,74.83809523809524,0.525
A2,264,74.83809523809524,0.525
A2,265,74.93409090909091,0.55
A2,266,74.93409090909091,0.55
A2,267,74.93409090909091,0.55
A2,268,74.93409090909091,0.55
A2,269,74.93409090909091,0.55
A2,270,74.93409090909091,0.55
A2,271,74.93409090909091,0.55
A2,272,74.93409090909091,0.55
A2,273,74.93409090909091,0.55
A2,274,74.93409090909091,0.55
A2,275,74.93409090909091,0.55
A2,276,74.93409090909091,0.55
A2,277,74.93409090909091,0.55
A2,278,74.93409090909091,0.55
A2,279,74.93409090909091,0.55
A2,280,74.93409090909091,0.55
A2,281,74.93409090909091,0.55
A2,282,74.93409090909091,0.55
A2,283,74.98409090909091,0.55
A2,284,74.98409090909091,0.55
A2,285,74.98409090909091,0.55
A2,286,74.98409090909091,0.55
A2,287,74.98409090909091,0.55
A2,288,74.98409090909091,0.55
A2,289,75.03181818181818,0.55
A2,290,75.03181818181818,0.55
A2,291,75.03181818181818,0.55
A2,292,75.03181818181818,0.55
A2,293,75.05227272727274,0.55
A2,294,75.05227272727274,0.55
A2,295,75.05227272727274,0.55
A2,296,75.05454545454546,0.55
A2,297,75.05454545454546,0.55
A2,298,75.09545454545454,0.55
A2,299,75.09545454545454,0.55
A2,300,75.09545454545454,0.55
A2,301,75.09545454545454,0.55
A2,302,75.12608695652173,0.575
A2,303,75.12608695652173,0.575
A2,304,75.12608695652173,0.575
A2,305,75.27826086956522,0.575
A2,306,75.25625,0.6
A2,307,75.28125,0.6
A2,308,75.28125,0.6
A2,309,75.28125,0.6
A2,310,75.28125,0.6
A2,311,75.28125,0.6
A2,312,75.28125,0.6
A2,313,75.28125,0.6
A2,314,75.28125,0.6
A2,315,75.28125,0.6
A2,316,75.28125,0.6
A2,317,75.28125,0.6
A2,318,75.28333333333333,0.6
A2,319,75.28541666666666,0.6
A2,320,75.28541666666666,0.6
A2,321,75.28541666666666,0.6
A2,322,75.28541666666666,0.6
A2,323,75.28541666666666,0.6
A2,324,75.32083333333334,0.6
A2,325,75.32083333333334,0.6
A2,326,75.33125,0.6
A2,327,75.33125,0.6
A2,328,75.33125,0.6
A2,329,75.33125,0.6
A2,330,75.33125,0.6
A2,331,75.33125,0.6
A2,332,75.33125,0.6
A2,333,75.33125,0.6
A2,334,75.33125,0.6
A2,335,75.33125,0.6
A2,336,75.33125,0.6
A2,337,75.37708333333333,0.6
A2,338,75.37708333333333,0.6
A2,339,75.37708333333333,0.6
A2,340,75.43,0.625
A2,341,75.43,0.625
A2,342,75.44615384615385,0.65
A2,343,75.44615384615385,0.65
A2,344,75.44615384615385,0.65
A2,345,75.44615384615385,0.65
A2,346,75.44615384615385,0.65
A2,347,75.44615384615385,0.65
A2,348,75.45192307692308,0.65
A2,349,75.45192307692308,0.65
A2,350,75.45192307692308,0.65
A2,351,75.45192307692308,0.65
A2,352,75.45192307692308,0.65
A2,353,75.45192307692308,0.65
A2,354,75.45192307692308,0.65
A2,355,75.45192307692308,0.65
A2,356,75.45192307692308,0.65
A2,357,75.45192307692308,0.65
A2,358,75.45192307692308,0.65
A2,359,75.46666666666667,0.675
A2,360,75.46666666666667,0.675
A2,361,75.46666666666667,0.675
A2,362,75.52678571428571,0.7
A2,363,75.52678571428571,0.7
A2,364,75.52678571428571,0.7
A2,365,75.52678571428571,0.7
A2,366,75.52678571428571,0.7
A2,367,75.52678571428571,0.7
A2,368,75.52678571428571,0.7
A2,369,75.52678571428571,0.7
A2,370,75.52678571428571,0.7
A2,371,75.52678571428571,0.7
A2,372,75.52678571428571,0.7
A2,373,75.52678571428571,0.7
A2,374,75.52678571428571,0.7
A2,375,75.52678571428571,0.7
A2,376,75.52678571428571,0.7
A2,377,75.52678571428571,0.7
A2,378,75.52678571428571,0.7
A2,379,75.52678571428571,0.7
A2,380,75.53392857142856,0.7
A2,381,75.53392857142856,0.7
A2,382,75.55178571428571,0.7
A2,383,75.39310344827587,0.725
A2,384,75.39310344827587,0.725
A2,385,75.39999999999999,0.725
A2,386,75.39999999999999,0.725
A2,387,75.39999999999999,0.725
A2,388,75.40172413793104,0.725
A2,389,75.40172413793104,0.725
A2,390,75.40172413793104,0.725
A2,391,75.40172413793104,0.725
A2,392,75.40172413793104,0.725
A2,393,75.40172413793104,0.725
A2,394,75.41896551724139,0.725
A2,395,75.41896551724139,0.725
A2,396,75.41896551724139,0.725
A2,397,75.41896551724139,0.725
A2,398,75.41896551724139,0.725
A2,399,75.39666666666668,0.75
A2,400,75.39666666666668,0.75
A2,401,75.41666666666667,0.75
A2,402,75.43166666666666,0.75
A2,403,75.43166666666666,0.75
A2,404,75.43166666666666,0.75
A2,405,75.4790322580645,0.775
A2,406,75.4790322580645,0.775
A2,407,75.4790322580645,0.775
A2,408,75.4790322580645,0.775
A2,409,75.4790322580645,0.775
A2,410,75.4790322580645,0.775
A2,411,75.4790322580645,0.775
A2,412,75.4790322580645,0.775
A2,413,75.5,0.775
A2,414,75.5,0.775
A2,415,75.5,0.775
A2,416,75.5,0.775
A2,417,75.50483870967743,0.775
A2,418,75.56774193548387,0.775
A2,419,75.5421875,0.8
A2,420,75.615625,0.8
A2,421,75.615625,0.8
A2,422,75.615625,0.8
A2,423,75.615625,0.8
A2,424,75.615625,0.8
A2,425,75.615625,0.8
A2,426,75.615625,0.8
A2,427,75.615625,0.8
A2,428,75.615625,0.8
A2,429,75.615625,0.8
A2,430,75.6171875,0.8
A2,431,75.6171875,0.8
A2,432,75.6453125,0.8
A2,433,75.6453125,0.8
A2,434,75.71818181818182,0.825
A2,435,75.71818181818182,0.825
A2,436,75.71818181818182,0.825
A2,437,75.71818181818182,0.825
A2,438,75.71818181818182,0.825
A2,439,75.71818181818182,0.825
A2,440,75.71818181818182,0.825
A2,441,75.71818181818182,0.825
A2,442,75.71818181818182,0.825
A2,443,75.71818181818182,0.825
A2,444,75.71818181818182,0.825
A2,445,75.71818181818182,0.825
A2,446,75.71818181818182,0.825
A2,447,75.71969696969697,0.825
A2,448,75.72121212121212,0.825
A2,449,75.72121212121212,0.825
A2,450,75.72121212121212,0.825
A2,451,75.72121212121212,0.825
A2,452,75.72121212121212,0.825
A2,453,75.72121212121212,0.825
A2,454,75.75454545454545,0.825
A2,455,75.7560606060606,0.825
A2,456,75.7560606060606,0.825
A2,457,75.77121212121212,0.825
A2,458,75.77121212121212,0.825
A2,459,75.77121212121212,0.825
A2,460,75.77121212121212,0.825
A2,461,75.77121212121212,0.825
A2,462,75.79696969696968,0.825
A2,463,75.79696969696968,0.825
A2,464,75.79696969696968,0.825
A2,465,75.79696969696968,0.825
A2,466,75.79696969696968,0.825
A2,467,75.79696969696968,0.825
A2,468,75.9121212121212,0.825
A2,469,75.92424242424242,0.825
A2,470,75.92424242424242,0.825
A2,471,75.92424242424242,0.825
A2,472,75.92424242424242,0.825
A2,473,75.92424242424242,0.825
A2,474,75.92424242424242,0.825
A2,475,75.92424242424242,0.825
A2,476,75.92424242424242,0.825
A2,477,75.92424242424242,0.825
A2,478,75.93787878787879,0.825
A2,479,75.93787878787879,0.825
A2,480,75.93787878787879,0.825
A2,481,75.93787878787879,0.825
A2,482,76.02272727272727,0.825
A2,483,76.02272727272727,0.825
A2,484,76.02424242424242,0.825
A2,485,76.02424242424242,0.825
A2,486,76.02424242424242,0.825
A2,487,76.02424242424242,0.825
A2,488,76.02575757575757,0.825
A2,489,76.02575757575757,0.825
A2,490,76.02575757575757,0.825
A2,491,76.02575757575757,0.825
A2,492,76.02575757575757,0.825
A2,493,76.05735294117646,0.85
A2,494,76.05735294117646,0.85
A2,495,76.05735294117646,0.85
A2,496,76.05735294117646,0.85
A2,497,76.05735294117646,0.85
A2,498,76.05735294117646,0.85
A2,499,76.05735294117646,0.85
A2,500,76.05735294117646,0.85
A2,501,76.05735294117646,0.85
A2,502,76.05735294117646,0.85
A2,503,76.05735294117646,0.85
A2,504,76.05735294117646,0.85
A2,505,76.05735294117646,0.85
A2,506,76.05735294117646,0.85
A2,507,76.14117647058822,0.85
A2,508,76.14117647058822,0.85
A2,509,76.14117647058822,0.85
A2,510,76.14117647058822,0.85
A2,511,76.14117647058822,0.85
A2,512,76.14117647058822,0.85
A3,1,70.95,0.025
A3,2,70.95,0.025
A3,3,71.025,0.05
A3,4,71.025,0.05
A3,5,71.025,0.05
A3,6,71.025,0.05
A3,7,71.05,0.075
A3,8,71.05,0.075
A3,9,71.05,0.075
A3,10,71.05,0.075
A3,11,71.05,0.075
A3,12,72.6875,0.1
A3,13,72.6875,0.1
A3,14,73.32,0.125
A3,15,73.925,0.15
A3,16,74.45,0.175
A3,17,74.45,0.175
A3,18,74.45,0.175
A3,19,74.45,0.175
A3,20,74.45,0.175
A3,21,70.70625,0.2
A3,22,70.70625,0.2
A3,23,70.70625,0.2
A3,24,70.70625,0.2
A3,25,70.70625,0.2
A3,26,70.70625,0.2
A3,27,70.70625,0.2
A3,28,70.70625,0.2
A3,29,70.70625,0.2
A3,30,70.70625,0.2
A3,31,70.70625,0.2
A3,32,70.70625,0.2
A3,33,70.70625,0.2
A3,34,70.70625,0.2
A3,35,70.73333333333333,0.225
A3,36,71.135,0.25
A3,37,71.135,0.25
A3,38,71.72272727272727,0.275
A3,39,71.72272727272727,0.275
A3,40,71.72272727272727,0.275
A3,41,72.15833333333333,0.3
A3,42,72.15833333333333,0.3
A3,43,72.15833333333333,0.3
A3,44,72.3576923076923,0.325
A3,45,72.3576923076923,0.325
A3,46,72.3576923076923,0.325
A3,47,72.3576923076923,0.325
A3,48,72.3576923076923,0.325
A3,49,72.3576923076923,0.325
A3,50,72.3576923076923,0.325
A3,51,72.73214285714286,0.35
A3,52,72.73214285714286,0.35
A3,53,72.73214285714286,0.35
A3,54,72.73214285714286,0.35
A3,55,73.11874999999999,0.4
A3,56,73.11874999999999,0.4
A3,57,73.11874999999999,0.4
A3,58,73.11874999999999,0.4
A3,59,73.11874999999999,0.4
A3,60,73.11874999999999,0.4
A3,61,73.11874999999999,0.4
A3,62,73.11874999999999,0.4
A3,63,73.11874999999999,0.4
A3,64,73.11874999999999,0.4
A3,65,73.32941176470588,0.425
A3,66,73.20555555555556,0.45
A3,67,73.20555555555556,0.45
A3,68,73.72631578947369,0.475
A3,69,73.72631578947369,0.475
A3,70,73.72631578947369,0.475
A3,71,73.72631578947369,0.475
A3,72,73.72631578947369,0.475
A3,73,73.72631578947369,0.475
A3,74,73.72631578947369,0.475
A3,75,73.72631578947369,0.475
A3,76,73.72631578947369,0.475
A3,77,73.72631578947369,0.475
A3,78,73.72631578947369,0.475
A3,79,73.72631578947369,0.475
A3,80,73.72631578947369,0.475
A3,81,73.72631578947369,0.475
A3,82,73.72631578947369,0.475
A3,83,73.72631578947369,0.475
A3,84,73.91749999999999,0.5
A3,85,73.91749999999999,0.5
A3,86,73.91749999999999,0.5
A3,87,73.91749999999999,0.5
A3,88,74.09285714285714,0.525
A3,89,74.09285714285714,0.525
A3,90,74.09285714285714,0.525
A3,91,74.09285714285714,0.525
A3,92,74.09285714285714,0.525
A3,93,74.09285714285714,0.525
A3,94,74.09285714285714,0.525
A3,95,74.09285714285714,0.525
A3,96,74.09285714285714,0.525
A3,97,74.09285714285714,0.525
A3,98,74.09285714285714,0.525
A3,99,74.09285714285714,0.525
A3,100,74.09285714285714,0.525
A3,101,74.09285714285714,0.525
A3,102,74.09285714285714,0.525
A3,103,74.09285714285714,0.525
A3,104,74.09285714285714,0.525
A3,105,74.09285714285714,0.525
A3,106,74.09285714285714,0.525
A3,107,74.09285714285714,0.525
A3,108,74.09285714285714,0.525
A3,109,74.09285714285714,0.525
A3,110,74.09285714285714,0.525
A3,111,74.22954545454546,0.55
A3,112,74.22954545454546,0.55
A3,113,74.22954545454546,0.55
A3,114,74.22954545454546,0.55
A3,115,74.22954545454546,0.55
A3,116,74.22954545454546,0.55
A3,117,74.22954545454546,0.55
A3,118,74.22954545454546,0.55
A3,119,74.22954545454546,0.55
A3,120,74.44318181818181,0.55
A3,121,74.44318181818181,0.55
A3,122,74.44318181818181,0.55
A3,123,74.44318181818181,0.55
A3,124,74.44318181818181,0.55
A3,125,74.44318181818181,0.55
A3,126,74.44318181818181,0.55
A3,127,74.44318181818181,0.55
A3,128,74.44318181818181,0.55
A3,129,74.44318181818181,0.55
A3,130,74.54318181818182,0.55
A3,131,74.54318181818182,0.55
A3,132,74.54318181818182,0.55
A3,133,74.54318181818182,0.55
A3,134,74.54318181818182,0.55
A3,135,74.38695652173912,0.575
A3,136,74.38695652173912,0.575
A3,137,74.38695652173912,0.575
A3,138,74.38695652173912,0.575
A3,139,74.38695652173912,0.575
A3,140,74.38695652173912,0.575
A3,141,74.38695652173912,0.575
A3,142,74.38695652173912,0.575
A3,143,74.38695652173912,0.575
A3,144,74.38695652173912,0.575
A3,145,74.38695652173912,0.575
A3,146,74.38695652173912,0.575
A3,147,74.38695652173912,0.575
A3,148,74.38695652173912,0.575
A3,149,74.25,0.6
A3,150,74.25,0.6
A3,151,74.25,0.6
A3,152,74.25,0.6
A3,153,74.356,0.625
A3,154,74.374,0.625
A3,155,74.374,0.625
A3,156,74.374,0.625
A3,157,74.374,0.625
A3,158,74.374,0.625
A3,159,74.374,0.625
A3,160,74.374,0.625
A3,161,74.374,0.625
A3,162,74.374,0.625
A3,163,74.374,0.625
A3,164,74.374,0.625
A3,165,74.446,0.625
A3,166,74.446,0.625
A3,167,74.446,0.625
A3,168,74.446,0.625
A3,169,74.446,0.625
A3,170,74.446,0.625
A3,171,74.446,0.625
A3,172,74.446,0.625
A3,173,74.446,0.625
A3,174,74.446,0.625
A3,175,74.68,0.625
A3,176,74.68,0.625
A3,177,74.716,0.625
A3,178,74.82692307692308,0.65
A3,179,74.82692307692308,0.65
A3,180,74.82692307692308,0.65
A3,181,74.82692307692308,0.65
A3,182,74.82692307692308,0.65
A3,183,74.82692307692308,0.65
A3,184,74.82692307692308,0.65
A3,185,74.82692307692308,0.65
A3,186,74.8326923076923,0.65
A3,187,74.8326923076923,0.65
A3,188,74.8326923076923,0.65
A3,189,74.8326923076923,0.65
A3,190,74.8326923076923,0.65
A3,191,74.8326923076923,0.65
A3,192,74.8326923076923,0.65
A3,193,74.8326923076923,0.65
A3,194,74.87037037037037,0.675
A3,195,74.87037037037037,0.675
A3,196,74.87037037037037,0.675
A3,197,74.87037037037037,0.675
A3,198,74.88518518518518,0.675
A3,199,74.88518518518518,0.675
A3,200,74.88518518518518,0.675
A3,201,74.88518518518518,0.675
A3,202,74.88518518518518,0.675
A3,203,74.88518518518518,0.675
A3,204,74.94814814814815,0.675
A3,205,74.94814814814815,0.675
A3,206,74.94814814814815,0.675
A3,207,74.94814814814815,0.675
A3,208,74.94814814814815,0.675
A3,209,74.94814814814815,0.675
A3,210,74.94814814814815,0.675
A3,211,74.94814814814815,0.675
A3,212,74.94814814814815,0.675
A3,213,75.08888888888889,0.675
A3,214,75.08888888888889,0.675
A3,215,75.08888888888889,0.675
A3,216,75.08888888888889,0.675
A3,217,75.08888888888889,0.675
A3,218,75.08888888888889,0.675
A3,219,75.08888888888889,0.675
A3,220,75.08888888888889,0.675
A3,221,75.08888888888889,0.675
A3,222,75.08888888888889,0.675
A3,223,75.08888888888889,0.675
A3,224,75.1037037037037,0.675
A3,225,75.1037037037037,0.675
A3,226,75.12592592592593,0.675
A3,227,75.12592592592593,0.675
A3,228,75.12592592592593,0.675
A3,229,75.12592592592593,0.675
A3,230,75.19814814814815,0.675
A3,231,75.19814814814815,0.675
A3,232,75.19814814814815,0.675
A3,233,75.19814814814815,0.675
A3,234,75.19814814814815,0.675
A3,235,75.19814814814815,0.675
A3,236,75.19814814814815,0.675
A3,237,75.19814814814815,0.675
A3,238,75.19999999999999,0.675
A3,239,75.19999999999999,0.675
A3,240,75.19999999999999,0.675
A3,241,75.19999999999999,0.675
A3,242,75.19999999999999,0.675
A3,243,75.19999999999999,0.675
A3,244,75.19999999999999,0.675
A3,245,75.19999999999999,0.675
A3,246,75.22321428571429,0.7
A3,247,75.22321428571429,0.7
A3,248,75.22857142857143,0.7
A3,249,75.22857142857143,0.7
A3,250,75.22857142857143,0.7
A3,251,75.22857142857143,0.7
A3,252,75.22857142857143,0.7
A3,253,75.22857142857143,0.7
A3,254,75.39821428571429,0.7
A3,255,75.39821428571429,0.7
A3,256,75.39821428571429,0.7
A3,257,75.39821428571429,0.7
A3,258,75.39821428571429,0.7
A3,259,75.39821428571429,0.7
A3,260,75.39821428571429,0.7
A3,261,75.39821428571429,0.7
A3,262,75.44285714285715,0.7
A3,263,75.44285714285715,0.7
A3,264,75.44285714285715,0.7
A3,265,75.41896551724139,0.725
A3,266,75.41896551724139,0.725
A3,267,75.41896551724139,0.725
A3,268,75.41896551724139,0.725
A3,269,75.39666666666668,0.75
A3,270,75.39666666666668,0.75
A3,271,75.39666666666668,0.75
A3,272,75.39666666666668,0.75
A3,273,75.39666666666668,0.75
A3,274,75.39666666666668,0.75
A3,275,75.39666666666668,0.75
A3,276,75.39666666666668,0.75
A3,277,75.39666666666668,0.75
A3,278,75.39666666666668,0.75
A3,279,75.39666666666668,0.75
A3,280,75.39666666666668,0.75
A3,281,75.48833333333333,0.75
A3,282,75.51666666666667,0.75
A3,283,75.51666666666667,0.75
A3,284,75.51666666666667,0.75
A3,285,75.51666666666667,0.75
A3,286,75.51666666666667,0.75
A3,287,75.51666666666667,0.75
A3,288,75.51666666666667,0.75
A3,289,75.55166666666666,0.75
A3,290,75.55166666666666,0.75
A3,291,75.55166666666666,0.75
A3,292,75.55166666666666,0.75
A3,293,75.56666666666666,0.75
A3,294,75.56666666666666,0.75
A3,295,75.56666666666666,0.75
A3,296,75.56833333333333,0.75
A3,297,75.56833333333333,0.75
A3,298,75.56833333333333,0.75
A3,299,75.56833333333333,0.75
A3,300,75.56833333333333,0.75
A3,301,75.56833333333333,0.75
A3,302,75.56833333333333,0.75
A3,303,75.56833333333333,0.75
A3,304,75.60483870967742,0.775
A3,305,75.69516129032257,0.775
A3,306,75.70161290322581,0.775
A3,307,75.70161290322581,0.775
A3,308,75.70161290322581,0.775
A3,309,75.76451612903226,0.775
A3,310,75.76451612903226,0.775
A3,311,75.76451612903226,0.775
A3,312,75.76451612903226,0.775
A3,313,75.76451612903226,0.775
A3,314,75.76451612903226,0.775
A3,315,75.76451612903226,0.775
A3,316,75.76451612903226,0.775
A3,317,75.76451612903226,0.775
A3,318,75.78387096774193,0.775
A3,319,75.78548387096774,0.775
A3,320,75.78548387096774,0.775
A3,321,75.78548387096774,0.775
A3,322,75.78548387096774,0.775
A3,323,75.79032258064517,0.775
A3,324,75.79032258064517,0.775
A3,325,75.79032258064517,0.775
A3,326,75.79193548387096,0.775
A3,327,75.79193548387096,0.775
A3,328,75.79193548387096,0.775
A3,329,75.7609375,0.8
A3,330,75.79375,0.8
A3,331,75.79375,0.8
A3,332,75.79375,0.8
A3,333,75.79375,0.8
A3,334,75.79375,0.8
A3,335,75.79375,0.8
A3,336,75.79375,0.8
A3,337,75.8625,0.8
A3,338,75.9515625,0.8
A3,339,75.9515625,0.8
A3,340,75.9515625,0.8
A3,341,75.9515625,0.8
A3,342,75.9515625,0.8
A3,343,75.9515625,0.8
A3,344,75.98181818181818,0.825
A3,345,76.05428571428571,0.875
A3,346,76.05428571428571,0.875
A3,347,76.07285714285713,0.875
A3,348,76.07285714285713,0.875
A3,349,76.07285714285713,0.875
A3,350,76.07285714285713,0.875
A3,351,76.07285714285713,0.875
A3,352,76.07285714285713,0.875
A3,353,76.07285714285713,0.875
A3,354,76.07285714285713,0.875
A3,355,76.07285714285713,0.875
A3,356,76.07714285714285,0.875
A3,357,76.07714285714285,0.875
A3,358,76.07714285714285,0.875
A3,359,76.07714285714285,0.875
A3,360,76.09,0.875
A3,361,76.09,0.875
A3,362,76.09,0.875
A3,363,76.09,0.875
A3,364,76.09,0.875
A3,365,76.09571428571428,0.875
A3,366,76.09571428571428,0.875
A3,367,76.09571428571428,0.875
A3,368,76.09571428571428,0.875
A3,369,76.09714285714286,0.875
A3,370,76.09714285714286,0.875
A3,371,76.09714285714286,0.875
A3,372,76.09714285714286,0.875
A3,373,76.09714285714286,0.875
A3,374,76.09714285714286,0.875
A3,375,76.09714285714286,0.875
A3,376,76.09714285714286,0.875
A3,377,76.09714285714286,0.875
A3,378,76.09714285714286,0.875
A3,379,76.09714285714286,0.875
A3,380,76.10857142857142,0.875
A3,381,76.12714285714286,0.875
A3,382,76.14142857142856,0.875
A3,383,75.9972222222222,0.9
A3,384,75.9986111111111,0.9
A3,385,76.00277777777778,0.9
A3,386,76.00277777777778,0.9
A3,387,76.00277777777778,0.9
A3,388,76.00416666666666,0.9
A3,389,76.00416666666666,0.9
A3,390,76.00416666666666,0.9
A3,391,76.00416666666666,0.9
A3,392,76.00972222222222,0.9
A3,393,76.00972222222222,0.9
A3,394,76.02361111111111,0.9
A3,395,76.02361111111111,0.9
A3,396,76.02361111111111,0.9
A3,397,76.02361111111111,0.9
A3,398,76.02361111111111,0.9
A3,399,76.02361111111111,0.9
A3,400,76.02361111111111,0.9
A3,401,76.04166666666667,0.9
A3,402,76.04166666666667,0.9
A3,403,76.04166666666667,0.9
A3,404,76.04166666666667,0.9
A3,405,76.04166666666667,0.9
A3,406,76.04166666666667,0.9
A3,407,76.04166666666667,0.9
A3,408,76.04166666666667,0.9
A3,409,76.04166666666667,0.9
A3,410,76.04166666666667,0.9
A3,411,76.04166666666667,0.9
A3,412,76.04166666666667,0.9
A3,413,76.05416666666666,0.9
A3,414,76.05416666666666,0.9
A3,415,76.05416666666666,0.9
A3,416,76.05416666666666,0.9
A3,417,76.05555555555556,0.9
A3,418,76.05555555555556,0.9
A3,419,76.05555555555556,0.9
A3,420,76.05555555555556,0.9
A3,421,76.05555555555556,0.9
A3,422,76.05555555555556,0.9
A3,423,76.05555555555556,0.9
A3,424,76.05555555555556,0.9
A3,425,76.06805555555555,0.9
A3,426,76.06805555555555,0.9
A3,427,76.06944444444444,0.9
A3,428,76.06944444444444,0.9
A3,429,76.08194444444445,0.9
A3,430,76.08194444444445,0.9
A3,431,76.08194444444445,0.9
A3,432,76.08194444444445,0.9
A3,433,76.09444444444443,0.9
A3,434,76.09444444444443,0.9
A3,435,76.09444444444443,0.9
A3,436,76.09444444444443,0.9
A3,437,76.09444444444443,0.9
A3,438,76.09444444444443,0.9
A3,439,76.09444444444443,0.9
A3,440,76.09444444444443,0.9
A3,441,76.09444444444443,0.9
A3,442,76.09444444444443,0.9
A3,443,76.09444444444443,0.9
A3,444,76.09444444444443,0.9
A3,445,76.21388888888889,0.9
A3,446,76.21388888888889,0.9
A3,447,76.21527777777777,0.9
A3,448,76.21527777777777,0.9
A3,449,76.21527777777777,0.9
A3,450,76.21527777777777,0.9
A3,451,76.21527777777777,0.9
A3,452,76.21527777777777,0.9
A3,453,76.21527777777777,0.9
A3,454,76.21527777777777,0.9
A3,455,76.21527777777777,0.9
A3,456,76.21527777777777,0.9
A3,457,76.21527777777777,0.9
A3,458,76.21527777777777,0.9
A3,459,76.21527777777777,0.9
A3,460,76.21527777777777,0.9
A3,461,76.21527777777777,0.9
A3,462,76.21527777777777,0.9
A3,463,76.21527777777777,0.9
A3,464,76.21527777777777,0.9
A3,465,76.21527777777777,0.9
A3,466,76.21527777777777,0.9
A3,467,76.23333333333332,0.9
A3,468,76.38888888888889,0.9
A3,469,76.38888888888889,0.9
A3,470,76.39027777777777,0.9
A3,471,76.39027777777777,0.9
A3,472,76.39166666666667,0.9
A3,473,76.39166666666667,0.9
A3,474,76.40277777777777,0.9
A3,475,76.40277777777777,0.9
A3,476,76.40277777777777,0.9
A3,477,76.40277777777777,0.9
A3,478,76.40277777777777,0.9
A3,479,76.40277777777777,0.9
A3,480,76.40277777777777,0.9
A3,481,76.40277777777777,0.9
A3,482,76.40277777777777,0.9
A3,483,76.40277777777777,0.9
A3,484,76.40277777777777,0.9
A3,485,76.40277777777777,0.9
A3,486,76.40277777777777,0.9
A3,487,76.40277777777777,0.9
A3,488,76.40416666666665,0.9
A3,489,76.40416666666665,0.9
A3,490,76.40416666666665,0.9
A3,491,76.40416666666665,0.9
A3,492,76.41216216216216,0.925
A3,493,76.41216216216216,0.925
A3,494,76.41216216216216,0.925
A3,495,76.41216216216216,0.925
A3,496,76.47027027027026,0.925
A3,497,76.47027027027026,0.925
A3,498,76.47027027027026,0.925
A3,499,76.47162162162162,0.925
A3,500,76.47162162162162,0.925
A3,501,76.47162162162162,0.925
A3,502,76.47162162162162,0.925
A3,503,76.47162162162162,0.925
A3,504,76.47162162162162,0.925
A3,505,76.47162162162162,0.925
A3,506,76.47162162162162,0.925
A3,507,76.49189189189188,0.925
A3,508,76.49189189189188,0.925
A3,509,76.49189189189188,0.925
A3,510,76.49189189189188,0.925
A3,511,76.49189189189188,0.925
A3,512,76.49189189189188,0.925
