layer,probe_ratio,scope,n_images,val_accuracy,baseline_val_accuracy,accuracy_drop_pp,relative_accuracy_drop,val_loss,baseline_val_loss,loss_increase,relative_loss_increase
features.0,0.1,full,5000,77.28,77.32,0.03999999999999204,0.0005173305742368345,0.6467297,0.6402384,0.0064913034,0.010138885
features.0,0.1,fold0,1000,75.5,76.1,0.5999999999999943,0.007884362680683238,0.67994297,0.6741692,0.0057737827,0.008564293
features.0,0.1,fold1,1000,76.1,75.6,-0.5,-0.006613756613756614,0.653344,0.65156305,0.0017809272,0.002733315
features.0,0.1,fold2,1000,81.0,81.0,0.0,0.0,0.56339574,0.5540228,0.00937295,0.016917985
features.0,0.1,fold3,1000,77.5,77.3,-0.20000000000000284,-0.002587322121604177,0.65980893,0.6533514,0.0064575076,0.009883666
features.0,0.1,fold4,1000,76.3,76.6,0.29999999999999716,0.003916449086161843,0.67715687,0.6680857,0.009071171,0.013577856
features.0,0.2,full,5000,76.58,77.32,0.7399999999999949,0.009570615623383277,0.67992437,0.6402384,0.039685965,0.06198623
features.0,0.2,fold0,1000,75.4,76.1,0.6999999999999886,0.009198423127463714,0.7194526,0.6741692,0.045283437,0.06716925
features.0,0.2,fold1,1000,75.0,75.6,0.5999999999999943,0.007936507936507861,0.6941161,0.65156305,0.042553067,0.06530921
features.0,0.2,fold2,1000,80.30000000000001,81.0,0.6999999999999886,0.008641975308641836,0.5918392,0.5540228,0.037816405,0.06825785
features.0,0.2,fold3,1000,76.1,77.3,1.2000000000000028,0.015523932729624875,0.69565874,0.6533514,0.042307317,0.06475431
features.0,0.2,fold4,1000,76.1,76.6,0.5,0.006527415143603134,0.69855493,0.6680857,0.030469239,0.04560678
features.0,0.3,full,5000,74.44,77.32,2.8799999999999955,0.037247801345059436,0.7343384,0.6402384,0.0941,0.1469765
features.0,0.3,fold0,1000,73.2,76.1,2.8999999999999915,0.0381077529566359,0.77931243,0.6741692,0.10514325,0.15595974
features.0,0.3,fold1,1000,73.5,75.6,2.0999999999999943,0.027777777777777703,0.73864293,0.65156305,0.08707988,0.13364767
features.0,0.3,fold2,1000,76.9,81.0,4.099999999999994,0.050617283950617216,0.6488526,0.5540228,0.0948298,0.17116588
features.0,0.3,fold3,1000,74.2,77.3,3.0999999999999943,0.040103492884864096,0.7500431,0.6533514,0.09669167,0.14799336
features.0,0.3,fold4,1000,74.4,76.6,2.1999999999999886,0.028720626631853638,0.7548408,0.6680857,0.0867551,0.12985624
features.0,0.4,full,5000,68.94,77.32,8.379999999999995,0.10838075530263834,0.93257344,0.6402384,0.29233503,0.4566034
features.0,0.4,fold0,1000,67.9,76.1,8.199999999999989,0.10775295663600512,0.960385,0.6741692,0.28621584,0.424546
features.0,0.4,fold1,1000,68.8,75.6,6.799999999999997,0.08994708994708991,0.90733135,0.65156305,0.2557683,0.39254573
features.0,0.4,fold2,1000,69.3,81.0,11.700000000000003,0.1444444444444445,0.8429618,0.5540228,0.288939,0.5215291
features.0,0.4,fold3,1000,71.2,77.3,6.099999999999994,0.07891332470892619,0.94882387,0.6533514,0.29547244,0.4522412
features.0,0.4,fold4,1000,67.5,76.6,9.099999999999994,0.11879895561357696,1.0033649,0.6680857,0.33527923,0.5018506
features.0,0.6,full,5000,42.72,77.32,34.599999999999994,0.4474909467149508,2.3093364,0.6402384,1.669098,2.6069946
features.0,0.6,fold0,1000,44.0,76.1,32.099999999999994,0.4218134034165571,2.301611,0.6741692,1.6274418,2.413996
features.0,0.6,fold1,1000,42.0,75.6,33.599999999999994,0.4444444444444444,2.2360938,0.65156305,1.5845307,2.4318917
features.0,0.6,fold2,1000,43.1,81.0,37.9,0.4679012345679012,2.2939305,0.5540228,1.7399077,3.1404984
features.0,0.6,fold3,1000,43.5,77.3,33.8,0.4372574385510996,2.2714164,0.6533514,1.618065,2.4765615
features.0,0.6,fold4,1000,41.0,76.6,35.599999999999994,0.464751958224543,2.4436305,0.6680857,1.7755448,2.6576602
features.3,0.1,full,5000,77.36,77.32,-0.04000000000000625,-0.0005173305742370183,0.64179736,0.6402384,0.0015589595,0.002434967
features.3,0.1,fold0,1000,75.9,76.1,0.19999999999998863,0.0026281208935609547,0.67569923,0.6741692,0.0015300512,0.002269536
features.3,0.1,fold1,1000,75.9,75.6,-0.30000000000001137,-0.003968253968254119,0.6516239,0.65156305,6.0856342e-05,9.3400544e-05
features.3,0.1,fold2,1000,80.60000000000001,81.0,0.3999999999999915,0.0049382716049381666,0.55556935,0.5540228,0.0015465617,0.0027915128
features.3,0.1,fold3,1000,77.3,77.3,0.0,0.0,0.6551834,0.6533514,0.0018319488,0.0028039257
features.3,0.1,fold4,1000,77.10000000000001,76.6,-0.5000000000000142,-0.006527415143603319,0.6709108,0.6680857,0.0028250813,0.0042286213
features.3,0.2,full,5000,77.4,77.32,-0.0800000000000125,-0.0010346611484740365,0.6438625,0.6402384,0.0036240816,0.005660519
features.3,0.2,fold0,1000,75.8,76.1,0.29999999999999716,0.003942181340341619,0.6778667,0.6741692,0.0036975145,0.00548455
features.3,0.2,fold1,1000,76.1,75.6,-0.5,-0.006613756613756614,0.65096396,0.65156305,-0.0005990863,-0.0009194602
features.3,0.2,fold2,1000,80.9,81.0,0.09999999999999432,0.0012345679012344976,0.5577142,0.5540228,0.0036914349,0.0066629658
features.3,0.2,fold3,1000,77.3,77.3,0.0,0.0,0.6572633,0.6533514,0.003911853,0.005987364
features.3,0.2,fold4,1000,76.9,76.6,-0.30000000000001137,-0.003916449086162029,0.6755043,0.6680857,0.0074186325,0.011104313
features.3,0.3,full,5000,77.03999999999999,77.32,0.28000000000000114,0.003621314019658577,0.6500589,0.6402384,0.009820521,0.01533885
features.3,0.3,fold0,1000,75.6,76.1,0.5,0.00657030223390276,0.68562204,0.6741692,0.011452854,0.0169881
features.3,0.3,fold1,1000,75.8,75.6,-0.20000000000000284,-0.002645502645502683,0.6509171,0.65156305,-0.00064593554,-0.0009913631
features.3,0.3,fold2,1000,80.4,81.0,0.5999999999999943,0.0074074074074073374,0.56757116,0.5540228,0.013548374,0.024454543
features.3,0.3,fold3,1000,76.9,77.3,0.3999999999999915,0.00517464424320817,0.660293,0.6533514,0.006941557,0.010624538
features.3,0.3,fold4,1000,76.5,76.6,0.09999999999999432,0.0013054830287205525,0.6858915,0.6680857,0.017805815,0.026651992
features.3,0.4,full,5000,77.0,77.32,0.3199999999999932,0.0041386445938954115,0.65545094,0.6402384,0.015212536,0.023760736
features.3,0.4,fold0,1000,75.6,76.1,0.5,0.00657030223390276,0.69003737,0.6741692,0.015868187,0.023537396
features.3,0.4,fold1,1000,75.9,75.6,-0.30000000000001137,-0.003968253968254119,0.65536946,0.65156305,0.0038064122,0.0058419704
features.3,0.4,fold2,1000,80.5,81.0,0.5,0.006172839506172839,0.5722562,0.5540228,0.018233418,0.032910954
features.3,0.4,fold3,1000,76.8,77.3,0.5,0.00646830530401035,0.66840124,0.6533514,0.015049815,0.023034794
features.3,0.4,fold4,1000,76.2,76.6,0.3999999999999915,0.005221932114882396,0.69119024,0.6680857,0.023104548,0.03458321
features.3,0.6,full,5000,75.76,77.32,1.559999999999988,0.020175892395240407,0.68203694,0.6402384,0.041798532,0.065285884
features.3,0.6,fold0,1000,74.6,76.1,1.5,0.01971090670170828,0.71719795,0.6741692,0.043028772,0.063824885
features.3,0.6,fold1,1000,75.6,75.6,0.0,0.0,0.6872074,0.65156305,0.035644352,0.054705914
features.3,0.6,fold2,1000,78.2,81.0,2.799999999999997,0.03456790123456786,0.6080864,0.5540228,0.05406362,0.09758374
features.3,0.6,fold3,1000,75.5,77.3,1.7999999999999972,0.02328589909443722,0.6857527,0.6533514,0.032401264,0.049592398
features.3,0.6,fold4,1000,74.9,76.6,1.6999999999999886,0.022193211488250507,0.7119403,0.6680857,0.043854594,0.06564217
features.6,0.1,full,5000,77.25999999999999,77.32,0.060000000000002274,0.0007759958613554356,0.64069843,0.6402384,0.00046002865,0.0007185271
features.6,0.1,fold0,1000,76.0,76.1,0.09999999999999432,0.0013140604467804773,0.674612,0.6741692,0.0004428029,0.00065681274
features.6,0.1,fold1,1000,75.8,75.6,-0.20000000000000284,-0.002645502645502683,0.6521618,0.65156305,0.00059872866,0.0009189113
features.6,0.1,fold2,1000,80.60000000000001,81.0,0.3999999999999915,0.0049382716049381666,0.5544839,0.5540228,0.00046110153,0.000832279
features.6,0.1,fold3,1000,77.4,77.3,-0.10000000000000853,-0.0012936610608021801,0.65405065,0.6533514,0.0006992221,0.0010702083
features.6,0.1,fold4,1000,76.5,76.6,0.09999999999999432,0.0013054830287205525,0.66818404,0.6680857,9.8347664e-05,0.00014720816
features.6,0.2,full,5000,77.32,77.32,0.0,0.0,0.64149433,0.6402384,0.0012559295,0.0019616592
features.6,0.2,fold0,1000,76.1,76.1,0.0,0.0,0.6746024,0.6741692,0.00043320656,0.0006425784
features.6,0.2,fold1,1000,75.9,75.6,-0.30000000000001137,-0.003968253968254119,0.6556379,0.65156305,0.0040748715,0.006253994
features.6,0.2,fold2,1000,80.80000000000001,81.0,0.19999999999998863,0.0024691358024689952,0.555164,0.5540228,0.0011411905,0.002059826
features.6,0.2,fold3,1000,77.4,77.3,-0.10000000000000853,-0.0012936610608021801,0.6533234,0.6533514,-2.8014183e-05,-4.2877666e-05
features.6,0.2,fold4,1000,76.4,76.6,0.19999999999998863,0.002610966057441105,0.66874385,0.6680857,0.0006581545,0.0009851349
features.6,0.3,full,5000,77.3,77.32,0.01999999999999602,0.00025866528711841725,0.6431088,0.6402384,0.0028703809,0.0044833003
features.6,0.3,fold0,1000,76.8,76.1,-0.7000000000000028,-0.009198423127463901,0.67321056,0.6741692,-0.0009586215,-0.0014219302
features.6,0.3,fold1,1000,75.4,75.6,0.19999999999998863,0.0026455026455024953,0.65845805,0.65156305,0.0068950057,0.010582254
features.6,0.3,fold2,1000,80.9,81.0,0.09999999999999432,0.0012345679012344976,0.556577,0.5540228,0.0025542378,0.004610348
features.6,0.3,fold3,1000,77.10000000000001,77.3,0.19999999999998863,0.002587322121603993,0.65620726,0.6533514,0.0028558373,0.0043710587
features.6,0.3,fold4,1000,76.3,76.6,0.29999999999999716,0.003916449086161843,0.6710912,0.6680857,0.0030055046,0.004498681
features.6,0.4,full,5000,77.2,77.32,0.11999999999999034,0.0015519917227106873,0.6424523,0.6402384,0.0022138953,0.0034579234
features.6,0.4,fold0,1000,76.0,76.1,0.09999999999999432,0.0013140604467804773,0.6704966,0.6741692,-0.0036725998,-0.0054475935
features.6,0.4,fold1,1000,76.1,75.6,-0.5,-0.006613756613756614,0.65986586,0.65156305,0.008302808,0.012742908
features.6,0.4,fold2,1000,80.5,81.0,0.5,0.006172839506172839,0.55437034,0.5540228,0.00034755468,0.0006273292
features.6,0.4,fold3,1000,76.8,77.3,0.5,0.00646830530401035,0.66195875,0.6533514,0.008607328,0.013174117
features.6,0.4,fold4,1000,76.6,76.6,0.0,0.0,0.66556984,0.6680857,-0.0025158525,-0.003765763
features.6,0.6,full,5000,76.68,77.32,0.6399999999999864,0.008277289187790823,0.6604667,0.6402384,0.020228267,0.0315949
features.6,0.6,fold0,1000,75.9,76.1,0.19999999999998863,0.0026281208935609547,0.6869662,0.6741692,0.012796998,0.01898188
features.6,0.6,fold1,1000,76.4,75.6,-0.8000000000000114,-0.010582010582010732,0.67282504,0.65156305,0.02126199,0.032632284
features.6,0.6,fold2,1000,79.0,81.0,2.0,0.024691358024691357,0.5807452,0.5540228,0.026722431,0.04823345
features.6,0.6,fold3,1000,76.3,77.3,1.0,0.0129366106080207,0.68741715,0.6533514,0.034065723,0.052139968
features.6,0.6,fold4,1000,75.8,76.6,0.7999999999999972,0.010443864229764977,0.67438,0.6680857,0.00629431,0.009421411
classifier.1,0.1,full,5000,77.34,77.32,-0.020000000000010232,-0.0002586652871186011,0.6403585,0.6402384,0.00012010336,0.00018759162
classifier.1,0.1,fold0,1000,76.1,76.1,0.0,0.0,0.6741969,0.6741692,2.771616e-05,4.111158e-05
classifier.1,0.1,fold1,1000,75.6,75.6,0.0,0.0,0.6518151,0.65156305,0.00025206804,0.00038686668
classifier.1,0.1,fold2,1000,80.80000000000001,81.0,0.19999999999998863,0.0024691358024689952,0.5541007,0.5540228,7.790327e-05,0.00014061383
classifier.1,0.1,fold3,1000,77.4,77.3,-0.10000000000000853,-0.0012936610608021801,0.6534579,0.6533514,0.000106453896,0.00016293512
classifier.1,0.1,fold4,1000,76.8,76.6,-0.20000000000000284,-0.0026109660574412906,0.668222,0.6680857,0.00013631582,0.00020403943
classifier.1,0.2,full,5000,77.4,77.32,-0.0800000000000125,-0.0010346611484740365,0.6404067,0.6402384,0.00016832352,0.00026290756
classifier.1,0.2,fold0,1000,76.2,76.1,-0.10000000000000853,-0.001314060446780664,0.6745891,0.6741692,0.00041991472,0.00062286254
classifier.1,0.2,fold1,1000,75.8,75.6,-0.20000000000000284,-0.002645502645502683,0.65138173,0.65156305,-0.00018131733,-0.00027828055
classifier.1,0.2,fold2,1000,81.0,81.0,0.0,0.0,0.55401427,0.5540228,-8.523464e-06,-1.5384681e-05
classifier.1,0.2,fold3,1000,77.3,77.3,0.0,0.0,0.6535697,0.6533514,0.00021827221,0.00033408086
classifier.1,0.2,fold4,1000,76.7,76.6,-0.10000000000000853,-0.001305483028720738,0.6684788,0.6680857,0.00039309263,0.00058838655
classifier.1,0.3,full,5000,77.32,77.32,0.0,0.0,0.6406417,0.6402384,0.00040328503,0.0006298982
classifier.1,0.3,fold0,1000,76.0,76.1,0.09999999999999432,0.0013140604467804773,0.6745253,0.6741692,0.00035613775,0.0005282617
classifier.1,0.3,fold1,1000,75.9,75.6,-0.30000000000001137,-0.003968253968254119,0.65207154,0.65156305,0.0005084872,0.0007804114
classifier.1,0.3,fold2,1000,81.0,81.0,0.0,0.0,0.5540288,0.5540228,6.020069e-06,1.0866103e-05
classifier.1,0.3,fold3,1000,77.10000000000001,77.3,0.19999999999998863,0.002587322121603993,0.65364325,0.6533514,0.00029182434,0.00044665753
classifier.1,0.3,fold4,1000,76.6,76.6,0.0,0.0,0.6689397,0.6680857,0.00085401535,0.001278302
classifier.1,0.4,full,5000,77.44,77.32,-0.12000000000000455,-0.0015519917227108711,0.6399046,0.6402384,-0.000333786,-0.00052134646
classifier.1,0.4,fold0,1000,76.0,76.1,0.09999999999999432,0.0013140604467804773,0.6736167,0.6741692,-0.00055247545,-0.0008194908
classifier.1,0.4,fold1,1000,76.3,75.6,-0.7000000000000028,-0.009259259259259297,0.6513861,0.65156305,-0.00017696619,-0.00027160256
classifier.1,0.4,fold2,1000,81.10000000000001,81.0,-0.10000000000000853,-0.0012345679012346733,0.55361307,0.5540228,-0.00040972233,-0.00073954056
classifier.1,0.4,fold3,1000,77.10000000000001,77.3,0.19999999999998863,0.002587322121603993,0.65234876,0.6533514,-0.0010026693,-0.0015346555
classifier.1,0.4,fold4,1000,76.7,76.6,-0.10000000000000853,-0.001305483028720738,0.6685585,0.6680857,0.00047278404,0.00070766977
classifier.1,0.6,full,5000,77.60000000000001,77.32,-0.28000000000001535,-0.0036213140196587608,0.6375886,0.6402384,-0.002649784,-0.004138746
classifier.1,0.6,fold0,1000,76.5,76.1,-0.4000000000000057,-0.005256241787122282,0.6722191,0.6741692,-0.0019500852,-0.0028925755
classifier.1,0.6,fold1,1000,76.0,75.6,-0.4000000000000057,-0.005291005291005366,0.64811283,0.65156305,-0.0034502149,-0.005295289
classifier.1,0.6,fold2,1000,80.9,81.0,0.09999999999999432,0.0012345679012344976,0.55227053,0.5540228,-0.0017522573,-0.0031627894
classifier.1,0.6,fold3,1000,77.8,77.3,-0.5,-0.00646830530401035,0.6488249,0.6533514,-0.0045265555,-0.0069282097
classifier.1,0.6,fold4,1000,76.8,76.6,-0.20000000000000284,-0.0026109660574412906,0.66651577,0.6680857,-0.0015699267,-0.0023498882
