rule,layer,action,ratio_pct,allowed
accuracy,features.0,0,0,True
accuracy,features.0,1,10,True
accuracy,features.0,2,20,True
accuracy,features.0,3,30,False
accuracy,features.0,4,40,False
accuracy,features.0,5,60,False
accuracy,features.3,0,0,True
accuracy,features.3,1,10,True
accuracy,features.3,2,20,True
accuracy,features.3,3,30,True
accuracy,features.3,4,40,True
accuracy,features.3,5,60,False
accuracy,features.6,0,0,True
accuracy,features.6,1,10,True
accuracy,features.6,2,20,True
accuracy,features.6,3,30,True
accuracy,features.6,4,40,True
accuracy,features.6,5,60,False
accuracy,classifier.1,0,0,True
accuracy,classifier.1,1,10,True
accuracy,classifier.1,2,20,True
accuracy,classifier.1,3,30,True
accuracy,classifier.1,4,40,True
accuracy,classifier.1,5,60,True
loss,features.0,0,0,True
loss,features.0,1,10,True
loss,features.0,2,20,False
loss,features.0,3,30,False
loss,features.0,4,40,False
loss,features.0,5,60,False
loss,features.3,0,0,True
loss,features.3,1,10,True
loss,features.3,2,20,True
loss,features.3,3,30,True
loss,features.3,4,40,True
loss,features.3,5,60,False
loss,features.6,0,0,True
loss,features.6,1,10,True
loss,features.6,2,20,True
loss,features.6,3,30,True
loss,features.6,4,40,True
loss,features.6,5,60,False
loss,classifier.1,0,0,True
loss,classifier.1,1,10,True
loss,classifier.1,2,20,True
loss,classifier.1,3,30,True
loss,classifier.1,4,40,True
loss,classifier.1,5,60,True
