sensitivity_definition,condition,sparsity_coef,seed,actions,sparsity,test_accuracy,gm_sparsity,gm_test_accuracy,diff_vs_gm,gm_only_run_right,gm_only_gm_right,gm_mcnemar_p,uniform_sparsity,uniform_test_accuracy,diff_vs_uniform,uniform_mcnemar_p,c0_same_seed_actions,c0_sparsity,c0_test_accuracy,sparsity_diff_vs_c0,diff_vs_c0,c0_comparable_sparsity_within_1pp,c0_mcnemar_p
accuracy,C1,0.01,1,"[0, 0, 3, 5]",54.31621366991895,76.98,54.31621366991895,76.6,0.38000000000000966,128,90,0.012036788138189357,54.316052346290846,47.51,29.470000000000006,0.0,"[0, 0, 5, 5]",57.884530999948375,76.65,-3.568317330029423,0.3299999999999983,False,0.16724943334988723
accuracy,C1,0.01,2,"[0, 0, 5, 5]",57.884530999948375,76.65,57.884530999948375,76.54,0.10999999999999943,312,301,0.686322940896473,57.884530999948375,40.69,35.96000000000001,0.0,"[0, 0, 5, 5]",57.884530999948375,76.65,0.0,0.0,True,1.0
accuracy,C1,0.01,3,"[0, 0, 5, 5]",57.884530999948375,76.65,57.884530999948375,76.54,0.10999999999999943,312,301,0.686322940896473,57.884530999948375,40.69,35.96000000000001,0.0,"[0, 0, 5, 5]",57.884530999948375,76.65,0.0,0.0,True,1.0
accuracy,C1,0.01,4,"[0, 0, 5, 5]",57.884530999948375,76.65,57.884530999948375,76.54,0.10999999999999943,312,301,0.686322940896473,57.884530999948375,40.69,35.96000000000001,0.0,"[0, 0, 5, 5]",57.884530999948375,76.65,0.0,0.0,True,1.0
accuracy,C1,0.01,42,"[0, 1, 5, 5]",58.181850446543805,76.56,58.181850446543805,76.32,0.2400000000000091,334,310,0.36477403017584,58.181850446543805,41.2,35.36,0.0,"[1, 1, 5, 5]",58.19572427856073,76.49,-0.013873832016926713,0.07000000000000739,True,0.6464833446153403
accuracy,C1,0.01,5,"[0, 0, 5, 5]",57.884530999948375,76.65,57.884530999948375,76.54,0.10999999999999943,312,301,0.686322940896473,57.884530999948375,40.69,35.96000000000001,0.0,"[0, 0, 5, 5]",57.884530999948375,76.65,0.0,0.0,True,1.0
accuracy,C1,0.01,6,"[0, 0, 5, 5]",57.884530999948375,76.65,57.884530999948375,76.54,0.10999999999999943,312,301,0.686322940896473,57.884530999948375,40.69,35.96000000000001,0.0,"[0, 0, 5, 5]",57.884530999948375,76.65,0.0,0.0,True,1.0
accuracy,C1,0.01,7,"[0, 0, 5, 5]",57.884530999948375,76.65,57.884530999948375,76.54,0.10999999999999943,312,301,0.686322940896473,57.884530999948375,40.69,35.96000000000001,0.0,"[0, 0, 5, 5]",57.884530999948375,76.65,0.0,0.0,True,1.0
accuracy,C1,0.01,8,"[0, 0, 5, 5]",57.884530999948375,76.65,57.884530999948375,76.54,0.10999999999999943,312,301,0.686322940896473,57.884530999948375,40.69,35.96000000000001,0.0,"[1, 1, 5, 5]",58.19572427856073,76.49,-0.31119327861235746,0.1600000000000108,True,0.2687598253244301
accuracy,C1,0.01,9,"[0, 0, 5, 5]",57.884530999948375,76.65,57.884530999948375,76.54,0.10999999999999943,312,301,0.686322940896473,57.884530999948375,40.69,35.96000000000001,0.0,"[0, 0, 5, 5]",57.884530999948375,76.65,0.0,0.0,True,1.0
accuracy,C1,0.02,1,"[0, 0, 5, 5]",57.884530999948375,76.65,57.884530999948375,76.54,0.10999999999999943,312,301,0.686322940896473,57.884530999948375,40.69,35.96000000000001,0.0,"[0, 0, 5, 5]",57.884530999948375,76.65,0.0,0.0,True,1.0
accuracy,C1,0.02,2,"[0, 0, 5, 5]",57.884530999948375,76.65,57.884530999948375,76.54,0.10999999999999943,312,301,0.686322940896473,57.884530999948375,40.69,35.96000000000001,0.0,"[0, 0, 5, 5]",57.884530999948375,76.65,0.0,0.0,True,1.0
accuracy,C1,0.02,3,"[0, 0, 5, 5]",57.884530999948375,76.65,57.884530999948375,76.54,0.10999999999999943,312,301,0.686322940896473,57.884530999948375,40.69,35.96000000000001,0.0,"[0, 0, 5, 5]",57.884530999948375,76.65,0.0,0.0,True,1.0
accuracy,C1,0.02,4,"[1, 0, 5, 5]",57.89840483196531,76.46,57.89840483196531,76.55,-0.09000000000000341,287,296,0.7404300748491981,57.8982435083372,40.75,35.709999999999994,0.0,"[0, 0, 5, 5]",57.884530999948375,76.65,0.013873832016933818,-0.19000000000001194,True,0.17589930239342227
accuracy,C1,0.02,42,"[0, 5, 5, 5]",59.66860900314904,75.16,59.66860900314904,76.36,-1.2000000000000028,365,485,4.351500591857473e-05,59.66877032677714,40.68,34.48,0.0,"[0, 0, 5, 5]",57.884530999948375,76.65,1.784078003200662,-1.490000000000009,False,4.571785723367233e-09
accuracy,C1,0.02,5,"[0, 0, 5, 5]",57.884530999948375,76.65,57.884530999948375,76.54,0.10999999999999943,312,301,0.686322940896473,57.884530999948375,40.69,35.96000000000001,0.0,"[0, 0, 5, 5]",57.884530999948375,76.65,0.0,0.0,True,1.0
accuracy,C1,0.02,6,"[0, 0, 5, 5]",57.884530999948375,76.65,57.884530999948375,76.54,0.10999999999999943,312,301,0.686322940896473,57.884530999948375,40.69,35.96000000000001,0.0,"[0, 0, 5, 5]",57.884530999948375,76.65,0.0,0.0,True,1.0
accuracy,C1,0.02,7,"[0, 5, 5, 5]",59.66860900314904,75.16,59.66860900314904,76.36,-1.2000000000000028,365,485,4.351500591857473e-05,59.66877032677714,40.68,34.48,0.0,"[0, 0, 5, 5]",57.884530999948375,76.65,1.784078003200662,-1.490000000000009,False,4.571785723367233e-09
accuracy,C1,0.02,8,"[2, 5, 5, 5]",59.696517990811,73.22,59.696517990811,76.4,-3.180000000000007,346,664,8.405368364252916e-24,59.69667931443911,40.73,32.49,0.0,"[0, 1, 5, 5]",58.181850446543805,76.56,1.5146675442671977,-3.3400000000000034,False,8.44653930034691e-30
accuracy,C1,0.02,9,"[0, 3, 5, 5]",58.77665066336276,76.53,58.77665066336276,76.44,0.09000000000000341,281,272,0.733744218487272,58.776811986990865,40.83,35.7,0.0,"[1, 2, 5, 5]",58.49304372515616,76.5,0.28360693820659577,0.030000000000001137,True,0.8925354555605469
loss,C1,0.01,1,"[0, 0, 5, 5]",57.884530999948375,76.65,57.884530999948375,76.54,0.10999999999999943,312,301,0.686322940896473,57.884530999948375,40.69,35.96000000000001,0.0,"[0, 0, 5, 5]",57.884530999948375,76.65,0.0,0.0,True,1.0
loss,C1,0.01,2,"[0, 0, 5, 5]",57.884530999948375,76.65,57.884530999948375,76.54,0.10999999999999943,312,301,0.686322940896473,57.884530999948375,40.69,35.96000000000001,0.0,"[0, 0, 5, 5]",57.884530999948375,76.65,0.0,0.0,True,1.0
loss,C1,0.01,3,"[0, 0, 5, 5]",57.884530999948375,76.65,57.884530999948375,76.54,0.10999999999999943,312,301,0.686322940896473,57.884530999948375,40.69,35.96000000000001,0.0,"[0, 0, 5, 5]",57.884530999948375,76.65,0.0,0.0,True,1.0
loss,C1,0.01,4,"[0, 0, 5, 5]",57.884530999948375,76.65,57.884530999948375,76.54,0.10999999999999943,312,301,0.686322940896473,57.884530999948375,40.69,35.96000000000001,0.0,"[0, 0, 5, 5]",57.884530999948375,76.65,0.0,0.0,True,1.0
loss,C1,0.01,42,"[0, 1, 5, 5]",58.181850446543805,76.56,58.181850446543805,76.32,0.2400000000000091,334,310,0.36477403017584,58.181850446543805,41.2,35.36,0.0,"[1, 1, 5, 5]",58.19572427856073,76.49,-0.013873832016926713,0.07000000000000739,True,0.6464833446153403
loss,C1,0.01,5,"[0, 0, 5, 5]",57.884530999948375,76.65,57.884530999948375,76.54,0.10999999999999943,312,301,0.686322940896473,57.884530999948375,40.69,35.96000000000001,0.0,"[0, 0, 5, 5]",57.884530999948375,76.65,0.0,0.0,True,1.0
loss,C1,0.01,6,"[0, 0, 5, 5]",57.884530999948375,76.65,57.884530999948375,76.54,0.10999999999999943,312,301,0.686322940896473,57.884530999948375,40.69,35.96000000000001,0.0,"[0, 0, 5, 5]",57.884530999948375,76.65,0.0,0.0,True,1.0
loss,C1,0.01,7,"[1, 1, 5, 5]",58.19572427856073,76.49,58.19572427856073,76.35,0.14000000000000057,311,297,0.5980774358295753,58.19572427856073,41.2,35.28999999999999,0.0,"[0, 0, 5, 5]",57.884530999948375,76.65,0.31119327861235746,-0.1600000000000108,True,0.2687598253244301
loss,C1,0.01,8,"[1, 1, 5, 5]",58.19572427856073,76.49,58.19572427856073,76.35,0.14000000000000057,311,297,0.5980774358295753,58.19572427856073,41.2,35.28999999999999,0.0,"[1, 1, 5, 5]",58.19572427856073,76.49,0.0,0.0,True,1.0
loss,C1,0.01,9,"[0, 0, 5, 5]",57.884530999948375,76.65,57.884530999948375,76.54,0.10999999999999943,312,301,0.686322940896473,57.884530999948375,40.69,35.96000000000001,0.0,"[0, 0, 5, 5]",57.884530999948375,76.65,0.0,0.0,True,1.0
loss,C1,0.02,1,"[0, 0, 5, 5]",57.884530999948375,76.65,57.884530999948375,76.54,0.10999999999999943,312,301,0.686322940896473,57.884530999948375,40.69,35.96000000000001,0.0,"[0, 0, 5, 5]",57.884530999948375,76.65,0.0,0.0,True,1.0
loss,C1,0.02,2,"[0, 0, 5, 5]",57.884530999948375,76.65,57.884530999948375,76.54,0.10999999999999943,312,301,0.686322940896473,57.884530999948375,40.69,35.96000000000001,0.0,"[0, 0, 5, 5]",57.884530999948375,76.65,0.0,0.0,True,1.0
loss,C1,0.02,3,"[0, 0, 5, 5]",57.884530999948375,76.65,57.884530999948375,76.54,0.10999999999999943,312,301,0.686322940896473,57.884530999948375,40.69,35.96000000000001,0.0,"[0, 0, 5, 5]",57.884530999948375,76.65,0.0,0.0,True,1.0
loss,C1,0.02,4,"[1, 4, 5, 5]",59.087843941975116,76.02,59.087843941975116,76.45,-0.4300000000000068,251,294,0.07190827062354621,59.087843941975116,42.2,33.81999999999999,0.0,"[0, 0, 5, 5]",57.884530999948375,76.65,1.2033129420267414,-0.6300000000000097,False,0.002027099897023836
loss,C1,0.02,42,"[0, 0, 5, 5]",57.884530999948375,76.65,57.884530999948375,76.54,0.10999999999999943,312,301,0.686322940896473,57.884530999948375,40.69,35.96000000000001,0.0,"[0, 0, 5, 5]",57.884530999948375,76.65,0.0,0.0,True,1.0
loss,C1,0.02,5,"[0, 0, 5, 5]",57.884530999948375,76.65,57.884530999948375,76.54,0.10999999999999943,312,301,0.686322940896473,57.884530999948375,40.69,35.96000000000001,0.0,"[0, 0, 5, 5]",57.884530999948375,76.65,0.0,0.0,True,1.0
loss,C1,0.02,6,"[0, 0, 5, 5]",57.884530999948375,76.65,57.884530999948375,76.54,0.10999999999999943,312,301,0.686322940896473,57.884530999948375,40.69,35.96000000000001,0.0,"[0, 0, 5, 5]",57.884530999948375,76.65,0.0,0.0,True,1.0
loss,C1,0.02,7,"[0, 4, 5, 5]",59.07397010995818,76.18,59.07397010995818,76.45,-0.269999999999996,272,299,0.27655316974338723,59.07413143358629,42.19,33.99000000000001,0.0,"[0, 0, 5, 5]",57.884530999948375,76.65,1.1894391100098076,-0.46999999999999886,False,0.012885984271716973
loss,C1,0.02,8,"[0, 5, 5, 5]",59.66860900314904,75.16,59.66860900314904,76.36,-1.2000000000000028,365,485,4.351500591857473e-05,59.66877032677714,40.68,34.48,0.0,"[0, 1, 5, 5]",58.181850446543805,76.56,1.4867585566052313,-1.4000000000000057,False,4.0278671972942215e-08
loss,C1,0.02,9,"[0, 0, 5, 5]",57.884530999948375,76.65,57.884530999948375,76.54,0.10999999999999943,312,301,0.686322940896473,57.884530999948375,40.69,35.96000000000001,0.0,"[1, 2, 5, 5]",58.49304372515616,76.5,-0.6085127252077882,0.15000000000000568,True,0.33285773410056463
accuracy,C2,0.01,1,"[0, 4, 4, 5]",56.69509188993857,76.53,56.69509188993857,76.55,-0.01999999999999602,166,168,0.9563743653627889,56.69509188993857,40.99,35.54,0.0,"[0, 0, 5, 5]",57.884530999948375,76.65,-1.1894391100098076,-0.12000000000000455,False,0.6602260640765548
accuracy,C2,0.01,2,"[0, 4, 4, 5]",56.69509188993857,76.53,56.69509188993857,76.55,-0.01999999999999602,166,168,0.9563743653627889,56.69509188993857,40.99,35.54,0.0,"[0, 0, 5, 5]",57.884530999948375,76.65,-1.1894391100098076,-0.12000000000000455,False,0.6602260640765548
accuracy,C2,0.01,3,"[0, 4, 4, 5]",56.69509188993857,76.53,56.69509188993857,76.55,-0.01999999999999602,166,168,0.9563743653627889,56.69509188993857,40.99,35.54,0.0,"[0, 0, 5, 5]",57.884530999948375,76.65,-1.1894391100098076,-0.12000000000000455,False,0.6602260640765548
accuracy,C2,0.01,4,"[0, 4, 4, 5]",56.69509188993857,76.53,56.69509188993857,76.55,-0.01999999999999602,166,168,0.9563743653627889,56.69509188993857,40.99,35.54,0.0,"[0, 0, 5, 5]",57.884530999948375,76.65,-1.1894391100098076,-0.12000000000000455,False,0.6602260640765548
accuracy,C2,0.01,42,"[0, 3, 3, 5]",55.208333333333336,76.71,55.208333333333336,76.79,-0.0800000000000125,80,88,0.589286935859189,55.208333333333336,46.18,30.529999999999994,0.0,"[1, 1, 5, 5]",58.19572427856073,76.49,-2.9873909452273963,0.21999999999999886,False,0.38810260606265945
accuracy,C2,0.01,5,"[0, 4, 4, 5]",56.69509188993857,76.53,56.69509188993857,76.55,-0.01999999999999602,166,168,0.9563743653627889,56.69509188993857,40.99,35.54,0.0,"[0, 0, 5, 5]",57.884530999948375,76.65,-1.1894391100098076,-0.12000000000000455,False,0.6602260640765548
accuracy,C2,0.01,6,"[0, 4, 4, 5]",56.69509188993857,76.53,56.69509188993857,76.55,-0.01999999999999602,166,168,0.9563743653627889,56.69509188993857,40.99,35.54,0.0,"[0, 0, 5, 5]",57.884530999948375,76.65,-1.1894391100098076,-0.12000000000000455,False,0.6602260640765548
accuracy,C2,0.01,7,"[0, 4, 4, 5]",56.69509188993857,76.53,56.69509188993857,76.55,-0.01999999999999602,166,168,0.9563743653627889,56.69509188993857,40.99,35.54,0.0,"[0, 0, 5, 5]",57.884530999948375,76.65,-1.1894391100098076,-0.12000000000000455,False,0.6602260640765548
accuracy,C2,0.01,8,"[0, 4, 4, 5]",56.69509188993857,76.53,56.69509188993857,76.55,-0.01999999999999602,166,168,0.9563743653627889,56.69509188993857,40.99,35.54,0.0,"[1, 1, 5, 5]",58.19572427856073,76.49,-1.500632388622165,0.04000000000000625,False,0.9057623186795855
accuracy,C2,0.01,9,"[0, 4, 4, 5]",56.69509188993857,76.53,56.69509188993857,76.55,-0.01999999999999602,166,168,0.9563743653627889,56.69509188993857,40.99,35.54,0.0,"[0, 0, 5, 5]",57.884530999948375,76.65,-1.1894391100098076,-0.12000000000000455,False,0.6602260640765548
accuracy,C2,0.02,1,"[1, 4, 4, 5]",56.7089657219555,76.43,56.7089657219555,76.57,-0.13999999999998636,138,152,0.4452882773243855,56.7089657219555,40.91,35.52000000000001,0.0,"[0, 0, 5, 5]",57.884530999948375,76.65,-1.1755652779928738,-0.21999999999999886,False,0.4129970786813663
accuracy,C2,0.02,2,"[0, 4, 4, 5]",56.69509188993857,76.53,56.69509188993857,76.55,-0.01999999999999602,166,168,0.9563743653627889,56.69509188993857,40.99,35.54,0.0,"[0, 0, 5, 5]",57.884530999948375,76.65,-1.1894391100098076,-0.12000000000000455,False,0.6602260640765548
accuracy,C2,0.02,3,"[0, 4, 4, 5]",56.69509188993857,76.53,56.69509188993857,76.55,-0.01999999999999602,166,168,0.9563743653627889,56.69509188993857,40.99,35.54,0.0,"[0, 0, 5, 5]",57.884530999948375,76.65,-1.1894391100098076,-0.12000000000000455,False,0.6602260640765548
accuracy,C2,0.02,4,"[0, 4, 4, 5]",56.69509188993857,76.53,56.69509188993857,76.55,-0.01999999999999602,166,168,0.9563743653627889,56.69509188993857,40.99,35.54,0.0,"[0, 0, 5, 5]",57.884530999948375,76.65,-1.1894391100098076,-0.12000000000000455,False,0.6602260640765548
accuracy,C2,0.02,42,"[0, 3, 3, 5]",55.208333333333336,76.71,55.208333333333336,76.79,-0.0800000000000125,80,88,0.589286935859189,55.208333333333336,46.18,30.529999999999994,0.0,"[0, 0, 5, 5]",57.884530999948375,76.65,-2.676197666615039,0.05999999999998806,False,0.8363848180301203
accuracy,C2,0.02,5,"[0, 4, 4, 5]",56.69509188993857,76.53,56.69509188993857,76.55,-0.01999999999999602,166,168,0.9563743653627889,56.69509188993857,40.99,35.54,0.0,"[0, 0, 5, 5]",57.884530999948375,76.65,-1.1894391100098076,-0.12000000000000455,False,0.6602260640765548
accuracy,C2,0.02,6,"[0, 4, 4, 5]",56.69509188993857,76.53,56.69509188993857,76.55,-0.01999999999999602,166,168,0.9563743653627889,56.69509188993857,40.99,35.54,0.0,"[0, 0, 5, 5]",57.884530999948375,76.65,-1.1894391100098076,-0.12000000000000455,False,0.6602260640765548
accuracy,C2,0.02,7,"[0, 4, 4, 5]",56.69509188993857,76.53,56.69509188993857,76.55,-0.01999999999999602,166,168,0.9563743653627889,56.69509188993857,40.99,35.54,0.0,"[0, 0, 5, 5]",57.884530999948375,76.65,-1.1894391100098076,-0.12000000000000455,False,0.6602260640765548
accuracy,C2,0.02,8,"[0, 3, 3, 5]",55.208333333333336,76.71,55.208333333333336,76.79,-0.0800000000000125,80,88,0.589286935859189,55.208333333333336,46.18,30.529999999999994,0.0,"[0, 1, 5, 5]",58.181850446543805,76.56,-2.9735171132104696,0.14999999999999147,False,0.5627418612590075
accuracy,C2,0.02,9,"[0, 4, 4, 5]",56.69509188993857,76.53,56.69509188993857,76.55,-0.01999999999999602,166,168,0.9563743653627889,56.69509188993857,40.99,35.54,0.0,"[1, 2, 5, 5]",58.49304372515616,76.5,-1.7979518352175958,0.030000000000001137,False,0.9370445365451706
loss,C2,0.01,1,"[0, 4, 4, 5]",56.69509188993857,76.53,56.69509188993857,76.55,-0.01999999999999602,166,168,0.9563743653627889,56.69509188993857,40.99,35.54,0.0,"[0, 0, 5, 5]",57.884530999948375,76.65,-1.1894391100098076,-0.12000000000000455,False,0.6602260640765548
loss,C2,0.01,2,"[0, 4, 4, 5]",56.69509188993857,76.53,56.69509188993857,76.55,-0.01999999999999602,166,168,0.9563743653627889,56.69509188993857,40.99,35.54,0.0,"[0, 0, 5, 5]",57.884530999948375,76.65,-1.1894391100098076,-0.12000000000000455,False,0.6602260640765548
loss,C2,0.01,3,"[0, 3, 3, 5]",55.208333333333336,76.71,55.208333333333336,76.79,-0.0800000000000125,80,88,0.589286935859189,55.208333333333336,46.18,30.529999999999994,0.0,"[0, 0, 5, 5]",57.884530999948375,76.65,-2.676197666615039,0.05999999999998806,False,0.8363848180301203
loss,C2,0.01,4,"[0, 2, 2, 5]",53.7215747767281,76.9,53.7215747767281,76.63,0.27000000000001023,107,80,0.056970781392595746,53.7215747767281,52.17,24.730000000000004,0.0,"[0, 0, 5, 5]",57.884530999948375,76.65,-4.162956223220277,0.25,False,0.30919268922599275
loss,C2,0.01,42,"[0, 3, 3, 5]",55.208333333333336,76.71,55.208333333333336,76.79,-0.0800000000000125,80,88,0.589286935859189,55.208333333333336,46.18,30.529999999999994,0.0,"[1, 1, 5, 5]",58.19572427856073,76.49,-2.9873909452273963,0.21999999999999886,False,0.38810260606265945
loss,C2,0.01,5,"[0, 4, 4, 5]",56.69509188993857,76.53,56.69509188993857,76.55,-0.01999999999999602,166,168,0.9563743653627889,56.69509188993857,40.99,35.54,0.0,"[0, 0, 5, 5]",57.884530999948375,76.65,-1.1894391100098076,-0.12000000000000455,False,0.6602260640765548
loss,C2,0.01,6,"[0, 4, 4, 5]",56.69509188993857,76.53,56.69509188993857,76.55,-0.01999999999999602,166,168,0.9563743653627889,56.69509188993857,40.99,35.54,0.0,"[0, 0, 5, 5]",57.884530999948375,76.65,-1.1894391100098076,-0.12000000000000455,False,0.6602260640765548
loss,C2,0.01,7,"[0, 4, 4, 5]",56.69509188993857,76.53,56.69509188993857,76.55,-0.01999999999999602,166,168,0.9563743653627889,56.69509188993857,40.99,35.54,0.0,"[0, 0, 5, 5]",57.884530999948375,76.65,-1.1894391100098076,-0.12000000000000455,False,0.6602260640765548
loss,C2,0.01,8,"[0, 4, 4, 5]",56.69509188993857,76.53,56.69509188993857,76.55,-0.01999999999999602,166,168,0.9563743653627889,56.69509188993857,40.99,35.54,0.0,"[1, 1, 5, 5]",58.19572427856073,76.49,-1.500632388622165,0.04000000000000625,False,0.9057623186795855
loss,C2,0.01,9,"[0, 4, 4, 5]",56.69509188993857,76.53,56.69509188993857,76.55,-0.01999999999999602,166,168,0.9563743653627889,56.69509188993857,40.99,35.54,0.0,"[0, 0, 5, 5]",57.884530999948375,76.65,-1.1894391100098076,-0.12000000000000455,False,0.6602260640765548
loss,C2,0.02,1,"[0, 4, 4, 5]",56.69509188993857,76.53,56.69509188993857,76.55,-0.01999999999999602,166,168,0.9563743653627889,56.69509188993857,40.99,35.54,0.0,"[0, 0, 5, 5]",57.884530999948375,76.65,-1.1894391100098076,-0.12000000000000455,False,0.6602260640765548
loss,C2,0.02,2,"[0, 4, 4, 5]",56.69509188993857,76.53,56.69509188993857,76.55,-0.01999999999999602,166,168,0.9563743653627889,56.69509188993857,40.99,35.54,0.0,"[0, 0, 5, 5]",57.884530999948375,76.65,-1.1894391100098076,-0.12000000000000455,False,0.6602260640765548
loss,C2,0.02,3,"[0, 4, 4, 5]",56.69509188993857,76.53,56.69509188993857,76.55,-0.01999999999999602,166,168,0.9563743653627889,56.69509188993857,40.99,35.54,0.0,"[0, 0, 5, 5]",57.884530999948375,76.65,-1.1894391100098076,-0.12000000000000455,False,0.6602260640765548
loss,C2,0.02,4,"[0, 4, 4, 5]",56.69509188993857,76.53,56.69509188993857,76.55,-0.01999999999999602,166,168,0.9563743653627889,56.69509188993857,40.99,35.54,0.0,"[0, 0, 5, 5]",57.884530999948375,76.65,-1.1894391100098076,-0.12000000000000455,False,0.6602260640765548
loss,C2,0.02,42,"[0, 3, 3, 5]",55.208333333333336,76.71,55.208333333333336,76.79,-0.0800000000000125,80,88,0.589286935859189,55.208333333333336,46.18,30.529999999999994,0.0,"[0, 0, 5, 5]",57.884530999948375,76.65,-2.676197666615039,0.05999999999998806,False,0.8363848180301203
loss,C2,0.02,5,"[0, 4, 4, 5]",56.69509188993857,76.53,56.69509188993857,76.55,-0.01999999999999602,166,168,0.9563743653627889,56.69509188993857,40.99,35.54,0.0,"[0, 0, 5, 5]",57.884530999948375,76.65,-1.1894391100098076,-0.12000000000000455,False,0.6602260640765548
loss,C2,0.02,6,"[0, 4, 4, 5]",56.69509188993857,76.53,56.69509188993857,76.55,-0.01999999999999602,166,168,0.9563743653627889,56.69509188993857,40.99,35.54,0.0,"[0, 0, 5, 5]",57.884530999948375,76.65,-1.1894391100098076,-0.12000000000000455,False,0.6602260640765548
loss,C2,0.02,7,"[0, 4, 4, 5]",56.69509188993857,76.53,56.69509188993857,76.55,-0.01999999999999602,166,168,0.9563743653627889,56.69509188993857,40.99,35.54,0.0,"[0, 0, 5, 5]",57.884530999948375,76.65,-1.1894391100098076,-0.12000000000000455,False,0.6602260640765548
loss,C2,0.02,8,"[1, 4, 4, 5]",56.7089657219555,76.43,56.7089657219555,76.57,-0.13999999999998636,138,152,0.4452882773243855,56.7089657219555,40.91,35.52000000000001,0.0,"[0, 1, 5, 5]",58.181850446543805,76.56,-1.4728847245883046,-0.12999999999999545,False,0.6386769533971405
loss,C2,0.02,9,"[0, 4, 4, 5]",56.69509188993857,76.53,56.69509188993857,76.55,-0.01999999999999602,166,168,0.9563743653627889,56.69509188993857,40.99,35.54,0.0,"[1, 2, 5, 5]",58.49304372515616,76.5,-1.7979518352175958,0.030000000000001137,False,0.9370445365451706
accuracy,C3,0.01,1,"[0, 1, 5, 4]",41.26577745082856,76.38,41.26577745082856,76.93,-0.5500000000000114,259,314,0.02399384927701471,41.265938774456664,65.02,11.36,2.7108492430883864e-130,"[0, 0, 5, 5]",57.884530999948375,76.65,-16.618753549119816,-0.27000000000001023,False,0.005544959035344696
accuracy,C3,0.01,2,"[0, 3, 2, 4]",37.10298255123639,76.82,37.10298255123639,77.0,-0.18000000000000682,80,98,0.20246043236354036,37.10298255123639,68.84,7.97999999999999,1.0820844223678604e-91,"[0, 0, 5, 5]",57.884530999948375,76.65,-20.781548448711987,0.1699999999999875,False,0.514711945550649
accuracy,C3,0.01,3,"[0, 5, 2, 4]",37.994940891022665,75.62,37.994940891022665,76.96,-1.3399999999999892,261,395,1.8867263128676266e-07,37.994940891022665,68.31,7.310000000000002,1.4774878720861782e-69,"[0, 0, 5, 5]",57.884530999948375,76.65,-19.88959010892571,-1.0300000000000011,False,0.00034143551516474226
accuracy,C3,0.01,4,"[0, 5, 2, 4]",37.994940891022665,75.62,37.994940891022665,76.96,-1.3399999999999892,261,395,1.8867263128676266e-07,37.994940891022665,68.31,7.310000000000002,1.4774878720861782e-69,"[0, 0, 5, 5]",57.884530999948375,76.65,-19.88959010892571,-1.0300000000000011,False,0.00034143551516474226
accuracy,C3,0.01,42,"[0, 3, 2, 4]",37.10298255123639,76.82,37.10298255123639,77.0,-0.18000000000000682,80,98,0.20246043236354036,37.10298255123639,68.84,7.97999999999999,1.0820844223678604e-91,"[1, 1, 5, 5]",58.19572427856073,76.49,-21.092741727324345,0.3299999999999983,False,0.1946910227695768
accuracy,C3,0.01,5,"[0, 3, 2, 4]",37.10298255123639,76.82,37.10298255123639,77.0,-0.18000000000000682,80,98,0.20246043236354036,37.10298255123639,68.84,7.97999999999999,1.0820844223678604e-91,"[0, 0, 5, 5]",57.884530999948375,76.65,-20.781548448711987,0.1699999999999875,False,0.514711945550649
accuracy,C3,0.01,6,"[0, 3, 2, 4]",37.10298255123639,76.82,37.10298255123639,77.0,-0.18000000000000682,80,98,0.20246043236354036,37.10298255123639,68.84,7.97999999999999,1.0820844223678604e-91,"[0, 0, 5, 5]",57.884530999948375,76.65,-20.781548448711987,0.1699999999999875,False,0.514711945550649
accuracy,C3,0.01,7,"[1, 4, 2, 4]",37.414175829848745,76.29,37.414175829848745,76.97,-0.6799999999999926,148,216,0.0004299583673044119,37.41433715347684,68.36,7.930000000000007,6.192499129959103e-93,"[0, 0, 5, 5]",57.884530999948375,76.65,-20.47035517009963,-0.35999999999999943,False,0.19083279035845474
accuracy,C3,0.01,8,"[0, 2, 5, 4]",41.56309689742398,76.53,41.56309689742398,76.82,-0.28999999999999204,276,305,0.2453599295073804,41.56325822105209,63.98,12.550000000000004,1.9794164517683601e-153,"[1, 1, 5, 5]",58.19572427856073,76.49,-16.63262738113675,0.04000000000000625,False,0.8320703744377118
accuracy,C3,0.01,9,"[1, 3, 2, 4]",37.116856383253314,76.47,37.116856383253314,76.99,-0.519999999999996,115,167,0.0023308834481525894,37.116856383253314,68.77,7.700000000000003,1.1751724878943943e-87,"[0, 0, 5, 5]",57.884530999948375,76.65,-20.76767461669506,-0.18000000000000682,False,0.5022916272883818
accuracy,C3,0.02,1,"[0, 2, 5, 4]",41.56309689742398,76.53,41.56309689742398,76.82,-0.28999999999999204,276,305,0.2453599295073804,41.56325822105209,63.98,12.550000000000004,1.9794164517683601e-153,"[0, 0, 5, 5]",57.884530999948375,76.65,-16.321434102524393,-0.12000000000000455,False,0.3070896636491782
accuracy,C3,0.02,2,"[0, 5, 2, 4]",37.994940891022665,75.62,37.994940891022665,76.96,-1.3399999999999892,261,395,1.8867263128676266e-07,37.994940891022665,68.31,7.310000000000002,1.4774878720861782e-69,"[0, 0, 5, 5]",57.884530999948375,76.65,-19.88959010892571,-1.0300000000000011,False,0.00034143551516474226
accuracy,C3,0.02,3,"[0, 5, 2, 4]",37.994940891022665,75.62,37.994940891022665,76.96,-1.3399999999999892,261,395,1.8867263128676266e-07,37.994940891022665,68.31,7.310000000000002,1.4774878720861782e-69,"[0, 0, 5, 5]",57.884530999948375,76.65,-19.88959010892571,-1.0300000000000011,False,0.00034143551516474226
accuracy,C3,0.02,4,"[0, 5, 2, 4]",37.994940891022665,75.62,37.994940891022665,76.96,-1.3399999999999892,261,395,1.8867263128676266e-07,37.994940891022665,68.31,7.310000000000002,1.4774878720861782e-69,"[0, 0, 5, 5]",57.884530999948375,76.65,-19.88959010892571,-1.0300000000000011,False,0.00034143551516474226
accuracy,C3,0.02,42,"[0, 5, 2, 4]",37.994940891022665,75.62,37.994940891022665,76.96,-1.3399999999999892,261,395,1.8867263128676266e-07,37.994940891022665,68.31,7.310000000000002,1.4774878720861782e-69,"[0, 0, 5, 5]",57.884530999948375,76.65,-19.88959010892571,-1.0300000000000011,False,0.00034143551516474226
accuracy,C3,0.02,5,"[0, 3, 2, 4]",37.10298255123639,76.82,37.10298255123639,77.0,-0.18000000000000682,80,98,0.20246043236354036,37.10298255123639,68.84,7.97999999999999,1.0820844223678604e-91,"[0, 0, 5, 5]",57.884530999948375,76.65,-20.781548448711987,0.1699999999999875,False,0.514711945550649
accuracy,C3,0.02,6,"[0, 5, 2, 4]",37.994940891022665,75.62,37.994940891022665,76.96,-1.3399999999999892,261,395,1.8867263128676266e-07,37.994940891022665,68.31,7.310000000000002,1.4774878720861782e-69,"[0, 0, 5, 5]",57.884530999948375,76.65,-19.88959010892571,-1.0300000000000011,False,0.00034143551516474226
accuracy,C3,0.02,7,"[0, 4, 2, 4]",37.40030199783181,76.4,37.40030199783181,76.97,-0.5699999999999932,118,175,0.0010354853667476505,37.400140674203705,68.26,8.14,1.6167811740713328e-95,"[0, 0, 5, 5]",57.884530999948375,76.65,-20.484229002116564,-0.25,False,0.35915579844950296
accuracy,C3,0.02,8,"[0, 0, 5, 4]",40.968458004233135,76.38,40.968458004233135,76.88,-0.5,263,313,0.04109160353306501,40.96829668060503,66.31,10.069999999999993,8.782566509512037e-108,"[0, 1, 5, 5]",58.181850446543805,76.56,-17.21339244231067,-0.18000000000000682,False,0.0789755480010833
accuracy,C3,0.02,9,"[0, 3, 2, 4]",37.10298255123639,76.82,37.10298255123639,77.0,-0.18000000000000682,80,98,0.20246043236354036,37.10298255123639,68.84,7.97999999999999,1.0820844223678604e-91,"[1, 2, 5, 5]",58.49304372515616,76.5,-21.390061173919776,0.3199999999999932,False,0.21236231622988716
loss,C3,0.01,1,"[0, 1, 5, 4]",41.26577745082856,76.38,41.26577745082856,76.93,-0.5500000000000114,259,314,0.02399384927701471,41.265938774456664,65.02,11.36,2.7108492430883864e-130,"[0, 0, 5, 5]",57.884530999948375,76.65,-16.618753549119816,-0.27000000000001023,False,0.005544959035344696
loss,C3,0.01,2,"[0, 5, 1, 4]",36.80550178101286,75.63,36.80550178101286,77.01,-1.3800000000000097,258,396,7.601608051428423e-08,36.80534045738475,70.31,5.319999999999993,9.87626707060996e-42,"[0, 0, 5, 5]",57.884530999948375,76.65,-21.079029218935517,-1.0200000000000102,False,0.00038081377501302747
loss,C3,0.01,3,"[0, 2, 1, 4]",35.61606267100304,76.88,35.61606267100304,76.94,-0.060000000000002274,43,49,0.602412277696146,35.61606267100304,72.55,4.329999999999998,2.5265668555323084e-39,"[0, 0, 5, 5]",57.884530999948375,76.65,-22.268468328945332,0.22999999999998977,False,0.36549946479449125
loss,C3,0.01,4,"[0, 2, 1, 4]",35.61606267100304,76.88,35.61606267100304,76.94,-0.060000000000002274,43,49,0.602412277696146,35.61606267100304,72.55,4.329999999999998,2.5265668555323084e-39,"[0, 0, 5, 5]",57.884530999948375,76.65,-22.268468328945332,0.22999999999998977,False,0.36549946479449125
loss,C3,0.01,42,"[0, 5, 1, 4]",36.80550178101286,75.63,36.80550178101286,77.01,-1.3800000000000097,258,396,7.601608051428423e-08,36.80534045738475,70.31,5.319999999999993,9.87626707060996e-42,"[1, 1, 5, 5]",58.19572427856073,76.49,-21.390222497547875,-0.8599999999999994,False,0.003150243386932049
loss,C3,0.01,5,"[0, 3, 1, 4]",35.91354344122657,76.59,35.91354344122657,76.94,-0.3499999999999943,76,111,0.012697856741469149,35.91354344122657,71.68,4.909999999999997,5.609284328317516e-46,"[0, 0, 5, 5]",57.884530999948375,76.65,-21.970987558721802,-0.060000000000002274,False,0.8406177157469695
loss,C3,0.01,6,"[0, 5, 1, 4]",36.80550178101286,75.63,36.80550178101286,77.01,-1.3800000000000097,258,396,7.601608051428423e-08,36.80534045738475,70.31,5.319999999999993,9.87626707060996e-42,"[0, 0, 5, 5]",57.884530999948375,76.65,-21.079029218935517,-1.0200000000000102,False,0.00038081377501302747
loss,C3,0.01,7,"[0, 2, 1, 4]",35.61606267100304,76.88,35.61606267100304,76.94,-0.060000000000002274,43,49,0.602412277696146,35.61606267100304,72.55,4.329999999999998,2.5265668555323084e-39,"[0, 0, 5, 5]",57.884530999948375,76.65,-22.268468328945332,0.22999999999998977,False,0.36549946479449125
loss,C3,0.01,8,"[0, 1, 5, 4]",41.26577745082856,76.38,41.26577745082856,76.93,-0.5500000000000114,259,314,0.02399384927701471,41.265938774456664,65.02,11.36,2.7108492430883864e-130,"[1, 1, 5, 5]",58.19572427856073,76.49,-16.929946827732174,-0.10999999999999943,False,0.46230303391826233
loss,C3,0.01,9,"[0, 2, 1, 4]",35.61606267100304,76.88,35.61606267100304,76.94,-0.060000000000002274,43,49,0.602412277696146,35.61606267100304,72.55,4.329999999999998,2.5265668555323084e-39,"[0, 0, 5, 5]",57.884530999948375,76.65,-22.268468328945332,0.22999999999998977,False,0.36549946479449125
loss,C3,0.02,1,"[1, 0, 5, 4]",40.98233183625006,76.39,40.98233183625006,76.85,-0.45999999999999375,270,316,0.06294455412149222,40.98233183625006,65.44,10.950000000000003,7.860221803836779e-125,"[0, 0, 5, 5]",57.884530999948375,76.65,-16.902199163698313,-0.2600000000000051,False,0.06944420068091918
loss,C3,0.02,2,"[0, 5, 1, 4]",36.80550178101286,75.63,36.80550178101286,77.01,-1.3800000000000097,258,396,7.601608051428423e-08,36.80534045738475,70.31,5.319999999999993,9.87626707060996e-42,"[0, 0, 5, 5]",57.884530999948375,76.65,-21.079029218935517,-1.0200000000000102,False,0.00038081377501302747
loss,C3,0.02,3,"[0, 5, 1, 4]",36.80550178101286,75.63,36.80550178101286,77.01,-1.3800000000000097,258,396,7.601608051428423e-08,36.80534045738475,70.31,5.319999999999993,9.87626707060996e-42,"[0, 0, 5, 5]",57.884530999948375,76.65,-21.079029218935517,-1.0200000000000102,False,0.00038081377501302747
loss,C3,0.02,4,"[0, 5, 1, 4]",36.80550178101286,75.63,36.80550178101286,77.01,-1.3800000000000097,258,396,7.601608051428423e-08,36.80534045738475,70.31,5.319999999999993,9.87626707060996e-42,"[0, 0, 5, 5]",57.884530999948375,76.65,-21.079029218935517,-1.0200000000000102,False,0.00038081377501302747
loss,C3,0.02,42,"[0, 5, 1, 4]",36.80550178101286,75.63,36.80550178101286,77.01,-1.3800000000000097,258,396,7.601608051428423e-08,36.80534045738475,70.31,5.319999999999993,9.87626707060996e-42,"[0, 0, 5, 5]",57.884530999948375,76.65,-21.079029218935517,-1.0200000000000102,False,0.00038081377501302747
loss,C3,0.02,5,"[0, 3, 1, 4]",35.91354344122657,76.59,35.91354344122657,76.94,-0.3499999999999943,76,111,0.012697856741469149,35.91354344122657,71.68,4.909999999999997,5.609284328317516e-46,"[0, 0, 5, 5]",57.884530999948375,76.65,-21.970987558721802,-0.060000000000002274,False,0.8406177157469695
loss,C3,0.02,6,"[0, 5, 1, 4]",36.80550178101286,75.63,36.80550178101286,77.01,-1.3800000000000097,258,396,7.601608051428423e-08,36.80534045738475,70.31,5.319999999999993,9.87626707060996e-42,"[0, 0, 5, 5]",57.884530999948375,76.65,-21.079029218935517,-1.0200000000000102,False,0.00038081377501302747
loss,C3,0.02,7,"[0, 3, 1, 4]",35.91354344122657,76.59,35.91354344122657,76.94,-0.3499999999999943,76,111,0.012697856741469149,35.91354344122657,71.68,4.909999999999997,5.609284328317516e-46,"[0, 0, 5, 5]",57.884530999948375,76.65,-21.970987558721802,-0.060000000000002274,False,0.8406177157469695
loss,C3,0.02,8,"[0, 1, 5, 4]",41.26577745082856,76.38,41.26577745082856,76.93,-0.5500000000000114,259,314,0.02399384927701471,41.265938774456664,65.02,11.36,2.7108492430883864e-130,"[0, 1, 5, 5]",58.181850446543805,76.56,-16.916072995715247,-0.18000000000000682,False,0.0693460436850675
loss,C3,0.02,9,"[2, 5, 1, 4]",36.833410768674824,73.87,36.833410768674824,76.99,-3.1199999999999903,306,618,5.105101688398285e-25,36.833410768674824,69.42,4.450000000000003,5.1045932257742065e-28,"[1, 2, 5, 5]",58.49304372515616,76.5,-21.65963295648134,-2.6299999999999955,False,6.109658727170235e-17
accuracy,C4,0.01,1,"[0, 4, 4, 5]",56.69509188993857,76.53,56.69509188993857,76.55,-0.01999999999999602,166,168,0.9563743653627889,56.69509188993857,40.99,35.54,0.0,"[0, 0, 5, 5]",57.884530999948375,76.65,-1.1894391100098076,-0.12000000000000455,False,0.6602260640765548
accuracy,C4,0.01,2,"[0, 4, 4, 5]",56.69509188993857,76.53,56.69509188993857,76.55,-0.01999999999999602,166,168,0.9563743653627889,56.69509188993857,40.99,35.54,0.0,"[0, 0, 5, 5]",57.884530999948375,76.65,-1.1894391100098076,-0.12000000000000455,False,0.6602260640765548
accuracy,C4,0.01,3,"[0, 4, 4, 5]",56.69509188993857,76.53,56.69509188993857,76.55,-0.01999999999999602,166,168,0.9563743653627889,56.69509188993857,40.99,35.54,0.0,"[0, 0, 5, 5]",57.884530999948375,76.65,-1.1894391100098076,-0.12000000000000455,False,0.6602260640765548
accuracy,C4,0.01,4,"[0, 4, 4, 5]",56.69509188993857,76.53,56.69509188993857,76.55,-0.01999999999999602,166,168,0.9563743653627889,56.69509188993857,40.99,35.54,0.0,"[0, 0, 5, 5]",57.884530999948375,76.65,-1.1894391100098076,-0.12000000000000455,False,0.6602260640765548
accuracy,C4,0.01,42,"[0, 3, 3, 5]",55.208333333333336,76.71,55.208333333333336,76.79,-0.0800000000000125,80,88,0.589286935859189,55.208333333333336,46.18,30.529999999999994,0.0,"[1, 1, 5, 5]",58.19572427856073,76.49,-2.9873909452273963,0.21999999999999886,False,0.38810260606265945
accuracy,C4,0.01,5,"[0, 4, 4, 5]",56.69509188993857,76.53,56.69509188993857,76.55,-0.01999999999999602,166,168,0.9563743653627889,56.69509188993857,40.99,35.54,0.0,"[0, 0, 5, 5]",57.884530999948375,76.65,-1.1894391100098076,-0.12000000000000455,False,0.6602260640765548
accuracy,C4,0.01,6,"[0, 4, 4, 5]",56.69509188993857,76.53,56.69509188993857,76.55,-0.01999999999999602,166,168,0.9563743653627889,56.69509188993857,40.99,35.54,0.0,"[0, 0, 5, 5]",57.884530999948375,76.65,-1.1894391100098076,-0.12000000000000455,False,0.6602260640765548
accuracy,C4,0.01,7,"[0, 4, 4, 5]",56.69509188993857,76.53,56.69509188993857,76.55,-0.01999999999999602,166,168,0.9563743653627889,56.69509188993857,40.99,35.54,0.0,"[0, 0, 5, 5]",57.884530999948375,76.65,-1.1894391100098076,-0.12000000000000455,False,0.6602260640765548
accuracy,C4,0.01,8,"[0, 4, 4, 5]",56.69509188993857,76.53,56.69509188993857,76.55,-0.01999999999999602,166,168,0.9563743653627889,56.69509188993857,40.99,35.54,0.0,"[1, 1, 5, 5]",58.19572427856073,76.49,-1.500632388622165,0.04000000000000625,False,0.9057623186795855
accuracy,C4,0.01,9,"[0, 4, 4, 5]",56.69509188993857,76.53,56.69509188993857,76.55,-0.01999999999999602,166,168,0.9563743653627889,56.69509188993857,40.99,35.54,0.0,"[0, 0, 5, 5]",57.884530999948375,76.65,-1.1894391100098076,-0.12000000000000455,False,0.6602260640765548
accuracy,C4,0.02,1,"[1, 4, 4, 5]",56.7089657219555,76.43,56.7089657219555,76.57,-0.13999999999998636,138,152,0.4452882773243855,56.7089657219555,40.91,35.52000000000001,0.0,"[0, 0, 5, 5]",57.884530999948375,76.65,-1.1755652779928738,-0.21999999999999886,False,0.4129970786813663
accuracy,C4,0.02,2,"[0, 4, 4, 5]",56.69509188993857,76.53,56.69509188993857,76.55,-0.01999999999999602,166,168,0.9563743653627889,56.69509188993857,40.99,35.54,0.0,"[0, 0, 5, 5]",57.884530999948375,76.65,-1.1894391100098076,-0.12000000000000455,False,0.6602260640765548
accuracy,C4,0.02,3,"[0, 4, 4, 5]",56.69509188993857,76.53,56.69509188993857,76.55,-0.01999999999999602,166,168,0.9563743653627889,56.69509188993857,40.99,35.54,0.0,"[0, 0, 5, 5]",57.884530999948375,76.65,-1.1894391100098076,-0.12000000000000455,False,0.6602260640765548
accuracy,C4,0.02,4,"[0, 4, 4, 5]",56.69509188993857,76.53,56.69509188993857,76.55,-0.01999999999999602,166,168,0.9563743653627889,56.69509188993857,40.99,35.54,0.0,"[0, 0, 5, 5]",57.884530999948375,76.65,-1.1894391100098076,-0.12000000000000455,False,0.6602260640765548
accuracy,C4,0.02,42,"[0, 3, 3, 5]",55.208333333333336,76.71,55.208333333333336,76.79,-0.0800000000000125,80,88,0.589286935859189,55.208333333333336,46.18,30.529999999999994,0.0,"[0, 0, 5, 5]",57.884530999948375,76.65,-2.676197666615039,0.05999999999998806,False,0.8363848180301203
accuracy,C4,0.02,5,"[0, 4, 4, 5]",56.69509188993857,76.53,56.69509188993857,76.55,-0.01999999999999602,166,168,0.9563743653627889,56.69509188993857,40.99,35.54,0.0,"[0, 0, 5, 5]",57.884530999948375,76.65,-1.1894391100098076,-0.12000000000000455,False,0.6602260640765548
accuracy,C4,0.02,6,"[0, 4, 4, 5]",56.69509188993857,76.53,56.69509188993857,76.55,-0.01999999999999602,166,168,0.9563743653627889,56.69509188993857,40.99,35.54,0.0,"[0, 0, 5, 5]",57.884530999948375,76.65,-1.1894391100098076,-0.12000000000000455,False,0.6602260640765548
accuracy,C4,0.02,7,"[0, 4, 4, 5]",56.69509188993857,76.53,56.69509188993857,76.55,-0.01999999999999602,166,168,0.9563743653627889,56.69509188993857,40.99,35.54,0.0,"[0, 0, 5, 5]",57.884530999948375,76.65,-1.1894391100098076,-0.12000000000000455,False,0.6602260640765548
accuracy,C4,0.02,8,"[0, 3, 3, 5]",55.208333333333336,76.71,55.208333333333336,76.79,-0.0800000000000125,80,88,0.589286935859189,55.208333333333336,46.18,30.529999999999994,0.0,"[0, 1, 5, 5]",58.181850446543805,76.56,-2.9735171132104696,0.14999999999999147,False,0.5627418612590075
accuracy,C4,0.02,9,"[0, 4, 4, 5]",56.69509188993857,76.53,56.69509188993857,76.55,-0.01999999999999602,166,168,0.9563743653627889,56.69509188993857,40.99,35.54,0.0,"[1, 2, 5, 5]",58.49304372515616,76.5,-1.7979518352175958,0.030000000000001137,False,0.9370445365451706
loss,C4,0.01,1,"[0, 4, 4, 5]",56.69509188993857,76.53,56.69509188993857,76.55,-0.01999999999999602,166,168,0.9563743653627889,56.69509188993857,40.99,35.54,0.0,"[0, 0, 5, 5]",57.884530999948375,76.65,-1.1894391100098076,-0.12000000000000455,False,0.6602260640765548
loss,C4,0.01,2,"[0, 4, 4, 5]",56.69509188993857,76.53,56.69509188993857,76.55,-0.01999999999999602,166,168,0.9563743653627889,56.69509188993857,40.99,35.54,0.0,"[0, 0, 5, 5]",57.884530999948375,76.65,-1.1894391100098076,-0.12000000000000455,False,0.6602260640765548
loss,C4,0.01,3,"[0, 4, 4, 5]",56.69509188993857,76.53,56.69509188993857,76.55,-0.01999999999999602,166,168,0.9563743653627889,56.69509188993857,40.99,35.54,0.0,"[0, 0, 5, 5]",57.884530999948375,76.65,-1.1894391100098076,-0.12000000000000455,False,0.6602260640765548
loss,C4,0.01,4,"[0, 2, 2, 5]",53.7215747767281,76.9,53.7215747767281,76.63,0.27000000000001023,107,80,0.056970781392595746,53.7215747767281,52.17,24.730000000000004,0.0,"[0, 0, 5, 5]",57.884530999948375,76.65,-4.162956223220277,0.25,False,0.30919268922599275
loss,C4,0.01,42,"[0, 3, 3, 5]",55.208333333333336,76.71,55.208333333333336,76.79,-0.0800000000000125,80,88,0.589286935859189,55.208333333333336,46.18,30.529999999999994,0.0,"[1, 1, 5, 5]",58.19572427856073,76.49,-2.9873909452273963,0.21999999999999886,False,0.38810260606265945
loss,C4,0.01,5,"[0, 4, 4, 5]",56.69509188993857,76.53,56.69509188993857,76.55,-0.01999999999999602,166,168,0.9563743653627889,56.69509188993857,40.99,35.54,0.0,"[0, 0, 5, 5]",57.884530999948375,76.65,-1.1894391100098076,-0.12000000000000455,False,0.6602260640765548
loss,C4,0.01,6,"[0, 4, 4, 5]",56.69509188993857,76.53,56.69509188993857,76.55,-0.01999999999999602,166,168,0.9563743653627889,56.69509188993857,40.99,35.54,0.0,"[0, 0, 5, 5]",57.884530999948375,76.65,-1.1894391100098076,-0.12000000000000455,False,0.6602260640765548
loss,C4,0.01,7,"[0, 4, 4, 5]",56.69509188993857,76.53,56.69509188993857,76.55,-0.01999999999999602,166,168,0.9563743653627889,56.69509188993857,40.99,35.54,0.0,"[0, 0, 5, 5]",57.884530999948375,76.65,-1.1894391100098076,-0.12000000000000455,False,0.6602260640765548
loss,C4,0.01,8,"[1, 3, 3, 5]",55.22220716535026,76.5,55.22220716535026,76.76,-0.2600000000000051,78,104,0.06356796412214512,55.22220716535026,46.2,30.299999999999997,0.0,"[1, 1, 5, 5]",58.19572427856073,76.49,-2.9735171132104696,0.010000000000005116,False,0.9999999999998863
loss,C4,0.01,9,"[0, 4, 4, 5]",56.69509188993857,76.53,56.69509188993857,76.55,-0.01999999999999602,166,168,0.9563743653627889,56.69509188993857,40.99,35.54,0.0,"[0, 0, 5, 5]",57.884530999948375,76.65,-1.1894391100098076,-0.12000000000000455,False,0.6602260640765548
loss,C4,0.02,1,"[0, 4, 4, 5]",56.69509188993857,76.53,56.69509188993857,76.55,-0.01999999999999602,166,168,0.9563743653627889,56.69509188993857,40.99,35.54,0.0,"[0, 0, 5, 5]",57.884530999948375,76.65,-1.1894391100098076,-0.12000000000000455,False,0.6602260640765548
loss,C4,0.02,2,"[0, 4, 4, 5]",56.69509188993857,76.53,56.69509188993857,76.55,-0.01999999999999602,166,168,0.9563743653627889,56.69509188993857,40.99,35.54,0.0,"[0, 0, 5, 5]",57.884530999948375,76.65,-1.1894391100098076,-0.12000000000000455,False,0.6602260640765548
loss,C4,0.02,3,"[0, 4, 4, 5]",56.69509188993857,76.53,56.69509188993857,76.55,-0.01999999999999602,166,168,0.9563743653627889,56.69509188993857,40.99,35.54,0.0,"[0, 0, 5, 5]",57.884530999948375,76.65,-1.1894391100098076,-0.12000000000000455,False,0.6602260640765548
loss,C4,0.02,4,"[0, 4, 4, 5]",56.69509188993857,76.53,56.69509188993857,76.55,-0.01999999999999602,166,168,0.9563743653627889,56.69509188993857,40.99,35.54,0.0,"[0, 0, 5, 5]",57.884530999948375,76.65,-1.1894391100098076,-0.12000000000000455,False,0.6602260640765548
loss,C4,0.02,42,"[1, 4, 4, 5]",56.7089657219555,76.43,56.7089657219555,76.57,-0.13999999999998636,138,152,0.4452882773243855,56.7089657219555,40.91,35.52000000000001,0.0,"[0, 0, 5, 5]",57.884530999948375,76.65,-1.1755652779928738,-0.21999999999999886,False,0.4129970786813663
loss,C4,0.02,5,"[0, 4, 4, 5]",56.69509188993857,76.53,56.69509188993857,76.55,-0.01999999999999602,166,168,0.9563743653627889,56.69509188993857,40.99,35.54,0.0,"[0, 0, 5, 5]",57.884530999948375,76.65,-1.1894391100098076,-0.12000000000000455,False,0.6602260640765548
loss,C4,0.02,6,"[0, 4, 4, 5]",56.69509188993857,76.53,56.69509188993857,76.55,-0.01999999999999602,166,168,0.9563743653627889,56.69509188993857,40.99,35.54,0.0,"[0, 0, 5, 5]",57.884530999948375,76.65,-1.1894391100098076,-0.12000000000000455,False,0.6602260640765548
loss,C4,0.02,7,"[0, 4, 4, 5]",56.69509188993857,76.53,56.69509188993857,76.55,-0.01999999999999602,166,168,0.9563743653627889,56.69509188993857,40.99,35.54,0.0,"[0, 0, 5, 5]",57.884530999948375,76.65,-1.1894391100098076,-0.12000000000000455,False,0.6602260640765548
loss,C4,0.02,8,"[0, 4, 4, 5]",56.69509188993857,76.53,56.69509188993857,76.55,-0.01999999999999602,166,168,0.9563743653627889,56.69509188993857,40.99,35.54,0.0,"[0, 1, 5, 5]",58.181850446543805,76.56,-1.4867585566052384,-0.030000000000001137,False,0.9360411996563189
loss,C4,0.02,9,"[0, 4, 4, 5]",56.69509188993857,76.53,56.69509188993857,76.55,-0.01999999999999602,166,168,0.9563743653627889,56.69509188993857,40.99,35.54,0.0,"[1, 2, 5, 5]",58.49304372515616,76.5,-1.7979518352175958,0.030000000000001137,False,0.9370445365451706
