seed,E0,E1,E2,E3
100,71.93003913894324,73.09590998043053,72.02636007827789,72.27698630136985
101,72.07939334637965,72.44050880626224,71.94902152641878,72.06189823874755
102,72.57681017612525,72.65183953033268,72.37512720156556,72.65833659491194
103,73.12266144814089,73.40994129158511,73.50833659491194,73.14344422700587
104,72.52422700587084,72.99342465753425,72.0363600782779,72.56816046966732
105,72.08367906066536,72.612915851272,72.32810176125246,72.43624266144813
106,72.36637964774951,72.82553816046966,72.71528375733854,72.60318982387476
107,72.21673189823875,72.66573385518592,72.24784735812133,72.09857142857142
108,71.92097847358121,72.52459882583172,71.8946771037182,72.05500978473582
109,71.67099804305285,72.63135029354207,71.83788649706459,71.9027397260274
110,73.12555772994129,73.71753424657535,73.23091976516633,73.44270058708415
111,72.62880626223092,73.01336594911938,72.36328767123288,72.49360078277886
112,71.26761252446184,72.25872798434442,71.52209393346378,71.70125244618394
113,72.5053228962818,73.32577299412917,72.67187866927593,73.07884540117415
114,72.90532289628179,73.59839530332681,72.99616438356165,73.39812133072408
115,72.21655577299414,72.82892367906067,72.31181996086104,72.45358121330725
116,73.0123287671233,73.41686888454012,72.97937377690802,73.41788649706457
117,73.20984344422702,73.69898238747554,72.85600782778864,73.20722113502936
118,72.93978473581213,73.03023483365949,72.79434442270059,72.8368493150685
119,73.00242661448142,73.2813698630137,73.18962818003914,72.88066536203522
120,72.80154598825831,73.2422504892368,72.77270058708416,73.25688845401174
121,72.40174168297455,72.57939334637966,72.92561643835617,72.57825831702544
122,72.26072407045011,72.83688845401174,72.03328767123287,72.53876712328767
123,72.21166340508807,72.38904109589042,72.92616438356166,72.89448140900195
124,73.15101761252446,73.6112133072407,72.64307240704501,72.78031311154598
125,72.56461839530334,72.02003913894326,72.5685322896282,72.3104109589041
126,72.6459686888454,73.27978473581213,72.61281800391389,72.88765166340508
127,72.99418786692759,73.40146771037182,73.0346771037182,73.02039138943248
128,70.77643835616438,72.09808219178082,71.07115459882583,70.63062622309198
129,71.99262230919764,72.8366927592955,72.52125244618395,71.84512720156556
