condition,seed,final_actions,final_sparsity,final_val_accuracy,final_reward_rank,final_val_pareto,test_accuracy,gm_matched_test_accuracy,excess_over_gm,mcnemar_vs_gm_p,uniform_matched_test_accuracy,run_id,mcnemar_vs_E0_p
E0,100,"[0, 0, 1, 5]",51.937496773527435,77.52,72,True,76.96,76.7,0.2599999999999909,0.07980304693737948,57.12,explore_E0_seed-100,
E0,101,"[1, 2, 5, 5]",58.49304372515616,75.92,39,False,76.5,76.34,0.1599999999999966,0.5382882114506273,40.86,explore_E0_seed-101,
E0,102,"[0, 0, 4, 4]",38.58957978421351,77.3,293,False,76.9,76.89,0.010000000000005116,1.0,67.61,explore_E0_seed-102,
E0,103,"[2, 2, 5, 5]",58.507078880801195,75.16,115,False,75.35,76.37,-1.0200000000000102,0.0005084717247351596,40.65,explore_E0_seed-103,
E0,104,"[0, 0, 5, 5]",57.884530999948375,76.7,88,True,76.65,76.54,0.10999999999999943,0.686322940896473,40.69,explore_E0_seed-104,
E0,105,"[0, 0, 5, 5]",57.884530999948375,76.7,88,True,76.65,76.54,0.10999999999999943,0.686322940896473,40.69,explore_E0_seed-105,
E0,106,"[1, 1, 5, 5]",58.19572427856073,76.0,92,False,76.49,76.35,0.14000000000000057,0.5980774358295753,41.2,explore_E0_seed-106,
E0,107,"[0, 0, 0, 5]",50.74805766351763,77.6,130,True,76.88,76.67,0.20999999999999375,0.14123755901021598,57.08,explore_E0_seed-107,
E0,108,"[1, 3, 4, 4]",39.49557327964483,76.92,193,False,76.51,76.95,-0.4399999999999977,0.014784334813582236,69.09,explore_E0_seed-108,
E0,109,"[0, 0, 5, 5]",57.884530999948375,76.7,88,True,76.65,76.54,0.10999999999999943,0.686322940896473,40.69,explore_E0_seed-109,
E0,110,"[1, 1, 5, 5]",58.19572427856073,76.0,92,False,76.49,76.35,0.14000000000000057,0.5980774358295753,41.2,explore_E0_seed-110,
E0,111,"[0, 0, 5, 5]",57.884530999948375,76.7,88,True,76.65,76.54,0.10999999999999943,0.686322940896473,40.69,explore_E0_seed-111,
E0,112,"[0, 0, 5, 5]",57.884530999948375,76.7,88,True,76.65,76.54,0.10999999999999943,0.686322940896473,40.69,explore_E0_seed-112,
E0,113,"[1, 1, 5, 5]",58.19572427856073,76.0,92,False,76.49,76.35,0.14000000000000057,0.5980774358295753,41.2,explore_E0_seed-113,
E0,114,"[1, 1, 5, 5]",58.19572427856073,76.0,92,False,76.49,76.35,0.14000000000000057,0.5980774358295753,41.2,explore_E0_seed-114,
E0,115,"[1, 1, 5, 5]",58.19572427856073,76.0,92,False,76.49,76.35,0.14000000000000057,0.5980774358295753,41.2,explore_E0_seed-115,
E0,116,"[0, 0, 5, 5]",57.884530999948375,76.7,88,True,76.65,76.54,0.10999999999999943,0.686322940896473,40.69,explore_E0_seed-116,
E0,117,"[0, 0, 5, 5]",57.884530999948375,76.7,88,True,76.65,76.54,0.10999999999999943,0.686322940896473,40.69,explore_E0_seed-117,
E0,118,"[0, 0, 5, 5]",57.884530999948375,76.7,88,True,76.65,76.54,0.10999999999999943,0.686322940896473,40.69,explore_E0_seed-118,
E0,119,"[0, 0, 5, 5]",57.884530999948375,76.7,88,True,76.65,76.54,0.10999999999999943,0.686322940896473,40.69,explore_E0_seed-119,
E0,120,"[0, 0, 5, 5]",57.884530999948375,76.7,88,True,76.65,76.54,0.10999999999999943,0.686322940896473,40.69,explore_E0_seed-120,
E0,121,"[2, 2, 5, 5]",58.507078880801195,75.16,115,False,75.35,76.37,-1.0200000000000102,0.0005084717247351596,40.65,explore_E0_seed-121,
E0,122,"[0, 0, 5, 5]",57.884530999948375,76.7,88,True,76.65,76.54,0.10999999999999943,0.686322940896473,40.69,explore_E0_seed-122,
E0,123,"[1, 1, 5, 5]",58.19572427856073,76.0,92,False,76.49,76.35,0.14000000000000057,0.5980774358295753,41.2,explore_E0_seed-123,
E0,124,"[0, 0, 5, 5]",57.884530999948375,76.7,88,True,76.65,76.54,0.10999999999999943,0.686322940896473,40.69,explore_E0_seed-124,
E0,125,"[0, 0, 5, 5]",57.884530999948375,76.7,88,True,76.65,76.54,0.10999999999999943,0.686322940896473,40.69,explore_E0_seed-125,
E0,126,"[1, 1, 5, 5]",58.19572427856073,76.0,92,False,76.49,76.35,0.14000000000000057,0.5980774358295753,41.2,explore_E0_seed-126,
E0,127,"[0, 0, 5, 5]",57.884530999948375,76.7,88,True,76.65,76.54,0.10999999999999943,0.686322940896473,40.69,explore_E0_seed-127,
E0,128,"[1, 1, 4, 5]",55.81684605854112,76.9,50,False,76.63,76.78,-0.15000000000000568,0.37690880328755244,43.21,explore_E0_seed-128,
E0,129,"[1, 0, 5, 5]",57.89840483196531,76.3,33,False,76.46,76.55,-0.09000000000000341,0.7404300748491981,40.75,explore_E0_seed-129,
E1,100,"[0, 0, 5, 5]",57.884530999948375,76.7,88,True,76.65,76.54,0.10999999999999943,0.686322940896473,40.69,explore_E1_seed-100,0.20686979017611515
E1,101,"[1, 1, 1, 5]",52.2486900521398,76.96,133,False,76.83,76.75,0.0799999999999983,0.6258605795002344,56.17,explore_E1_seed-101,0.17893783265813107
E1,102,"[0, 0, 5, 5]",57.884530999948375,76.7,88,True,76.65,76.54,0.10999999999999943,0.686322940896473,40.69,explore_E1_seed-102,0.2816700079867644
E1,103,"[0, 0, 0, 5]",50.74805766351763,77.6,130,True,76.88,76.67,0.20999999999999375,0.14123755901021598,57.08,explore_E1_seed-103,2.1352181554743444e-07
E1,104,"[0, 0, 5, 5]",57.884530999948375,76.7,88,True,76.65,76.54,0.10999999999999943,0.686322940896473,40.69,explore_E1_seed-104,1.0
E1,105,"[0, 0, 5, 5]",57.884530999948375,76.7,88,True,76.65,76.54,0.10999999999999943,0.686322940896473,40.69,explore_E1_seed-105,1.0
E1,106,"[1, 1, 5, 5]",58.19572427856073,76.0,92,False,76.49,76.35,0.14000000000000057,0.5980774358295753,41.2,explore_E1_seed-106,1.0
E1,107,"[0, 0, 5, 5]",57.884530999948375,76.7,88,True,76.65,76.54,0.10999999999999943,0.686322940896473,40.69,explore_E1_seed-107,0.3580735494272158
E1,108,"[1, 1, 5, 5]",58.19572427856073,76.0,92,False,76.49,76.35,0.14000000000000057,0.5980774358295753,41.2,explore_E1_seed-108,0.9658066991145476
E1,109,"[0, 0, 5, 5]",57.884530999948375,76.7,88,True,76.65,76.54,0.10999999999999943,0.686322940896473,40.69,explore_E1_seed-109,1.0
E1,110,"[1, 1, 5, 5]",58.19572427856073,76.0,92,False,76.49,76.35,0.14000000000000057,0.5980774358295753,41.2,explore_E1_seed-110,1.0
E1,111,"[0, 0, 5, 5]",57.884530999948375,76.7,88,True,76.65,76.54,0.10999999999999943,0.686322940896473,40.69,explore_E1_seed-111,1.0
E1,112,"[0, 0, 5, 5]",57.884530999948375,76.7,88,True,76.65,76.54,0.10999999999999943,0.686322940896473,40.69,explore_E1_seed-112,1.0
E1,113,"[0, 0, 5, 5]",57.884530999948375,76.7,88,True,76.65,76.54,0.10999999999999943,0.686322940896473,40.69,explore_E1_seed-113,0.2687598253244301
E1,114,"[0, 0, 5, 5]",57.884530999948375,76.7,88,True,76.65,76.54,0.10999999999999943,0.686322940896473,40.69,explore_E1_seed-114,0.2687598253244301
E1,115,"[0, 1, 5, 5]",58.181850446543805,76.58,29,True,76.56,76.32,0.2400000000000091,0.36477403017584,41.2,explore_E1_seed-115,0.6464833446153403
E1,116,"[0, 0, 5, 5]",57.884530999948375,76.7,88,True,76.65,76.54,0.10999999999999943,0.686322940896473,40.69,explore_E1_seed-116,1.0
E1,117,"[1, 1, 5, 5]",58.19572427856073,76.0,92,False,76.49,76.35,0.14000000000000057,0.5980774358295753,41.2,explore_E1_seed-117,0.2687598253244301
E1,118,"[0, 0, 5, 5]",57.884530999948375,76.7,88,True,76.65,76.54,0.10999999999999943,0.686322940896473,40.69,explore_E1_seed-118,1.0
E1,119,"[0, 0, 5, 5]",57.884530999948375,76.7,88,True,76.65,76.54,0.10999999999999943,0.686322940896473,40.69,explore_E1_seed-119,1.0
E1,120,"[0, 0, 5, 5]",57.884530999948375,76.7,88,True,76.65,76.54,0.10999999999999943,0.686322940896473,40.69,explore_E1_seed-120,1.0
E1,121,"[2, 2, 2, 5]",53.74948376439007,76.3,129,False,75.62,76.64,-1.019999999999996,1.812339076658408e-05,52.21,explore_E1_seed-121,0.29207124924720274
E1,122,"[0, 0, 5, 5]",57.884530999948375,76.7,88,True,76.65,76.54,0.10999999999999943,0.686322940896473,40.69,explore_E1_seed-122,1.0
E1,123,"[1, 1, 5, 5]",58.19572427856073,76.0,92,False,76.49,76.35,0.14000000000000057,0.5980774358295753,41.2,explore_E1_seed-123,1.0
E1,124,"[0, 0, 5, 5]",57.884530999948375,76.7,88,True,76.65,76.54,0.10999999999999943,0.686322940896473,40.69,explore_E1_seed-124,1.0
E1,125,"[0, 2, 5, 5]",58.47916989313923,76.38,21,False,76.6,76.37,0.22999999999998977,0.3773426174721949,40.79,explore_E1_seed-125,0.706882261491977
E1,126,"[1, 1, 5, 5]",58.19572427856073,76.0,92,False,76.49,76.35,0.14000000000000057,0.5980774358295753,41.2,explore_E1_seed-126,1.0
E1,127,"[0, 0, 5, 5]",57.884530999948375,76.7,88,True,76.65,76.54,0.10999999999999943,0.686322940896473,40.69,explore_E1_seed-127,1.0
E1,128,"[1, 1, 5, 5]",58.19572427856073,76.0,92,False,76.49,76.35,0.14000000000000057,0.5980774358295753,41.2,explore_E1_seed-128,0.5546259101010841
E1,129,"[0, 0, 5, 5]",57.884530999948375,76.7,88,True,76.65,76.54,0.10999999999999943,0.686322940896473,40.69,explore_E1_seed-129,0.17589930239342227
E2,100,"[0, 0, 0, 4]",33.83198466780239,77.44,370,False,77.04,76.92,0.12000000000000455,0.28979821540506634,73.29,explore_E2_seed-100,0.415985197507321
E2,101,"[1, 1, 4, 4]",38.90077306282588,76.84,297,False,76.77,76.86,-0.09000000000000341,0.6447905705416658,67.35,explore_E2_seed-101,0.24062013608084742
E2,102,"[0, 0, 4, 4]",38.58957978421351,77.3,293,False,76.9,76.89,0.010000000000005116,1.0,67.61,explore_E2_seed-102,1.0
E2,103,"[0, 0, 5, 5]",57.884530999948375,76.7,88,True,76.65,76.54,0.10999999999999943,0.686322940896473,40.69,explore_E2_seed-103,6.086111081237178e-08
E2,104,"[0, 0, 5, 5]",57.884530999948375,76.7,88,True,76.65,76.54,0.10999999999999943,0.686322940896473,40.69,explore_E2_seed-104,1.0
E2,105,"[0, 0, 1, 5]",51.937496773527435,77.52,72,True,76.96,76.7,0.2599999999999909,0.07980304693737948,57.12,explore_E2_seed-105,0.20686979017611515
E2,106,"[1, 1, 5, 5]",58.19572427856073,76.0,92,False,76.49,76.35,0.14000000000000057,0.5980774358295753,41.2,explore_E2_seed-106,1.0
E2,107,"[0, 1, 5, 5]",58.181850446543805,76.58,29,True,76.56,76.32,0.2400000000000091,0.36477403017584,41.2,explore_E2_seed-107,0.19330539508848307
E2,108,"[1, 4, 4, 4]",39.792892726240254,76.74,291,False,76.48,76.87,-0.39000000000000057,0.05636232235610646,68.3,explore_E2_seed-108,0.8934971214685704
E2,109,"[0, 0, 5, 5]",57.884530999948375,76.7,88,True,76.65,76.54,0.10999999999999943,0.686322940896473,40.69,explore_E2_seed-109,1.0
E2,110,"[0, 0, 5, 5]",57.884530999948375,76.7,88,True,76.65,76.54,0.10999999999999943,0.686322940896473,40.69,explore_E2_seed-110,0.2687598253244301
E2,111,"[0, 0, 3, 5]",54.31621366991895,77.48,41,True,76.98,76.6,0.38000000000000966,0.012036788138189357,47.51,explore_E2_seed-111,0.16724943334988723
E2,112,"[1, 0, 5, 5]",57.89840483196531,76.3,33,False,76.46,76.55,-0.09000000000000341,0.7404300748491981,40.75,explore_E2_seed-112,0.17589930239342227
E2,113,"[0, 0, 5, 5]",57.884530999948375,76.7,88,True,76.65,76.54,0.10999999999999943,0.686322940896473,40.69,explore_E2_seed-113,0.2687598253244301
E2,114,"[1, 1, 5, 5]",58.19572427856073,76.0,92,False,76.49,76.35,0.14000000000000057,0.5980774358295753,41.2,explore_E2_seed-114,1.0
E2,115,"[1, 1, 5, 5]",58.19572427856073,76.0,92,False,76.49,76.35,0.14000000000000057,0.5980774358295753,41.2,explore_E2_seed-115,1.0
E2,116,"[0, 0, 5, 5]",57.884530999948375,76.7,88,True,76.65,76.54,0.10999999999999943,0.686322940896473,40.69,explore_E2_seed-116,1.0
E2,117,"[1, 1, 5, 5]",58.19572427856073,76.0,92,False,76.49,76.35,0.14000000000000057,0.5980774358295753,41.2,explore_E2_seed-117,0.2687598253244301
E2,118,"[0, 0, 5, 5]",57.884530999948375,76.7,88,True,76.65,76.54,0.10999999999999943,0.686322940896473,40.69,explore_E2_seed-118,1.0
E2,119,"[0, 0, 5, 5]",57.884530999948375,76.7,88,True,76.65,76.54,0.10999999999999943,0.686322940896473,40.69,explore_E2_seed-119,1.0
E2,120,"[0, 0, 5, 5]",57.884530999948375,76.7,88,True,76.65,76.54,0.10999999999999943,0.686322940896473,40.69,explore_E2_seed-120,1.0
E2,121,"[1, 1, 1, 3]",26.87458055856693,77.12,503,False,76.83,77.01,-0.18000000000000682,0.1999093633833292,74.21,explore_E2_seed-121,2.3917737673125907e-07
E2,122,"[1, 1, 5, 5]",58.19572427856073,76.0,92,False,76.49,76.35,0.14000000000000057,0.5980774358295753,41.2,explore_E2_seed-122,0.2687598253244301
E2,123,"[0, 0, 1, 4]",35.021423777812196,77.42,260,False,77.11,76.95,0.1599999999999966,0.1409562882123137,72.81,explore_E2_seed-123,0.011675243437447864
E2,124,"[1, 1, 5, 5]",58.19572427856073,76.0,92,False,76.49,76.35,0.14000000000000057,0.5980774358295753,41.2,explore_E2_seed-124,0.2687598253244301
E2,125,"[0, 0, 5, 5]",57.884530999948375,76.7,88,True,76.65,76.54,0.10999999999999943,0.686322940896473,40.69,explore_E2_seed-125,1.0
E2,126,"[1, 1, 1, 5]",52.2486900521398,76.96,133,False,76.83,76.75,0.0799999999999983,0.6258605795002344,56.17,explore_E2_seed-126,0.16084385200623622
E2,127,"[0, 0, 5, 5]",57.884530999948375,76.7,88,True,76.65,76.54,0.10999999999999943,0.686322940896473,40.69,explore_E2_seed-127,1.0
E2,128,"[1, 1, 5, 5]",58.19572427856073,76.0,92,False,76.49,76.35,0.14000000000000057,0.5980774358295753,41.2,explore_E2_seed-128,0.5546259101010841
E2,129,"[1, 1, 5, 5]",58.19572427856073,76.0,92,False,76.49,76.35,0.14000000000000057,0.5980774358295753,41.2,explore_E2_seed-129,0.7552286575046239
E3,100,"[0, 0, 0, 5]",50.74805766351763,77.6,130,True,76.88,76.67,0.20999999999999375,0.14123755901021598,57.08,explore_E3_seed-100,0.11531829833984378
E3,101,"[1, 2, 5, 5]",58.49304372515616,75.92,39,False,76.5,76.34,0.1599999999999966,0.5382882114506273,40.86,explore_E3_seed-101,1.0
E3,102,"[0, 1, 4, 4]",38.88689923080894,77.14,198,False,76.94,76.86,0.0799999999999983,0.6528167751550579,67.29,explore_E3_seed-102,0.6075913612730809
E3,103,"[0, 0, 5, 5]",57.884530999948375,76.7,88,True,76.65,76.54,0.10999999999999943,0.686322940896473,40.69,explore_E3_seed-103,6.086111081237178e-08
E3,104,"[0, 0, 5, 5]",57.884530999948375,76.7,88,True,76.65,76.54,0.10999999999999943,0.686322940896473,40.69,explore_E3_seed-104,1.0
E3,105,"[0, 0, 5, 5]",57.884530999948375,76.7,88,True,76.65,76.54,0.10999999999999943,0.686322940896473,40.69,explore_E3_seed-105,1.0
E3,106,"[0, 0, 0, 5]",50.74805766351763,77.6,130,True,76.88,76.67,0.20999999999999375,0.14123755901021598,57.08,explore_E3_seed-106,0.11420634641687749
E3,107,"[1, 1, 5, 5]",58.19572427856073,76.0,92,False,76.49,76.35,0.14000000000000057,0.5980774358295753,41.2,explore_E3_seed-107,0.11420634641687749
E3,108,"[1, 1, 4, 4]",38.90077306282588,76.84,297,False,76.77,76.86,-0.09000000000000341,0.6447905705416658,67.35,explore_E3_seed-108,0.065032630425162
E3,109,"[0, 0, 5, 5]",57.884530999948375,76.7,88,True,76.65,76.54,0.10999999999999943,0.686322940896473,40.69,explore_E3_seed-109,1.0
E3,110,"[1, 4, 5, 5]",59.087843941975116,75.96,32,True,76.02,76.45,-0.4300000000000068,0.07190827062354621,42.2,explore_E3_seed-110,0.015359719166898588
E3,111,"[0, 0, 5, 5]",57.884530999948375,76.7,88,True,76.65,76.54,0.10999999999999943,0.686322940896473,40.69,explore_E3_seed-111,1.0
E3,112,"[0, 0, 5, 5]",57.884530999948375,76.7,88,True,76.65,76.54,0.10999999999999943,0.686322940896473,40.69,explore_E3_seed-112,1.0
E3,113,"[1, 1, 5, 5]",58.19572427856073,76.0,92,False,76.49,76.35,0.14000000000000057,0.5980774358295753,41.2,explore_E3_seed-113,1.0
E3,114,"[0, 0, 5, 5]",57.884530999948375,76.7,88,True,76.65,76.54,0.10999999999999943,0.686322940896473,40.69,explore_E3_seed-114,0.2687598253244301
E3,115,"[0, 1, 5, 5]",58.181850446543805,76.58,29,True,76.56,76.32,0.2400000000000091,0.36477403017584,41.2,explore_E3_seed-115,0.6464833446153403
E3,116,"[0, 0, 5, 5]",57.884530999948375,76.7,88,True,76.65,76.54,0.10999999999999943,0.686322940896473,40.69,explore_E3_seed-116,1.0
E3,117,"[0, 0, 1, 5]",51.937496773527435,77.52,72,True,76.96,76.7,0.2599999999999909,0.07980304693737948,57.12,explore_E3_seed-117,0.20686979017611515
E3,118,"[0, 0, 5, 5]",57.884530999948375,76.7,88,True,76.65,76.54,0.10999999999999943,0.686322940896473,40.69,explore_E3_seed-118,1.0
E3,119,"[0, 0, 5, 5]",57.884530999948375,76.7,88,True,76.65,76.54,0.10999999999999943,0.686322940896473,40.69,explore_E3_seed-119,1.0
E3,120,"[1, 1, 5, 5]",58.19572427856073,76.0,92,False,76.49,76.35,0.14000000000000057,0.5980774358295753,41.2,explore_E3_seed-120,0.2687598253244301
E3,121,"[2, 2, 4, 4]",39.21212766506633,76.08,306,False,75.64,76.87,-1.230000000000004,6.478716103565524e-07,68.23,explore_E3_seed-121,0.2216639459757677
E3,122,"[1, 1, 5, 5]",58.19572427856073,76.0,92,False,76.49,76.35,0.14000000000000057,0.5980774358295753,41.2,explore_E3_seed-122,0.2687598253244301
E3,123,"[1, 1, 1, 4]",35.33261705642455,77.08,362,False,76.94,76.95,-0.010000000000005116,1.0,72.16,explore_E3_seed-123,0.06217699777438529
E3,124,"[1, 1, 5, 5]",58.19572427856073,76.0,92,False,76.49,76.35,0.14000000000000057,0.5980774358295753,41.2,explore_E3_seed-124,0.2687598253244301
E3,125,"[0, 2, 5, 5]",58.47916989313923,76.38,21,False,76.6,76.37,0.22999999999998977,0.3773426174721949,40.79,explore_E3_seed-125,0.706882261491977
E3,126,"[1, 1, 5, 5]",58.19572427856073,76.0,92,False,76.49,76.35,0.14000000000000057,0.5980774358295753,41.2,explore_E3_seed-126,1.0
E3,127,"[0, 0, 5, 5]",57.884530999948375,76.7,88,True,76.65,76.54,0.10999999999999943,0.686322940896473,40.69,explore_E3_seed-127,1.0
E3,128,"[0, 3, 3, 5]",55.208333333333336,76.94,51,False,76.71,76.79,-0.0800000000000125,0.589286935859189,46.18,explore_E3_seed-128,0.684176489382073
E3,129,"[0, 0, 5, 5]",57.884530999948375,76.7,88,True,76.65,76.54,0.10999999999999943,0.686322940896473,40.69,explore_E3_seed-129,0.17589930239342227
