sensitivity_definition,sparsity_coef,comparison,level,metric,n_pairs,mean_diff,median_diff,sd_diff,boot_ci95_low,boot_ci95_high,t_ci95_low,t_ci95_high,sign_flip_p,wilcoxon_p,cohens_dz,n_nonzero,identical_policies,correct_sd,other_sd,sd_diff_p,correct_count,other_count,discordant_correct_only,discordant_other_only,exact_mcnemar_p,primary,holm_p_primary
accuracy,0.01,correct vs zeroed,per lambda_s,test_accuracy,10,-0.0030000000000001137,0.0,0.08273787255880129,-0.05700000000000358,0.04800000000000324,-0.06218299651082621,0.056182996510825985,1.0,1.0,-0.03625909039258935,2.0,8.0,0.07412451985979508,0.06746192341692998,1.0,,,,,,True,1.0
accuracy,0.01,correct vs zeroed,per lambda_s,val_accuracy,10,0.029999999999999714,0.0,0.26687491868330976,-0.1200000000000017,0.21000000000000085,-0.16089755262967778,0.22089755262967722,1.0,1.0,0.11241221223789698,2.0,8.0,0.24244128727957728,0.29514591494904996,1.0,,,,,,False,
accuracy,0.01,correct vs zeroed,per lambda_s,total_sparsity,10,-0.029731944659542365,0.0,0.09899150049707497,-0.09335798358370724,0.004162149605080145,-0.10054127837012512,0.0410773890510404,1.0,1.0,-0.3003484593146549,2.0,8.0,0.09801750253401734,0.13121060706005497,0.5,,,,,,False,
accuracy,0.01,correct vs zeroed,per lambda_s,test_excess_over_gm,10,-0.0230000000000004,0.0,0.06290204024248164,-0.06300000000000097,0.0,-0.06799428270347348,0.021994282703472683,0.5,0.5,-0.365647917163537,2.0,8.0,0.06498717822258064,0.012649110640673998,1.0,,,,,,False,
accuracy,0.01,correct vs zeroed,per lambda_s,val_excess_over_gm,10,-1.4210854715202005e-15,0.0,0.188561808316412,-0.1200000000000017,0.11999999999999744,-0.13487962040278825,0.13487962040278542,1.0,1.0,-7.536443801682148e-15,2.0,8.0,0.16865480854231293,0.16865480854230996,1.0,,,,,,False,
accuracy,0.01,correct vs zeroed,per lambda_s,features3_pruned_60 (count),10,,,,,,,,,,,,,,,,0.0,0.0,0.0,0.0,1.0,False,
accuracy,0.02,correct vs zeroed,per lambda_s,test_accuracy,10,-0.6750000000000028,0.0,1.1743769033453941,-1.4040000000000021,-0.03090000000000451,-1.5150402623803263,0.16504026238032077,0.125,0.125,-0.5747728843075515,5.0,5.0,1.1864742353338813,0.052535702146256774,0.125,,,,,,True,0.875
accuracy,0.02,correct vs zeroed,per lambda_s,val_accuracy,10,-0.7140000000000015,0.0,1.3035353637107236,-1.5200000000000018,-0.006000000000000227,-1.6464282398898078,0.21842823988980464,0.1875,0.1875,-0.5477411813113265,5.0,5.0,1.2516939633064401,0.24535688292770635,0.25,,,,,,False,
accuracy,0.02,correct vs zeroed,per lambda_s,total_sparsity,10,0.45020584894946014,0.0,0.8852752270461686,-0.058076506117392054,1.0179520933353978,-0.18303790089627858,1.0834495987951989,0.1875,0.1875,0.5085490197795641,5.0,5.0,0.8675973413899255,0.20456821674396394,0.25,,,,,,False,
accuracy,0.02,correct vs zeroed,per lambda_s,test_excess_over_gm,10,-0.6670000000000016,-0.02499999999999858,1.1480519732718302,-1.420000000000003,-0.075,-1.4882098501820393,0.15420985018203615,0.0625,0.0625,-0.5809841501331339,5.0,5.0,1.11675571784224,0.042373996218857804,0.125,,,,,,False,
accuracy,0.02,correct vs zeroed,per lambda_s,val_excess_over_gm,10,-0.6959999999999994,0.0,1.1934562320327355,-1.4659999999999997,-0.04999999999999858,-1.5496878436899504,0.1576878436899517,0.1875,0.1875,-0.5831801630584712,5.0,5.0,1.1244672812788563,0.1445913782584108,0.1875,,,,,,False,
accuracy,0.02,correct vs zeroed,per lambda_s,features3_pruned_60 (count),10,,,,,,,,,,,,,,,,3.0,0.0,3.0,0.0,0.25,False,
accuracy,pooled 0.01+0.02,correct vs zeroed,pooled (secondary),test_accuracy,20,-0.33900000000000147,0.0,0.880549469604665,-0.765000000000002,-0.009500000000000597,-0.7511051011032476,0.07310510110324464,0.09375,0.0625,-0.3849868879623541,7.0,13.0,0.8862523105158828,0.05899152481501385,0.09375,,,,,,False,
accuracy,pooled 0.01+0.02,correct vs zeroed,pooled (secondary),val_accuracy,20,-0.34200000000000086,0.0,0.9921141700005057,-0.795000000000001,0.03399999999999963,-0.8063183880601092,0.12231838806010753,0.171875,0.28125,-0.34471839062617815,7.0,13.0,0.946956898924685,0.2653994011019309,0.21875,,,,,,False,
accuracy,pooled 0.01+0.02,correct vs zeroed,pooled (secondary),total_sparsity,20,0.21023695214495888,0.0,0.6606737124370673,-0.04321053378762052,0.5231323966883492,-0.09896430963352201,0.5194382139234398,0.203125,0.28125,0.3182160091846928,7.0,13.0,0.6550511414615048,0.16789665981804205,0.25,,,,,,False,
accuracy,pooled 0.01+0.02,correct vs zeroed,pooled (secondary),test_excess_over_gm,20,-0.345000000000001,0.0,0.8575209066041264,-0.7620125000000033,-0.03400000000000034,-0.7463275257242508,0.05632752572424887,0.015625,0.015625,-0.4023225525383836,7.0,13.0,0.8353826731063541,0.031051739505475413,0.0625,,,,,,False,
accuracy,pooled 0.01+0.02,correct vs zeroed,pooled (secondary),val_excess_over_gm,20,-0.3480000000000004,0.0,0.9049896771728787,-0.7719999999999991,-1.4210854715202005e-15,-0.7715433388838053,0.07554333888380443,0.171875,0.15625,-0.3845347729126888,7.0,13.0,0.8494431612594949,0.155204449203723,0.171875,,,,,,False,
accuracy,pooled 0.01+0.02,correct vs zeroed,pooled (secondary),features3_pruned_60 (count),20,,,,,,,,,,,,,,,,3.0,0.0,3.0,0.0,0.25,False,
accuracy,0.01,correct vs shuffled,per lambda_s,test_accuracy,10,0.03300000000000125,0.0,0.32287080319464456,-0.1359999999999985,0.24100000000000107,-0.19795181236785972,0.26395181236786225,0.8125,1.0,0.10220806487760062,5.0,5.0,0.07412451985979508,0.34489289802939066,0.125,,,,,,True,1.0
accuracy,0.01,correct vs shuffled,per lambda_s,val_accuracy,10,-0.09399999999999835,0.0,0.5279772722381133,-0.42799999999999727,0.19200000000000159,-0.4716659478216141,0.28366594782161736,0.75,1.0,-0.17803796667521163,5.0,5.0,0.24244128727957728,0.5974612958175602,0.25,,,,,,False,
accuracy,0.01,correct vs shuffled,per lambda_s,total_sparsity,10,0.9217870786226818,0.0,2.3225144355011484,-0.08919583397862922,2.561415905219141,-0.7395242348259503,2.5830983920713138,0.4375,0.625,0.39689186191162684,5.0,5.0,0.09801750253401734,2.329942635541784,0.25,,,,,,False,
accuracy,0.01,correct vs shuffled,per lambda_s,test_excess_over_gm,10,0.036999999999999034,0.0,0.35537304343464426,-0.11899999999999977,0.2769999999999996,-0.21720089904640638,0.29120089904640445,1.0,0.625,0.10411594431135744,5.0,5.0,0.06498717822258064,0.3302255121714406,0.4375,,,,,,False,
accuracy,0.01,correct vs shuffled,per lambda_s,val_excess_over_gm,10,-0.03599999999999994,0.0,0.4674089334951929,-0.2980000000000018,0.2700000000000017,-0.37034097861913556,0.2983409786191357,0.75,0.5625,-0.07702035074682667,5.0,5.0,0.16865480854231293,0.5155191558031565,0.0625,,,,,,False,
accuracy,0.01,correct vs shuffled,per lambda_s,features3_pruned_60 (count),10,,,,,,,,,,,,,,,,0.0,0.0,0.0,0.0,1.0,False,
accuracy,0.02,correct vs shuffled,per lambda_s,test_accuracy,10,-0.6430000000000036,0.0,1.216169304734248,-1.4250000000000056,-0.010000000000003695,-1.5129346682803309,0.22693466828032371,0.1875,0.1875,-0.5287092820851199,5.0,5.0,1.1864742353338813,0.14818906842274138,0.25,,,,,,True,1.0
accuracy,0.02,correct vs shuffled,per lambda_s,val_accuracy,10,-0.7320000000000008,0.0,1.2920337112905058,-1.5560000000000016,-0.020000000000000285,-1.6562010250243206,0.19220102502431902,0.1875,0.1875,-0.5665486849169488,5.0,5.0,1.2516939633064401,0.1893145530591905,0.1875,,,,,,False,
accuracy,0.02,correct vs shuffled,per lambda_s,total_sparsity,10,0.3921132104692582,0.0,0.9772727882413044,-0.17424565071498604,0.9924169828609767,-0.3069370579009534,1.0911634788394697,0.1875,0.1875,0.4012320973091897,5.0,5.0,0.8675973413899255,0.37743566768697995,0.25,,,,,,False,
accuracy,0.02,correct vs shuffled,per lambda_s,test_excess_over_gm,10,-0.6240000000000023,0.0,1.1615717321323265,-1.384150000000003,-0.01895000000000332,-1.4548806311282059,0.20688063112820132,0.1875,0.1875,-0.537203155636811,5.0,5.0,1.11675571784224,0.1312546295479811,0.25,,,,,,False,
accuracy,0.02,correct vs shuffled,per lambda_s,val_excess_over_gm,10,-0.7079999999999999,0.0,1.1688246708172731,-1.4400999999999988,-0.05000000000000142,-1.5440687104395172,0.12806871043951762,0.125,0.125,-0.6057367008731493,5.0,5.0,1.1244672812788563,0.10905656024895143,0.125,,,,,,False,
accuracy,0.02,correct vs shuffled,per lambda_s,features3_pruned_60 (count),10,,,,,,,,,,,,,,,,3.0,0.0,3.0,0.0,0.25,False,
accuracy,pooled 0.01+0.02,correct vs shuffled,pooled (secondary),test_accuracy,20,-0.30500000000000116,0.0,0.9328704992768594,-0.7410125000000017,0.039499999999999626,-0.7415918153279075,0.1315918153279052,0.171875,0.263671875,-0.3269478456403439,10.0,10.0,0.8862523105158828,0.2584284488168727,0.23828125,,,,,,False,
accuracy,pooled 0.01+0.02,correct vs shuffled,pooled (secondary),val_accuracy,20,-0.41299999999999953,0.0,1.0148430005618985,-0.8790249999999998,-0.01699999999999873,-0.8879556859516922,0.06195568595169315,0.09375,0.18359375,-0.40695949991410457,10.0,10.0,0.946956898924685,0.4323059345563408,0.236328125,,,,,,False,
accuracy,pooled 0.01+0.02,correct vs shuffled,pooled (secondary),total_sparsity,20,0.65695014454597,0.0,1.7553675681172038,0.043879825189714436,1.4944226388673783,-0.1645777242483616,1.4784780133403017,0.064453125,0.123046875,0.37425218312003483,10.0,10.0,0.6550511414615048,1.7095179209668234,0.607421875,,,,,,False,
accuracy,pooled 0.01+0.02,correct vs shuffled,pooled (secondary),test_excess_over_gm,20,-0.29350000000000165,0.0,0.9021744200599625,-0.7230125000000018,0.04149999999999924,-0.7157257731396912,0.12872577313968792,0.158203125,0.15234375,-0.3253251183739995,10.0,10.0,0.8353826731063541,0.24502362936535135,0.25,,,,,,False,
accuracy,pooled 0.01+0.02,correct vs shuffled,pooled (secondary),val_excess_over_gm,20,-0.3719999999999999,0.0,0.9324421810775351,-0.8089999999999989,-0.010000000000000125,-0.8083913585438982,0.06439135854389849,0.095703125,0.099609375,-0.39895235066491175,10.0,10.0,0.8494431612594949,0.3629412015595271,0.24609375,,,,,,False,
accuracy,pooled 0.01+0.02,correct vs shuffled,pooled (secondary),features3_pruned_60 (count),20,,,,,,,,,,,,,,,,3.0,0.0,3.0,0.0,0.25,False,
loss,0.01,correct vs zeroed,per lambda_s,test_accuracy,10,-0.0030000000000001137,0.0,0.08273787255880129,-0.05700000000000358,0.04800000000000324,-0.06218299651082621,0.056182996510825985,1.0,1.0,-0.03625909039258935,2.0,8.0,0.07412451985979508,0.06746192341692998,1.0,,,,,,True,1.0
loss,0.01,correct vs zeroed,per lambda_s,val_accuracy,10,0.029999999999999714,0.0,0.26687491868330976,-0.1200000000000017,0.21000000000000085,-0.16089755262967778,0.22089755262967722,1.0,1.0,0.11241221223789698,2.0,8.0,0.24244128727957728,0.29514591494904996,1.0,,,,,,False,
loss,0.01,correct vs zeroed,per lambda_s,total_sparsity,10,-0.029731944659542365,0.0,0.09899150049707497,-0.09335798358370724,0.004162149605080145,-0.10054127837012512,0.0410773890510404,1.0,1.0,-0.3003484593146549,2.0,8.0,0.09801750253401734,0.13121060706005497,0.5,,,,,,False,
loss,0.01,correct vs zeroed,per lambda_s,test_excess_over_gm,10,-0.0230000000000004,0.0,0.06290204024248164,-0.06300000000000097,0.0,-0.06799428270347348,0.021994282703472683,0.5,0.5,-0.365647917163537,2.0,8.0,0.06498717822258064,0.012649110640673998,1.0,,,,,,False,
loss,0.01,correct vs zeroed,per lambda_s,val_excess_over_gm,10,-1.4210854715202005e-15,0.0,0.188561808316412,-0.1200000000000017,0.11999999999999744,-0.13487962040278825,0.13487962040278542,1.0,1.0,-7.536443801682148e-15,2.0,8.0,0.16865480854231293,0.16865480854230996,1.0,,,,,,False,
loss,0.01,correct vs zeroed,per lambda_s,features3_pruned_60 (count),10,,,,,,,,,,,,,,,,0.0,0.0,0.0,0.0,1.0,False,
loss,0.02,correct vs zeroed,per lambda_s,test_accuracy,10,-0.3690000000000012,0.0,0.6923462524873939,-0.8290000000000035,-0.006000000000000227,-0.8642402639568028,0.12624026395680032,0.1875,0.1875,-0.5329703145995145,5.0,5.0,0.7022986069567122,0.052535702146256774,0.25,,,,,,True,1.0
loss,0.02,correct vs zeroed,per lambda_s,val_accuracy,10,-0.4140000000000015,0.0,0.9492008334500258,-1.0220000000000014,0.08399999999999892,-1.0929701968010104,0.2649701968010074,0.3125,0.3125,-0.43615638062100165,5.0,5.0,0.8954601548304043,0.24535688292770635,0.375,,,,,,False,
loss,0.02,correct vs zeroed,per lambda_s,total_sparsity,10,0.4162956223220277,0.0,0.7870665242338533,-0.0027586340405768794,0.894829900366527,-0.14669873463844846,0.9792899792825038,0.1875,0.1875,0.5289205035460738,5.0,5.0,0.7709638839832635,0.20456821674396394,0.25,,,,,,False,
loss,0.02,correct vs zeroed,per lambda_s,test_excess_over_gm,10,-0.34299999999999925,0.0,0.6679828673784345,-0.7649999999999991,0.0,-0.8208129590080215,0.1348129590080231,0.1875,0.1875,-0.5134862236005199,5.0,5.0,0.6392052356898635,0.042373996218857804,0.125,,,,,,False,
loss,0.02,correct vs zeroed,per lambda_s,val_excess_over_gm,10,-0.3699999999999989,0.0,0.8727097010015537,-0.9399999999999963,0.08200000000000074,-0.99425553850967,0.2542555385096722,0.375,0.4375,-0.4239668695963541,5.0,5.0,0.8073798500224169,0.1445913782584108,0.3125,,,,,,False,
loss,0.02,correct vs zeroed,per lambda_s,features3_pruned_60 (count),10,,,,,,,,,,,,,,,,2.0,0.0,2.0,0.0,0.5,False,
loss,pooled 0.01+0.02,correct vs zeroed,pooled (secondary),test_accuracy,20,-0.18600000000000066,0.0,0.5153169693958964,-0.43101250000000235,-0.0005000000000002558,-0.42717299379949547,0.05517299379949411,0.140625,0.15625,-0.3609428973744986,7.0,13.0,0.5195787767636016,0.05899152481501385,0.15625,,,,,,False,
loss,pooled 0.01+0.02,correct vs zeroed,pooled (secondary),val_accuracy,20,-0.1920000000000009,0.0,0.715818265674805,-0.5170000000000009,0.07899999999999921,-0.5270094105217138,0.143009410521712,0.3125,0.46875,-0.26822450502712675,7.0,13.0,0.6697140002308933,0.2653994011019309,0.421875,,,,,,False,
loss,pooled 0.01+0.02,correct vs zeroed,pooled (secondary),total_sparsity,20,0.19328183883124267,0.0,0.5919708487310344,-0.03249864488152384,0.46297461411388136,-0.08376586250461071,0.47032954016709605,0.203125,0.296875,0.3265056704153036,7.0,13.0,0.5876393116837473,0.16789665981804205,0.21875,,,,,,False,
loss,pooled 0.01+0.02,correct vs zeroed,pooled (secondary),test_excess_over_gm,20,-0.18299999999999983,0.0,0.49008162585430787,-0.42450000000000115,-0.00899999999999963,-0.41236262520515476,0.046362625205155134,0.078125,0.078125,-0.37340718432566233,7.0,13.0,0.4695787585978692,0.031051739505475413,0.0625,,,,,,False,
loss,pooled 0.01+0.02,correct vs zeroed,pooled (secondary),val_excess_over_gm,20,-0.18500000000000014,0.0,0.6431460503690138,-0.4910249999999996,0.04799999999999969,-0.48599815769632015,0.11599815769631985,0.34375,0.46875,-0.2876485051783399,7.0,13.0,0.5906454988088513,0.155204449203723,0.296875,,,,,,False,
loss,pooled 0.01+0.02,correct vs zeroed,pooled (secondary),features3_pruned_60 (count),20,,,,,,,,,,,,,,,,2.0,0.0,2.0,0.0,0.5,False,
loss,0.01,correct vs shuffled,per lambda_s,test_accuracy,10,-0.134999999999998,-0.17500000000001137,0.12213380640373803,-0.20699999999999505,-0.061999999999999035,-0.2223631919059691,-0.047636808094026914,0.03125,0.03125,-1.105345063542261,6.0,4.0,0.07412451985979508,0.13114877048603452,0.3125,,,,,,True,0.25
loss,0.01,correct vs shuffled,per lambda_s,val_accuracy,10,-0.4579999999999984,-0.5500000000000043,0.42041778163049753,-0.6959999999999951,-0.20799999999999982,-0.7587278690377695,-0.15727213096222736,0.03125,0.03125,-1.089392551912877,6.0,4.0,0.24244128727957728,0.4505996005324427,0.28125,,,,,,False,
loss,0.01,correct vs shuffled,per lambda_s,total_sparsity,10,2.6492082236332664,0.16253355531464564,3.4211183674131918,0.7447666615043105,4.757677794770532,0.20205760034593956,5.096358846920593,0.03125,0.03125,0.7743690627215598,6.0,4.0,0.09801750253401734,3.4472404144890727,0.125,,,,,,False,
loss,0.01,correct vs shuffled,per lambda_s,test_excess_over_gm,10,-0.06599999999999824,-0.04999999999999716,0.08395766128763239,-0.11799999999999641,-0.01997499999999925,-0.12605552017924537,-0.005944479820751122,0.0625,0.0625,-0.7861105107952852,6.0,4.0,0.06498717822258064,0.06838615844355056,0.96875,,,,,,False,
loss,0.01,correct vs shuffled,per lambda_s,val_excess_over_gm,10,-0.2799999999999997,-0.3999999999999986,0.24404006956964155,-0.42000000000000026,-0.13999999999999915,-0.45456362049407617,-0.10543637950592319,0.03125,0.03125,-1.1473525658871206,6.0,4.0,0.16865480854231293,0.2581988897471611,0.4375,,,,,,False,
loss,0.01,correct vs shuffled,per lambda_s,features3_pruned_60 (count),10,,,,,,,,,,,,,,,,0.0,0.0,0.0,0.0,1.0,False,
loss,0.02,correct vs shuffled,per lambda_s,test_accuracy,10,-0.20699999999999932,0.0,0.581627028257803,-0.5930000000000021,0.04000000000000199,-0.62304200494181,0.20904200494181133,0.4375,0.625,-0.3558981786318357,5.0,5.0,0.7022986069567122,0.4621495669393456,0.375,,,,,,True,1.0
loss,0.02,correct vs shuffled,per lambda_s,val_accuracy,10,-0.20000000000000143,0.0,0.7712039649506205,-0.7220000000000028,0.17199999999999988,-0.751647753987998,0.3516477539879952,0.625,0.8125,-0.25933476627393537,5.0,5.0,0.8954601548304043,0.6349663158170065,0.5625,,,,,,False,
loss,0.02,correct vs shuffled,per lambda_s,total_sparsity,10,0.1784078003200662,0.0,0.6935806557183491,-0.20954326054411254,0.5974781890454807,-0.31771544116384853,0.6745310418039809,0.5,0.625,0.2572271859792388,5.0,5.0,0.7709638839832635,0.5854836262552984,0.3125,,,,,,False,
loss,0.02,correct vs shuffled,per lambda_s,test_excess_over_gm,10,-0.20799999999999982,0.0,0.5814120741780334,-0.5870000000000019,0.02500000000000142,-0.6238882467394352,0.2078882467394356,0.375,0.4375,-0.3577497084044189,5.0,5.0,0.6392052356898635,0.4212956206750805,0.4375,,,,,,False,
loss,0.02,correct vs shuffled,per lambda_s,val_excess_over_gm,10,-0.19600000000000078,0.0,0.7246025730625645,-0.6760000000000005,0.1079999999999984,-0.7143134425268178,0.3223134425268162,0.75,0.875,-0.27049310516742747,4.0,5.0,0.8073798500224169,0.5646198327685205,0.375,,,,,,False,
loss,0.02,correct vs shuffled,per lambda_s,features3_pruned_60 (count),10,,,,,,,,,,,,,,,,2.0,1.0,1.0,0.0,1.0,False,
loss,pooled 0.01+0.02,correct vs shuffled,pooled (secondary),test_accuracy,20,-0.17099999999999865,0.0,0.4106977374894443,-0.3745124999999983,-0.034999999999999434,-0.3632102487972063,0.02121024879720898,0.0146484375,0.0107421875,-0.4163646019705518,11.0,9.0,0.5195787767636016,0.3617224874053825,0.9091796875,,,,,,False,
loss,pooled 0.01+0.02,correct vs shuffled,pooled (secondary),val_accuracy,20,-0.3289999999999999,0.0,0.6188435734667139,-0.610025,-0.07800000000000082,-0.6186243791107986,-0.03937562088920116,0.021484375,0.01953125,-0.5316367723703864,11.0,9.0,0.6697140002308933,0.6316861312559036,0.958984375,,,,,,False,
loss,pooled 0.01+0.02,correct vs shuffled,pooled (secondary),total_sparsity,20,1.4138080119766663,0.0,2.716327035846779,0.3574842870786229,2.647820840431573,0.14254243704003788,2.685073586913295,0.0234375,0.025390625,0.5204851968555142,11.0,9.0,0.5876393116837473,2.8414833483965616,0.103515625,,,,,,False,
loss,pooled 0.01+0.02,correct vs shuffled,pooled (secondary),test_excess_over_gm,20,-0.13699999999999904,0.0,0.4108156200586973,-0.33599999999999997,-0.01349999999999838,-0.32926541890382444,0.05526541890382636,0.037109375,0.0439453125,-0.3334829381132696,11.0,9.0,0.4695787585978692,0.30584481789230816,0.615234375,,,,,,False,
loss,pooled 0.01+0.02,correct vs shuffled,pooled (secondary),val_excess_over_gm,20,-0.23800000000000027,0.0,0.5279912279973079,-0.4930500000000006,-0.05,-0.48510466124424223,0.009104661244241669,0.02734375,0.015625,-0.45076506460674337,10.0,9.0,0.5906454988088513,0.474462576861551,0.94921875,,,,,,False,
loss,pooled 0.01+0.02,correct vs shuffled,pooled (secondary),features3_pruned_60 (count),20,,,,,,,,,,,,,,,,2.0,1.0,1.0,0.0,1.0,False,
