sparsity_coef,seed,test_accuracy,val_accuracy,total_sparsity,accuracy_retention,actions,prune_percent
0.0,42,77.11,77.42,35.021423777812196,100.10385564065948,"[0, 0, 1, 4]","[0.0, 0.0, 10.0, 40.0]"
0.0,1,77.03,77.32,0.0,100.0,"[0, 0, 0, 0]","[0.0, 0.0, 0.0, 0.0]"
0.0,2,77.03,77.32,0.0,100.0,"[0, 0, 0, 0]","[0.0, 0.0, 0.0, 0.0]"
0.0,3,77.03,77.32,0.0,100.0,"[0, 0, 0, 0]","[0.0, 0.0, 0.0, 0.0]"
0.01,42,76.49,76.0,58.19572427856073,99.29897442554848,"[1, 1, 5, 5]","[10.0, 10.0, 60.0, 60.0]"
0.01,1,76.65,76.7,57.884530999948375,99.50668570686746,"[0, 0, 5, 5]","[0.0, 0.0, 60.0, 60.0]"
0.01,2,76.65,76.7,57.884530999948375,99.50668570686746,"[0, 0, 5, 5]","[0.0, 0.0, 60.0, 60.0]"
0.01,3,76.65,76.7,57.884530999948375,99.50668570686746,"[0, 0, 5, 5]","[0.0, 0.0, 60.0, 60.0]"
0.02,42,76.49,76.0,58.19572427856073,99.29897442554848,"[1, 1, 5, 5]","[10.0, 10.0, 60.0, 60.0]"
0.02,1,76.65,76.7,57.884530999948375,99.50668570686746,"[0, 0, 5, 5]","[0.0, 0.0, 60.0, 60.0]"
0.02,2,76.56,76.58,58.181850446543805,99.38984811112553,"[0, 1, 5, 5]","[0.0, 10.0, 60.0, 60.0]"
0.02,3,76.65,76.7,57.884530999948375,99.50668570686746,"[0, 0, 5, 5]","[0.0, 0.0, 60.0, 60.0]"
0.04,42,76.49,76.0,58.19572427856073,99.29897442554848,"[1, 1, 5, 5]","[10.0, 10.0, 60.0, 60.0]"
0.04,1,76.65,76.7,57.884530999948375,99.50668570686746,"[0, 0, 5, 5]","[0.0, 0.0, 60.0, 60.0]"
0.04,2,75.16,74.7,59.66860900314904,97.57237439958458,"[0, 5, 5, 5]","[0.0, 60.0, 60.0, 60.0]"
0.04,3,75.16,74.7,59.66860900314904,97.57237439958458,"[0, 5, 5, 5]","[0.0, 60.0, 60.0, 60.0]"
0.08,42,74.77,74.38,59.68248283516597,97.0660781513696,"[1, 5, 5, 5]","[10.0, 60.0, 60.0, 60.0]"
0.08,1,74.77,74.38,59.68248283516597,97.0660781513696,"[1, 5, 5, 5]","[10.0, 60.0, 60.0, 60.0]"
0.08,2,75.16,74.7,59.66860900314904,97.57237439958458,"[0, 5, 5, 5]","[0.0, 60.0, 60.0, 60.0]"
0.08,3,74.77,74.38,59.68248283516597,97.0660781513696,"[1, 5, 5, 5]","[10.0, 60.0, 60.0, 60.0]"
