run_id,condition,sparsity_coef,seed,trained_with_zero_sensitivity_input,feature,dim,mean_tvd,argmax_change_rate,pairs_with_different_value,pairs
sens-correct_coef-0.00_seed-1,correct,0.0,1,False,layer_index_norm,0,0.003763228887692094,0.0,12,12
sens-correct_coef-0.00_seed-1,correct,0.0,1,False,log1p_param_count,1,0.004022649955004454,0.0,12,12
sens-correct_coef-0.00_seed-1,correct,0.0,1,False,param_count_ratio,2,0.0013335555559024215,0.0,12,12
sens-correct_coef-0.00_seed-1,correct,0.0,1,False,mean_abs_weight,3,4.0778035327093676e-05,0.0,12,12
sens-correct_coef-0.00_seed-1,correct,0.0,1,False,std_weight,4,0.00021023345470894128,0.0,12,12
sens-correct_coef-0.00_seed-1,correct,0.0,1,False,cumulative_pruning,5,1.9033905118703842e-08,0.0,0,12
sens-correct_coef-0.00_seed-1,correct,0.0,1,False,sensitivity,6,0.0019024537177756429,0.0,12,12
sens-correct_coef-0.00_seed-2,correct,0.0,2,False,layer_index_norm,0,0.033429089933633804,0.0,12,12
sens-correct_coef-0.00_seed-2,correct,0.0,2,False,log1p_param_count,1,0.0419372022151947,0.0,12,12
sens-correct_coef-0.00_seed-2,correct,0.0,2,False,param_count_ratio,2,0.013856139034032822,0.0,12,12
sens-correct_coef-0.00_seed-2,correct,0.0,2,False,mean_abs_weight,3,0.000606984889600426,0.0,12,12
sens-correct_coef-0.00_seed-2,correct,0.0,2,False,std_weight,4,0.000984031124971807,0.0,12,12
sens-correct_coef-0.00_seed-2,correct,0.0,2,False,cumulative_pruning,5,4.470348358154297e-08,0.0,0,12
sens-correct_coef-0.00_seed-2,correct,0.0,2,False,sensitivity,6,0.020173706114292145,0.0,12,12
sens-correct_coef-0.00_seed-3,correct,0.0,3,False,layer_index_norm,0,0.02476898767054081,0.0,12,12
sens-correct_coef-0.00_seed-3,correct,0.0,3,False,log1p_param_count,1,0.035500627011060715,0.0,12,12
sens-correct_coef-0.00_seed-3,correct,0.0,3,False,param_count_ratio,2,0.012736541219055653,0.0,12,12
sens-correct_coef-0.00_seed-3,correct,0.0,3,False,mean_abs_weight,3,0.0016700119012966752,0.0,12,12
sens-correct_coef-0.00_seed-3,correct,0.0,3,False,std_weight,4,0.0014230655506253242,0.0,12,12
sens-correct_coef-0.00_seed-3,correct,0.0,3,False,cumulative_pruning,5,3.6729034036397934e-08,0.0,0,12
sens-correct_coef-0.00_seed-3,correct,0.0,3,False,sensitivity,6,0.018713505938649178,0.0,12,12
sens-correct_coef-0.00_seed-42,correct,0.0,42,False,layer_index_norm,0,0.09183841198682785,0.3333333333333333,12,12
sens-correct_coef-0.00_seed-42,correct,0.0,42,False,log1p_param_count,1,0.06678468734025955,0.25,12,12
sens-correct_coef-0.00_seed-42,correct,0.0,42,False,param_count_ratio,2,0.06771707534790039,0.3333333333333333,12,12
sens-correct_coef-0.00_seed-42,correct,0.0,42,False,mean_abs_weight,3,0.004919323604553938,0.0,12,12
sens-correct_coef-0.00_seed-42,correct,0.0,42,False,std_weight,4,0.004529839847236872,0.0,12,12
sens-correct_coef-0.00_seed-42,correct,0.0,42,False,cumulative_pruning,5,0.0021278352942317724,0.0,6,12
sens-correct_coef-0.00_seed-42,correct,0.0,42,False,sensitivity,6,0.07430873066186905,0.16666666666666666,12,12
sens-correct_coef-0.01_seed-1,correct,0.01,1,False,layer_index_norm,0,0.18780286610126495,0.3333333333333333,12,12
sens-correct_coef-0.01_seed-1,correct,0.01,1,False,log1p_param_count,1,0.08837229758501053,0.16666666666666666,12,12
sens-correct_coef-0.01_seed-1,correct,0.01,1,False,param_count_ratio,2,0.16357336938381195,0.08333333333333333,12,12
sens-correct_coef-0.01_seed-1,correct,0.01,1,False,mean_abs_weight,3,0.007296502124518156,0.0,12,12
sens-correct_coef-0.01_seed-1,correct,0.01,1,False,std_weight,4,0.009475539438426495,0.0,12,12
sens-correct_coef-0.01_seed-1,correct,0.01,1,False,cumulative_pruning,5,0.04254524037241936,0.08333333333333333,6,12
sens-correct_coef-0.01_seed-1,correct,0.01,1,False,sensitivity,6,0.09868023544549942,0.16666666666666666,12,12
sens-correct_coef-0.01_seed-2,correct,0.01,2,False,layer_index_norm,0,0.18183410167694092,0.3333333333333333,12,12
sens-correct_coef-0.01_seed-2,correct,0.01,2,False,log1p_param_count,1,0.0962405800819397,0.16666666666666666,12,12
sens-correct_coef-0.01_seed-2,correct,0.01,2,False,param_count_ratio,2,0.13944491744041443,0.08333333333333333,12,12
sens-correct_coef-0.01_seed-2,correct,0.01,2,False,mean_abs_weight,3,0.006322864908725023,0.0,12,12
sens-correct_coef-0.01_seed-2,correct,0.01,2,False,std_weight,4,0.00679263798519969,0.0,12,12
sens-correct_coef-0.01_seed-2,correct,0.01,2,False,cumulative_pruning,5,0.06282225251197815,0.08333333333333333,6,12
sens-correct_coef-0.01_seed-2,correct,0.01,2,False,sensitivity,6,0.09022358059883118,0.08333333333333333,12,12
sens-correct_coef-0.01_seed-3,correct,0.01,3,False,layer_index_norm,0,0.16182632744312286,0.25,12,12
sens-correct_coef-0.01_seed-3,correct,0.01,3,False,log1p_param_count,1,0.0814405232667923,0.08333333333333333,12,12
sens-correct_coef-0.01_seed-3,correct,0.01,3,False,param_count_ratio,2,0.14410947263240814,0.08333333333333333,12,12
sens-correct_coef-0.01_seed-3,correct,0.01,3,False,mean_abs_weight,3,0.009081671014428139,0.0,12,12
sens-correct_coef-0.01_seed-3,correct,0.01,3,False,std_weight,4,0.007619465235620737,0.0,12,12
sens-correct_coef-0.01_seed-3,correct,0.01,3,False,cumulative_pruning,5,0.07633053511381149,0.08333333333333333,6,12
sens-correct_coef-0.01_seed-3,correct,0.01,3,False,sensitivity,6,0.09154284000396729,0.08333333333333333,12,12
sens-correct_coef-0.01_seed-42,correct,0.01,42,False,layer_index_norm,0,0.17856574058532715,0.25,12,12
sens-correct_coef-0.01_seed-42,correct,0.01,42,False,log1p_param_count,1,0.04412872716784477,0.0,12,12
sens-correct_coef-0.01_seed-42,correct,0.01,42,False,param_count_ratio,2,0.19230562448501587,0.08333333333333333,12,12
sens-correct_coef-0.01_seed-42,correct,0.01,42,False,mean_abs_weight,3,0.00810986291617155,0.0,12,12
sens-correct_coef-0.01_seed-42,correct,0.01,42,False,std_weight,4,0.007992412894964218,0.0,12,12
sens-correct_coef-0.01_seed-42,correct,0.01,42,False,cumulative_pruning,5,0.054441019892692566,0.0,12,12
sens-correct_coef-0.01_seed-42,correct,0.01,42,False,sensitivity,6,0.07646933197975159,0.08333333333333333,12,12
sens-correct_coef-0.02_seed-1,correct,0.02,1,False,layer_index_norm,0,0.26323381066322327,0.25,12,12
sens-correct_coef-0.02_seed-1,correct,0.02,1,False,log1p_param_count,1,0.1297345608472824,0.08333333333333333,12,12
sens-correct_coef-0.02_seed-1,correct,0.02,1,False,param_count_ratio,2,0.14061389863491058,0.08333333333333333,12,12
sens-correct_coef-0.02_seed-1,correct,0.02,1,False,mean_abs_weight,3,0.010229110717773438,0.0,12,12
sens-correct_coef-0.02_seed-1,correct,0.02,1,False,std_weight,4,0.01096328441053629,0.0,12,12
sens-correct_coef-0.02_seed-1,correct,0.02,1,False,cumulative_pruning,5,0.07289160043001175,0.08333333333333333,6,12
sens-correct_coef-0.02_seed-1,correct,0.02,1,False,sensitivity,6,0.14538376033306122,0.16666666666666666,12,12
sens-correct_coef-0.02_seed-2,correct,0.02,2,False,layer_index_norm,0,0.21495985984802246,0.3333333333333333,12,12
sens-correct_coef-0.02_seed-2,correct,0.02,2,False,log1p_param_count,1,0.10099559277296066,0.08333333333333333,12,12
sens-correct_coef-0.02_seed-2,correct,0.02,2,False,param_count_ratio,2,0.13786955177783966,0.16666666666666666,12,12
sens-correct_coef-0.02_seed-2,correct,0.02,2,False,mean_abs_weight,3,0.007910789921879768,0.08333333333333333,12,12
sens-correct_coef-0.02_seed-2,correct,0.02,2,False,std_weight,4,0.008296466432511806,0.08333333333333333,12,12
sens-correct_coef-0.02_seed-2,correct,0.02,2,False,cumulative_pruning,5,0.10922718048095703,0.08333333333333333,10,12
sens-correct_coef-0.02_seed-2,correct,0.02,2,False,sensitivity,6,0.10714276880025864,0.16666666666666666,12,12
sens-correct_coef-0.02_seed-3,correct,0.02,3,False,layer_index_norm,0,0.2050866037607193,0.25,12,12
sens-correct_coef-0.02_seed-3,correct,0.02,3,False,log1p_param_count,1,0.08438856154680252,0.08333333333333333,12,12
sens-correct_coef-0.02_seed-3,correct,0.02,3,False,param_count_ratio,2,0.14106854796409607,0.08333333333333333,12,12
sens-correct_coef-0.02_seed-3,correct,0.02,3,False,mean_abs_weight,3,0.009568018838763237,0.0,12,12
sens-correct_coef-0.02_seed-3,correct,0.02,3,False,std_weight,4,0.008636671118438244,0.0,12,12
sens-correct_coef-0.02_seed-3,correct,0.02,3,False,cumulative_pruning,5,0.07413562387228012,0.08333333333333333,6,12
sens-correct_coef-0.02_seed-3,correct,0.02,3,False,sensitivity,6,0.11068308353424072,0.16666666666666666,12,12
sens-correct_coef-0.02_seed-42,correct,0.02,42,False,layer_index_norm,0,0.23420244455337524,0.25,12,12
sens-correct_coef-0.02_seed-42,correct,0.02,42,False,log1p_param_count,1,0.0626819059252739,0.08333333333333333,12,12
sens-correct_coef-0.02_seed-42,correct,0.02,42,False,param_count_ratio,2,0.15508069097995758,0.25,12,12
sens-correct_coef-0.02_seed-42,correct,0.02,42,False,mean_abs_weight,3,0.008220181800425053,0.0,12,12
sens-correct_coef-0.02_seed-42,correct,0.02,42,False,std_weight,4,0.008449568413197994,0.0,12,12
sens-correct_coef-0.02_seed-42,correct,0.02,42,False,cumulative_pruning,5,0.09125998616218567,0.08333333333333333,12,12
sens-correct_coef-0.02_seed-42,correct,0.02,42,False,sensitivity,6,0.09984999150037766,0.16666666666666666,12,12
sens-correct_coef-0.04_seed-1,correct,0.04,1,False,layer_index_norm,0,0.22659258544445038,0.16666666666666666,12,12
sens-correct_coef-0.04_seed-1,correct,0.04,1,False,log1p_param_count,1,0.12858885526657104,0.16666666666666666,12,12
sens-correct_coef-0.04_seed-1,correct,0.04,1,False,param_count_ratio,2,0.11653220653533936,0.16666666666666666,12,12
sens-correct_coef-0.04_seed-1,correct,0.04,1,False,mean_abs_weight,3,0.009569250047206879,0.16666666666666666,12,12
sens-correct_coef-0.04_seed-1,correct,0.04,1,False,std_weight,4,0.010017531923949718,0.16666666666666666,12,12
sens-correct_coef-0.04_seed-1,correct,0.04,1,False,cumulative_pruning,5,0.0638483539223671,0.08333333333333333,6,12
sens-correct_coef-0.04_seed-1,correct,0.04,1,False,sensitivity,6,0.14075089991092682,0.16666666666666666,12,12
sens-correct_coef-0.04_seed-2,correct,0.04,2,False,layer_index_norm,0,0.16776646673679352,0.08333333333333333,12,12
sens-correct_coef-0.04_seed-2,correct,0.04,2,False,log1p_param_count,1,0.09524548798799515,0.08333333333333333,12,12
sens-correct_coef-0.04_seed-2,correct,0.04,2,False,param_count_ratio,2,0.09331801533699036,0.08333333333333333,12,12
sens-correct_coef-0.04_seed-2,correct,0.04,2,False,mean_abs_weight,3,0.005809791386127472,0.08333333333333333,12,12
sens-correct_coef-0.04_seed-2,correct,0.04,2,False,std_weight,4,0.006693646777421236,0.08333333333333333,12,12
sens-correct_coef-0.04_seed-2,correct,0.04,2,False,cumulative_pruning,5,0.2012650966644287,0.08333333333333333,10,12
sens-correct_coef-0.04_seed-2,correct,0.04,2,False,sensitivity,6,0.08613389730453491,0.08333333333333333,12,12
sens-correct_coef-0.04_seed-3,correct,0.04,3,False,layer_index_norm,0,0.17032486200332642,0.08333333333333333,12,12
sens-correct_coef-0.04_seed-3,correct,0.04,3,False,log1p_param_count,1,0.06420956552028656,0.08333333333333333,12,12
sens-correct_coef-0.04_seed-3,correct,0.04,3,False,param_count_ratio,2,0.1083601787686348,0.08333333333333333,12,12
sens-correct_coef-0.04_seed-3,correct,0.04,3,False,mean_abs_weight,3,0.006835852283984423,0.08333333333333333,12,12
sens-correct_coef-0.04_seed-3,correct,0.04,3,False,std_weight,4,0.006256377790123224,0.08333333333333333,12,12
sens-correct_coef-0.04_seed-3,correct,0.04,3,False,cumulative_pruning,5,0.1569029837846756,0.0,10,12
sens-correct_coef-0.04_seed-3,correct,0.04,3,False,sensitivity,6,0.08131495118141174,0.08333333333333333,12,12
sens-correct_coef-0.04_seed-42,correct,0.04,42,False,layer_index_norm,0,0.2896654009819031,0.25,12,12
sens-correct_coef-0.04_seed-42,correct,0.04,42,False,log1p_param_count,1,0.052008166909217834,0.08333333333333333,12,12
sens-correct_coef-0.04_seed-42,correct,0.04,42,False,param_count_ratio,2,0.149251788854599,0.16666666666666666,12,12
sens-correct_coef-0.04_seed-42,correct,0.04,42,False,mean_abs_weight,3,0.008237338624894619,0.0,12,12
sens-correct_coef-0.04_seed-42,correct,0.04,42,False,std_weight,4,0.009191866032779217,0.0,12,12
sens-correct_coef-0.04_seed-42,correct,0.04,42,False,cumulative_pruning,5,0.1098707914352417,0.08333333333333333,12,12
sens-correct_coef-0.04_seed-42,correct,0.04,42,False,sensitivity,6,0.10346386581659317,0.08333333333333333,12,12
sens-correct_coef-0.08_seed-1,correct,0.08,1,False,layer_index_norm,0,0.15573906898498535,0.08333333333333333,12,12
sens-correct_coef-0.08_seed-1,correct,0.08,1,False,log1p_param_count,1,0.07630474120378494,0.08333333333333333,12,12
sens-correct_coef-0.08_seed-1,correct,0.08,1,False,param_count_ratio,2,0.09342101961374283,0.0,12,12
sens-correct_coef-0.08_seed-1,correct,0.08,1,False,mean_abs_weight,3,0.007170835509896278,0.0,12,12
sens-correct_coef-0.08_seed-1,correct,0.08,1,False,std_weight,4,0.0070684063248336315,0.0,12,12
sens-correct_coef-0.08_seed-1,correct,0.08,1,False,cumulative_pruning,5,0.2204371839761734,0.16666666666666666,12,12
sens-correct_coef-0.08_seed-1,correct,0.08,1,False,sensitivity,6,0.08880271762609482,0.08333333333333333,12,12
sens-correct_coef-0.08_seed-2,correct,0.08,2,False,layer_index_norm,0,0.14462365210056305,0.25,12,12
sens-correct_coef-0.08_seed-2,correct,0.08,2,False,log1p_param_count,1,0.07904466241598129,0.16666666666666666,12,12
sens-correct_coef-0.08_seed-2,correct,0.08,2,False,param_count_ratio,2,0.08774396777153015,0.16666666666666666,12,12
sens-correct_coef-0.08_seed-2,correct,0.08,2,False,mean_abs_weight,3,0.004234823863953352,0.08333333333333333,12,12
sens-correct_coef-0.08_seed-2,correct,0.08,2,False,std_weight,4,0.005272287409752607,0.08333333333333333,12,12
sens-correct_coef-0.08_seed-2,correct,0.08,2,False,cumulative_pruning,5,0.2229497879743576,0.16666666666666666,10,12
sens-correct_coef-0.08_seed-2,correct,0.08,2,False,sensitivity,6,0.08172141760587692,0.16666666666666666,12,12
sens-correct_coef-0.08_seed-3,correct,0.08,3,False,layer_index_norm,0,0.15615783631801605,0.3333333333333333,12,12
sens-correct_coef-0.08_seed-3,correct,0.08,3,False,log1p_param_count,1,0.08498632907867432,0.25,12,12
sens-correct_coef-0.08_seed-3,correct,0.08,3,False,param_count_ratio,2,0.08763962984085083,0.16666666666666666,12,12
sens-correct_coef-0.08_seed-3,correct,0.08,3,False,mean_abs_weight,3,0.0079577611759305,0.0,12,12
sens-correct_coef-0.08_seed-3,correct,0.08,3,False,std_weight,4,0.006763549987226725,0.0,12,12
sens-correct_coef-0.08_seed-3,correct,0.08,3,False,cumulative_pruning,5,0.12563161551952362,0.16666666666666666,12,12
sens-correct_coef-0.08_seed-3,correct,0.08,3,False,sensitivity,6,0.0856163278222084,0.3333333333333333,12,12
sens-correct_coef-0.08_seed-42,correct,0.08,42,False,layer_index_norm,0,0.21860629320144653,0.16666666666666666,12,12
sens-correct_coef-0.08_seed-42,correct,0.08,42,False,log1p_param_count,1,0.046694058924913406,0.08333333333333333,12,12
sens-correct_coef-0.08_seed-42,correct,0.08,42,False,param_count_ratio,2,0.12196535617113113,0.08333333333333333,12,12
sens-correct_coef-0.08_seed-42,correct,0.08,42,False,mean_abs_weight,3,0.006837572902441025,0.08333333333333333,12,12
sens-correct_coef-0.08_seed-42,correct,0.08,42,False,std_weight,4,0.00969233363866806,0.08333333333333333,12,12
sens-correct_coef-0.08_seed-42,correct,0.08,42,False,cumulative_pruning,5,0.19800744950771332,0.16666666666666666,12,12
sens-correct_coef-0.08_seed-42,correct,0.08,42,False,sensitivity,6,0.0844193696975708,0.08333333333333333,12,12
sens-shuffled_coef-0.04_seed-1,shuffled,0.04,1,False,layer_index_norm,0,0.3007303476333618,0.3333333333333333,12,12
sens-shuffled_coef-0.04_seed-1,shuffled,0.04,1,False,log1p_param_count,1,0.14096440374851227,0.08333333333333333,12,12
sens-shuffled_coef-0.04_seed-1,shuffled,0.04,1,False,param_count_ratio,2,0.13376246392726898,0.08333333333333333,12,12
sens-shuffled_coef-0.04_seed-1,shuffled,0.04,1,False,mean_abs_weight,3,0.012463651597499847,0.0,12,12
sens-shuffled_coef-0.04_seed-1,shuffled,0.04,1,False,std_weight,4,0.013812531717121601,0.0,12,12
sens-shuffled_coef-0.04_seed-1,shuffled,0.04,1,False,cumulative_pruning,5,0.08538614958524704,0.08333333333333333,6,12
sens-shuffled_coef-0.04_seed-1,shuffled,0.04,1,False,sensitivity,6,0.005630583968013525,0.0,12,12
sens-shuffled_coef-0.04_seed-2,shuffled,0.04,2,False,layer_index_norm,0,0.23810839653015137,0.3333333333333333,12,12
sens-shuffled_coef-0.04_seed-2,shuffled,0.04,2,False,log1p_param_count,1,0.08298473805189133,0.25,12,12
sens-shuffled_coef-0.04_seed-2,shuffled,0.04,2,False,param_count_ratio,2,0.11819732934236526,0.25,12,12
sens-shuffled_coef-0.04_seed-2,shuffled,0.04,2,False,mean_abs_weight,3,0.007120179012417793,0.0,12,12
sens-shuffled_coef-0.04_seed-2,shuffled,0.04,2,False,std_weight,4,0.008745004422962666,0.08333333333333333,12,12
sens-shuffled_coef-0.04_seed-2,shuffled,0.04,2,False,cumulative_pruning,5,0.0990842655301094,0.25,10,12
sens-shuffled_coef-0.04_seed-2,shuffled,0.04,2,False,sensitivity,6,0.08079136908054352,0.16666666666666666,12,12
sens-shuffled_coef-0.04_seed-3,shuffled,0.04,3,False,layer_index_norm,0,0.2540954649448395,0.3333333333333333,12,12
sens-shuffled_coef-0.04_seed-3,shuffled,0.04,3,False,log1p_param_count,1,0.06852006167173386,0.16666666666666666,12,12
sens-shuffled_coef-0.04_seed-3,shuffled,0.04,3,False,param_count_ratio,2,0.16106070578098297,0.25,12,12
sens-shuffled_coef-0.04_seed-3,shuffled,0.04,3,False,mean_abs_weight,3,0.011712513864040375,0.0,12,12
sens-shuffled_coef-0.04_seed-3,shuffled,0.04,3,False,std_weight,4,0.009984203614294529,0.0,12,12
sens-shuffled_coef-0.04_seed-3,shuffled,0.04,3,False,cumulative_pruning,5,0.061253953725099564,0.08333333333333333,6,12
sens-shuffled_coef-0.04_seed-3,shuffled,0.04,3,False,sensitivity,6,0.08768489956855774,0.16666666666666666,12,12
sens-shuffled_coef-0.04_seed-42,shuffled,0.04,42,False,layer_index_norm,0,0.33449289202690125,0.3333333333333333,12,12
sens-shuffled_coef-0.04_seed-42,shuffled,0.04,42,False,log1p_param_count,1,0.027088461443781853,0.0,12,12
sens-shuffled_coef-0.04_seed-42,shuffled,0.04,42,False,param_count_ratio,2,0.15335285663604736,0.25,12,12
sens-shuffled_coef-0.04_seed-42,shuffled,0.04,42,False,mean_abs_weight,3,0.009310510940849781,0.0,12,12
sens-shuffled_coef-0.04_seed-42,shuffled,0.04,42,False,std_weight,4,0.010180152952671051,0.0,12,12
sens-shuffled_coef-0.04_seed-42,shuffled,0.04,42,False,cumulative_pruning,5,0.09198189526796341,0.08333333333333333,12,12
sens-shuffled_coef-0.04_seed-42,shuffled,0.04,42,False,sensitivity,6,0.11880737543106079,0.16666666666666666,12,12
sens-zeroed_coef-0.04_seed-1,zeroed,0.04,1,True,layer_index_norm,0,0.2857271730899811,0.3333333333333333,12,12
sens-zeroed_coef-0.04_seed-1,zeroed,0.04,1,True,log1p_param_count,1,0.12864559888839722,0.16666666666666666,12,12
sens-zeroed_coef-0.04_seed-1,zeroed,0.04,1,True,param_count_ratio,2,0.14783601462841034,0.25,12,12
sens-zeroed_coef-0.04_seed-1,zeroed,0.04,1,True,mean_abs_weight,3,0.011193732731044292,0.0,12,12
sens-zeroed_coef-0.04_seed-1,zeroed,0.04,1,True,std_weight,4,0.012577373534440994,0.0,12,12
sens-zeroed_coef-0.04_seed-1,zeroed,0.04,1,True,cumulative_pruning,5,0.07947493344545364,0.08333333333333333,6,12
sens-zeroed_coef-0.04_seed-1,zeroed,0.04,1,True,sensitivity,6,1.0011717677116394e-08,0.0,0,12
sens-zeroed_coef-0.04_seed-2,zeroed,0.04,2,True,layer_index_norm,0,0.28392985463142395,0.3333333333333333,12,12
sens-zeroed_coef-0.04_seed-2,zeroed,0.04,2,True,log1p_param_count,1,0.11808082461357117,0.16666666666666666,12,12
sens-zeroed_coef-0.04_seed-2,zeroed,0.04,2,True,param_count_ratio,2,0.15185309946537018,0.16666666666666666,12,12
sens-zeroed_coef-0.04_seed-2,zeroed,0.04,2,True,mean_abs_weight,3,0.009713766165077686,0.0,12,12
sens-zeroed_coef-0.04_seed-2,zeroed,0.04,2,True,std_weight,4,0.012042286805808544,0.0,12,12
sens-zeroed_coef-0.04_seed-2,zeroed,0.04,2,True,cumulative_pruning,5,0.09210100769996643,0.08333333333333333,6,12
sens-zeroed_coef-0.04_seed-2,zeroed,0.04,2,True,sensitivity,6,3.6088749766349792e-09,0.0,0,12
sens-zeroed_coef-0.04_seed-3,zeroed,0.04,3,True,layer_index_norm,0,0.2828250229358673,0.3333333333333333,12,12
sens-zeroed_coef-0.04_seed-3,zeroed,0.04,3,True,log1p_param_count,1,0.09146936982870102,0.16666666666666666,12,12
sens-zeroed_coef-0.04_seed-3,zeroed,0.04,3,True,param_count_ratio,2,0.175107941031456,0.25,12,12
sens-zeroed_coef-0.04_seed-3,zeroed,0.04,3,True,mean_abs_weight,3,0.013172962702810764,0.0,12,12
sens-zeroed_coef-0.04_seed-3,zeroed,0.04,3,True,std_weight,4,0.011889143846929073,0.0,12,12
sens-zeroed_coef-0.04_seed-3,zeroed,0.04,3,True,cumulative_pruning,5,0.07324207574129105,0.08333333333333333,6,12
sens-zeroed_coef-0.04_seed-3,zeroed,0.04,3,True,sensitivity,6,1.0739313438534737e-08,0.0,0,12
sens-zeroed_coef-0.04_seed-42,zeroed,0.04,42,True,layer_index_norm,0,0.34336116909980774,0.4166666666666667,12,12
sens-zeroed_coef-0.04_seed-42,zeroed,0.04,42,True,log1p_param_count,1,0.05716894567012787,0.16666666666666666,12,12
sens-zeroed_coef-0.04_seed-42,zeroed,0.04,42,True,param_count_ratio,2,0.1644458770751953,0.25,12,12
sens-zeroed_coef-0.04_seed-42,zeroed,0.04,42,True,mean_abs_weight,3,0.010949715040624142,0.0,12,12
sens-zeroed_coef-0.04_seed-42,zeroed,0.04,42,True,std_weight,4,0.011583504267036915,0.0,12,12
sens-zeroed_coef-0.04_seed-42,zeroed,0.04,42,True,cumulative_pruning,5,0.1244327649474144,0.16666666666666666,12,12
sens-zeroed_coef-0.04_seed-42,zeroed,0.04,42,True,sensitivity,6,2.60770320892334e-08,0.0,0,12
