run_id,condition,sparsity_coef,seed,trained_with_zero_sensitivity_input,layer_position,perturbation,original_value,new_value,unchanged_input,tvd,argmax_changed
sens-correct_coef-0.00_seed-1,correct,0.0,1,False,0,zero,0.6000000238418579,0.0,False,0.004546197131276131,False
sens-correct_coef-0.00_seed-1,correct,0.0,1,False,0,layer1_value,0.6000000238418579,0.19999999999998863,False,0.0030517098493874073,False
sens-correct_coef-0.00_seed-1,correct,0.0,1,False,0,layer2_value,0.6000000238418579,0.09999999999999432,False,0.0038021348882466555,False
sens-correct_coef-0.00_seed-1,correct,0.0,1,False,0,layer3_value,0.6000000238418579,0.0,False,0.004546197131276131,False
sens-correct_coef-0.00_seed-1,correct,0.0,1,False,1,zero,0.20000000298023224,0.0,False,0.001147946109995246,False
sens-correct_coef-0.00_seed-1,correct,0.0,1,False,1,layer0_value,0.20000000298023224,0.5999999999999943,False,0.002440859330818057,False
sens-correct_coef-0.00_seed-1,correct,0.0,1,False,1,layer2_value,0.20000000298023224,0.09999999999999432,False,0.000579893821850419,False
sens-correct_coef-0.00_seed-1,correct,0.0,1,False,1,layer3_value,0.20000000298023224,0.0,False,0.001147946109995246,False
sens-correct_coef-0.00_seed-1,correct,0.0,1,False,2,zero,0.10000000149011612,0.0,False,0.0004907809197902679,False
sens-correct_coef-0.00_seed-1,correct,0.0,1,False,2,layer0_value,0.10000000149011612,0.5999999999999943,False,0.0026319031603634357,False
sens-correct_coef-0.00_seed-1,correct,0.0,1,False,2,layer1_value,0.10000000149011612,0.19999999999998863,False,0.000502279493957758,False
sens-correct_coef-0.00_seed-1,correct,0.0,1,False,2,layer3_value,0.10000000149011612,0.0,False,0.0004907809197902679,False
sens-correct_coef-0.00_seed-1,correct,0.0,1,False,3,zero,0.0,0.0,True,7.450580596923828e-09,False
sens-correct_coef-0.00_seed-1,correct,0.0,1,False,3,layer0_value,0.0,0.5999999999999943,False,0.002462458098307252,False
sens-correct_coef-0.00_seed-1,correct,0.0,1,False,3,layer1_value,0.0,0.19999999999998863,False,0.0007850201800465584,False
sens-correct_coef-0.00_seed-1,correct,0.0,1,False,3,layer2_value,0.0,0.09999999999999432,False,0.00038826349191367626,False
sens-correct_coef-0.00_seed-2,correct,0.0,2,False,0,zero,0.6000000238418579,0.0,False,0.04583325609564781,False
sens-correct_coef-0.00_seed-2,correct,0.0,2,False,0,layer1_value,0.6000000238418579,0.19999999999998863,False,0.02931167185306549,False
sens-correct_coef-0.00_seed-2,correct,0.0,2,False,0,layer2_value,0.6000000238418579,0.09999999999999432,False,0.03746182098984718,False
sens-correct_coef-0.00_seed-2,correct,0.0,2,False,0,layer3_value,0.6000000238418579,0.0,False,0.04583325609564781,False
sens-correct_coef-0.00_seed-2,correct,0.0,2,False,1,zero,0.20000000298023224,0.0,False,0.015324100852012634,False
sens-correct_coef-0.00_seed-2,correct,0.0,2,False,1,layer0_value,0.20000000298023224,0.5999999999999943,False,0.03370160609483719,False
sens-correct_coef-0.00_seed-2,correct,0.0,2,False,1,layer2_value,0.20000000298023224,0.09999999999999432,False,0.00783153809607029,False
sens-correct_coef-0.00_seed-2,correct,0.0,2,False,1,layer3_value,0.20000000298023224,0.0,False,0.015324100852012634,False
sens-correct_coef-0.00_seed-2,correct,0.0,2,False,2,zero,0.10000000149011612,0.0,False,0.005449043586850166,False
sens-correct_coef-0.00_seed-2,correct,0.0,2,False,2,layer0_value,0.10000000149011612,0.5999999999999943,False,0.03316595405340195,False
sens-correct_coef-0.00_seed-2,correct,0.0,2,False,2,layer1_value,0.10000000149011612,0.19999999999998863,False,0.005838526412844658,False
sens-correct_coef-0.00_seed-2,correct,0.0,2,False,2,layer3_value,0.10000000149011612,0.0,False,0.005449043586850166,False
sens-correct_coef-0.00_seed-2,correct,0.0,2,False,3,zero,0.0,0.0,True,3.3527612686157227e-08,False
sens-correct_coef-0.00_seed-2,correct,0.0,2,False,3,layer0_value,0.0,0.5999999999999943,False,0.01985989883542061,False
sens-correct_coef-0.00_seed-2,correct,0.0,2,False,3,layer1_value,0.0,0.19999999999998863,False,0.00560745969414711,False
sens-correct_coef-0.00_seed-2,correct,0.0,2,False,3,layer2_value,0.0,0.09999999999999432,False,0.002699621021747589,False
sens-correct_coef-0.00_seed-3,correct,0.0,3,False,0,zero,0.6000000238418579,0.0,False,0.04402630403637886,False
sens-correct_coef-0.00_seed-3,correct,0.0,3,False,0,layer1_value,0.6000000238418579,0.19999999999998863,False,0.028767645359039307,False
sens-correct_coef-0.00_seed-3,correct,0.0,3,False,0,layer2_value,0.6000000238418579,0.09999999999999432,False,0.03637149930000305,False
sens-correct_coef-0.00_seed-3,correct,0.0,3,False,0,layer3_value,0.6000000238418579,0.0,False,0.04402630403637886,False
sens-correct_coef-0.00_seed-3,correct,0.0,3,False,1,zero,0.20000000298023224,0.0,False,0.013251771219074726,False
sens-correct_coef-0.00_seed-3,correct,0.0,3,False,1,layer0_value,0.20000000298023224,0.5999999999999943,False,0.028803983703255653,False
sens-correct_coef-0.00_seed-3,correct,0.0,3,False,1,layer2_value,0.20000000298023224,0.09999999999999432,False,0.006747654639184475,False
sens-correct_coef-0.00_seed-3,correct,0.0,3,False,1,layer3_value,0.20000000298023224,0.0,False,0.013251771219074726,False
sens-correct_coef-0.00_seed-3,correct,0.0,3,False,2,zero,0.10000000149011612,0.0,False,0.004985625855624676,False
sens-correct_coef-0.00_seed-3,correct,0.0,3,False,2,layer0_value,0.10000000149011612,0.5999999999999943,False,0.029147222638130188,False
sens-correct_coef-0.00_seed-3,correct,0.0,3,False,2,layer1_value,0.10000000149011612,0.19999999999998863,False,0.005270509049296379,False
sens-correct_coef-0.00_seed-3,correct,0.0,3,False,2,layer3_value,0.10000000149011612,0.0,False,0.004985625855624676,False
sens-correct_coef-0.00_seed-3,correct,0.0,3,False,3,zero,0.0,0.0,True,0.0,False
sens-correct_coef-0.00_seed-3,correct,0.0,3,False,3,layer0_value,0.0,0.5999999999999943,False,0.018940519541502,False
sens-correct_coef-0.00_seed-3,correct,0.0,3,False,3,layer1_value,0.0,0.19999999999998863,False,0.005557396449148655,False
sens-correct_coef-0.00_seed-3,correct,0.0,3,False,3,layer2_value,0.0,0.09999999999999432,False,0.0026919031515717506,False
sens-correct_coef-0.00_seed-42,correct,0.0,42,False,0,zero,0.6000000238418579,0.0,False,0.12023793160915375,False
sens-correct_coef-0.00_seed-42,correct,0.0,42,False,0,layer1_value,0.6000000238418579,0.19999999999998863,False,0.06936415284872055,False
sens-correct_coef-0.00_seed-42,correct,0.0,42,False,0,layer2_value,0.6000000238418579,0.09999999999999432,False,0.09339870512485504,False
sens-correct_coef-0.00_seed-42,correct,0.0,42,False,0,layer3_value,0.6000000238418579,0.0,False,0.12023793160915375,False
sens-correct_coef-0.00_seed-42,correct,0.0,42,False,1,zero,0.20000000298023224,0.0,False,0.0648052915930748,False
sens-correct_coef-0.00_seed-42,correct,0.0,42,False,1,layer0_value,0.20000000298023224,0.5999999999999943,False,0.1215711310505867,False
sens-correct_coef-0.00_seed-42,correct,0.0,42,False,1,layer2_value,0.20000000298023224,0.09999999999999432,False,0.03274192661046982,False
sens-correct_coef-0.00_seed-42,correct,0.0,42,False,1,layer3_value,0.20000000298023224,0.0,False,0.0648052915930748,False
sens-correct_coef-0.00_seed-42,correct,0.0,42,False,2,zero,0.10000000149011612,0.0,False,0.030430085957050323,False
sens-correct_coef-0.00_seed-42,correct,0.0,42,False,2,layer0_value,0.10000000149011612,0.5999999999999943,False,0.15483146905899048,True
sens-correct_coef-0.00_seed-42,correct,0.0,42,False,2,layer1_value,0.10000000149011612,0.19999999999998863,False,0.03080800548195839,False
sens-correct_coef-0.00_seed-42,correct,0.0,42,False,2,layer3_value,0.10000000149011612,0.0,False,0.030430085957050323,False
sens-correct_coef-0.00_seed-42,correct,0.0,42,False,3,zero,0.0,0.0,True,7.450580596923828e-09,False
sens-correct_coef-0.00_seed-42,correct,0.0,42,False,3,layer0_value,0.0,0.5999999999999943,False,0.1246497854590416,True
sens-correct_coef-0.00_seed-42,correct,0.0,42,False,3,layer1_value,0.0,0.19999999999998863,False,0.03320906311273575,False
sens-correct_coef-0.00_seed-42,correct,0.0,42,False,3,layer2_value,0.0,0.09999999999999432,False,0.01565725728869438,False
sens-correct_coef-0.01_seed-1,correct,0.01,1,False,0,zero,0.6000000238418579,0.0,False,0.10033904761075974,False
sens-correct_coef-0.01_seed-1,correct,0.01,1,False,0,layer1_value,0.6000000238418579,0.19999999999998863,False,0.0558730773627758,False
sens-correct_coef-0.01_seed-1,correct,0.01,1,False,0,layer2_value,0.6000000238418579,0.09999999999999432,False,0.07642199099063873,False
sens-correct_coef-0.01_seed-1,correct,0.01,1,False,0,layer3_value,0.6000000238418579,0.0,False,0.10033904761075974,False
sens-correct_coef-0.01_seed-1,correct,0.01,1,False,1,zero,0.20000000298023224,0.0,False,0.11586083471775055,True
sens-correct_coef-0.01_seed-1,correct,0.01,1,False,1,layer0_value,0.20000000298023224,0.5999999999999943,False,0.14053021371364594,False
sens-correct_coef-0.01_seed-1,correct,0.01,1,False,1,layer2_value,0.20000000298023224,0.09999999999999432,False,0.053715772926807404,False
sens-correct_coef-0.01_seed-1,correct,0.01,1,False,1,layer3_value,0.20000000298023224,0.0,False,0.11586083471775055,True
sens-correct_coef-0.01_seed-1,correct,0.01,1,False,2,zero,0.10000000149011612,0.0,False,0.10274457931518555,False
sens-correct_coef-0.01_seed-1,correct,0.01,1,False,2,layer0_value,0.10000000149011612,0.5999999999999943,False,0.4028508961200714,True
sens-correct_coef-0.01_seed-1,correct,0.01,1,False,2,layer1_value,0.10000000149011612,0.19999999999998863,False,0.10458454489707947,False
sens-correct_coef-0.01_seed-1,correct,0.01,1,False,2,layer3_value,0.10000000149011612,0.0,False,0.10274457931518555,False
sens-correct_coef-0.01_seed-1,correct,0.01,1,False,3,zero,0.0,0.0,True,0.0,False
sens-correct_coef-0.01_seed-1,correct,0.01,1,False,3,layer0_value,0.0,0.5999999999999943,False,0.0242591705173254,False
sens-correct_coef-0.01_seed-1,correct,0.01,1,False,3,layer1_value,0.0,0.19999999999998863,False,0.0048196446150541306,False
sens-correct_coef-0.01_seed-1,correct,0.01,1,False,3,layer2_value,0.0,0.09999999999999432,False,0.002163062570616603,False
sens-correct_coef-0.01_seed-2,correct,0.01,2,False,0,zero,0.6000000238418579,0.0,False,0.09515859931707382,False
sens-correct_coef-0.01_seed-2,correct,0.01,2,False,0,layer1_value,0.6000000238418579,0.19999999999998863,False,0.052885353565216064,False
sens-correct_coef-0.01_seed-2,correct,0.01,2,False,0,layer2_value,0.6000000238418579,0.09999999999999432,False,0.07237688452005386,False
sens-correct_coef-0.01_seed-2,correct,0.01,2,False,0,layer3_value,0.6000000238418579,0.0,False,0.09515859931707382,False
sens-correct_coef-0.01_seed-2,correct,0.01,2,False,1,zero,0.20000000298023224,0.0,False,0.12707963585853577,False
sens-correct_coef-0.01_seed-2,correct,0.01,2,False,1,layer0_value,0.20000000298023224,0.5999999999999943,False,0.17512965202331543,False
sens-correct_coef-0.01_seed-2,correct,0.01,2,False,1,layer2_value,0.20000000298023224,0.09999999999999432,False,0.06034918129444122,False
sens-correct_coef-0.01_seed-2,correct,0.01,2,False,1,layer3_value,0.20000000298023224,0.0,False,0.12707963585853577,False
sens-correct_coef-0.01_seed-2,correct,0.01,2,False,2,zero,0.10000000149011612,0.0,False,0.050550393760204315,False
sens-correct_coef-0.01_seed-2,correct,0.01,2,False,2,layer0_value,0.10000000149011612,0.5999999999999943,False,0.34895026683807373,True
sens-correct_coef-0.01_seed-2,correct,0.01,2,False,2,layer1_value,0.10000000149011612,0.19999999999998863,False,0.059788063168525696,False
sens-correct_coef-0.01_seed-2,correct,0.01,2,False,2,layer3_value,0.10000000149011612,0.0,False,0.050550393760204315,False
sens-correct_coef-0.01_seed-2,correct,0.01,2,False,3,zero,0.0,0.0,True,2.7939677238464355e-09,False
sens-correct_coef-0.01_seed-2,correct,0.01,2,False,3,layer0_value,0.0,0.5999999999999943,False,0.029701586812734604,False
sens-correct_coef-0.01_seed-2,correct,0.01,2,False,3,layer1_value,0.0,0.19999999999998863,False,0.007302229292690754,False
sens-correct_coef-0.01_seed-2,correct,0.01,2,False,3,layer2_value,0.0,0.09999999999999432,False,0.003411069279536605,False
sens-correct_coef-0.01_seed-3,correct,0.01,3,False,0,zero,0.6000000238418579,0.0,False,0.09833072125911713,False
sens-correct_coef-0.01_seed-3,correct,0.01,3,False,0,layer1_value,0.6000000238418579,0.19999999999998863,False,0.05367269739508629,False
sens-correct_coef-0.01_seed-3,correct,0.01,3,False,0,layer2_value,0.6000000238418579,0.09999999999999432,False,0.07413226366043091,False
sens-correct_coef-0.01_seed-3,correct,0.01,3,False,0,layer3_value,0.6000000238418579,0.0,False,0.09833072125911713,False
sens-correct_coef-0.01_seed-3,correct,0.01,3,False,1,zero,0.20000000298023224,0.0,False,0.10479198396205902,False
sens-correct_coef-0.01_seed-3,correct,0.01,3,False,1,layer0_value,0.20000000298023224,0.5999999999999943,False,0.14825329184532166,False
sens-correct_coef-0.01_seed-3,correct,0.01,3,False,1,layer2_value,0.20000000298023224,0.09999999999999432,False,0.05011605843901634,False
sens-correct_coef-0.01_seed-3,correct,0.01,3,False,1,layer3_value,0.20000000298023224,0.0,False,0.10479198396205902,False
sens-correct_coef-0.01_seed-3,correct,0.01,3,False,2,zero,0.10000000149011612,0.0,False,0.08571907877922058,False
sens-correct_coef-0.01_seed-3,correct,0.01,3,False,2,layer0_value,0.10000000149011612,0.5999999999999943,False,0.3559305667877197,True
sens-correct_coef-0.01_seed-3,correct,0.01,3,False,2,layer1_value,0.10000000149011612,0.19999999999998863,False,0.08582307398319244,False
sens-correct_coef-0.01_seed-3,correct,0.01,3,False,2,layer3_value,0.10000000149011612,0.0,False,0.08571907877922058,False
sens-correct_coef-0.01_seed-3,correct,0.01,3,False,3,zero,0.0,0.0,True,4.0745362639427185e-09,False
sens-correct_coef-0.01_seed-3,correct,0.01,3,False,3,layer0_value,0.0,0.5999999999999943,False,0.031974900513887405,False
sens-correct_coef-0.01_seed-3,correct,0.01,3,False,3,layer1_value,0.0,0.19999999999998863,False,0.006722186226397753,False
sens-correct_coef-0.01_seed-3,correct,0.01,3,False,3,layer2_value,0.0,0.09999999999999432,False,0.0030472720973193645,False
sens-correct_coef-0.01_seed-42,correct,0.01,42,False,0,zero,0.6000000238418579,0.0,False,0.06321357935667038,False
sens-correct_coef-0.01_seed-42,correct,0.01,42,False,0,layer1_value,0.6000000238418579,0.19999999999998863,False,0.035091154277324677,False
sens-correct_coef-0.01_seed-42,correct,0.01,42,False,0,layer2_value,0.6000000238418579,0.09999999999999432,False,0.048019371926784515,False
sens-correct_coef-0.01_seed-42,correct,0.01,42,False,0,layer3_value,0.6000000238418579,0.0,False,0.06321357935667038,False
sens-correct_coef-0.01_seed-42,correct,0.01,42,False,1,zero,0.20000000298023224,0.0,False,0.08076205104589462,False
sens-correct_coef-0.01_seed-42,correct,0.01,42,False,1,layer0_value,0.20000000298023224,0.5999999999999943,False,0.1037476509809494,False
sens-correct_coef-0.01_seed-42,correct,0.01,42,False,1,layer2_value,0.20000000298023224,0.09999999999999432,False,0.03749697655439377,False
sens-correct_coef-0.01_seed-42,correct,0.01,42,False,1,layer3_value,0.20000000298023224,0.0,False,0.08076205104589462,False
sens-correct_coef-0.01_seed-42,correct,0.01,42,False,2,zero,0.10000000149011612,0.0,False,0.08931045234203339,False
sens-correct_coef-0.01_seed-42,correct,0.01,42,False,2,layer0_value,0.10000000149011612,0.5999999999999943,False,0.3540799617767334,True
sens-correct_coef-0.01_seed-42,correct,0.01,42,False,2,layer1_value,0.10000000149011612,0.19999999999998863,False,0.08864981681108475,False
sens-correct_coef-0.01_seed-42,correct,0.01,42,False,2,layer3_value,0.10000000149011612,0.0,False,0.08931045234203339,False
sens-correct_coef-0.01_seed-42,correct,0.01,42,False,3,zero,0.0,0.0,True,5.238689482212067e-10,False
sens-correct_coef-0.01_seed-42,correct,0.01,42,False,3,layer0_value,0.0,0.5999999999999943,False,0.013167306780815125,False
sens-correct_coef-0.01_seed-42,correct,0.01,42,False,3,layer1_value,0.0,0.19999999999998863,False,0.002814855193719268,False
sens-correct_coef-0.01_seed-42,correct,0.01,42,False,3,layer2_value,0.0,0.09999999999999432,False,0.0012788116000592709,False
sens-correct_coef-0.02_seed-1,correct,0.02,1,False,0,zero,0.6000000238418579,0.0,False,0.19995994865894318,False
sens-correct_coef-0.02_seed-1,correct,0.02,1,False,0,layer1_value,0.6000000238418579,0.19999999999998863,False,0.10585154592990875,False
sens-correct_coef-0.02_seed-1,correct,0.02,1,False,0,layer2_value,0.6000000238418579,0.09999999999999432,False,0.14880478382110596,False
sens-correct_coef-0.02_seed-1,correct,0.02,1,False,0,layer3_value,0.6000000238418579,0.0,False,0.19995994865894318,False
sens-correct_coef-0.02_seed-1,correct,0.02,1,False,1,zero,0.20000000298023224,0.0,False,0.17634886503219604,True
sens-correct_coef-0.02_seed-1,correct,0.02,1,False,1,layer0_value,0.20000000298023224,0.5999999999999943,False,0.27540379762649536,False
sens-correct_coef-0.02_seed-1,correct,0.02,1,False,1,layer2_value,0.20000000298023224,0.09999999999999432,False,0.08187908679246902,False
sens-correct_coef-0.02_seed-1,correct,0.02,1,False,1,layer3_value,0.20000000298023224,0.0,False,0.17634886503219604,True
sens-correct_coef-0.02_seed-1,correct,0.02,1,False,2,zero,0.10000000149011612,0.0,False,0.07595096528530121,False
sens-correct_coef-0.02_seed-1,correct,0.02,1,False,2,layer0_value,0.10000000149011612,0.5999999999999943,False,0.5705081224441528,True
sens-correct_coef-0.02_seed-1,correct,0.02,1,False,2,layer1_value,0.10000000149011612,0.19999999999998863,False,0.10108157247304916,False
sens-correct_coef-0.02_seed-1,correct,0.02,1,False,2,layer3_value,0.10000000149011612,0.0,False,0.07595096528530121,False
sens-correct_coef-0.02_seed-1,correct,0.02,1,False,3,zero,0.0,0.0,True,0.0,False
sens-correct_coef-0.02_seed-1,correct,0.02,1,False,3,layer0_value,0.0,0.5999999999999943,False,0.006813308224081993,False
sens-correct_coef-0.02_seed-1,correct,0.02,1,False,3,layer1_value,0.0,0.19999999999998863,False,0.0013805817579850554,False
sens-correct_coef-0.02_seed-1,correct,0.02,1,False,3,layer2_value,0.0,0.09999999999999432,False,0.0006225333199836314,False
sens-correct_coef-0.02_seed-2,correct,0.02,2,False,0,zero,0.6000000238418579,0.0,False,0.12463683634996414,False
sens-correct_coef-0.02_seed-2,correct,0.02,2,False,0,layer1_value,0.6000000238418579,0.19999999999998863,False,0.07240796089172363,False
sens-correct_coef-0.02_seed-2,correct,0.02,2,False,0,layer2_value,0.6000000238418579,0.09999999999999432,False,0.09701508283615112,False
sens-correct_coef-0.02_seed-2,correct,0.02,2,False,0,layer3_value,0.6000000238418579,0.0,False,0.12463683634996414,False
sens-correct_coef-0.02_seed-2,correct,0.02,2,False,1,zero,0.20000000298023224,0.0,False,0.13488583266735077,False
sens-correct_coef-0.02_seed-2,correct,0.02,2,False,1,layer0_value,0.20000000298023224,0.5999999999999943,False,0.16298402845859528,True
sens-correct_coef-0.02_seed-2,correct,0.02,2,False,1,layer2_value,0.20000000298023224,0.09999999999999432,False,0.06299082189798355,False
sens-correct_coef-0.02_seed-2,correct,0.02,2,False,1,layer3_value,0.20000000298023224,0.0,False,0.13488583266735077,False
sens-correct_coef-0.02_seed-2,correct,0.02,2,False,2,zero,0.10000000149011612,0.0,False,0.07000833004713058,False
sens-correct_coef-0.02_seed-2,correct,0.02,2,False,2,layer0_value,0.10000000149011612,0.5999999999999943,False,0.46586161851882935,True
sens-correct_coef-0.02_seed-2,correct,0.02,2,False,2,layer1_value,0.10000000149011612,0.19999999999998863,False,0.08538652956485748,False
sens-correct_coef-0.02_seed-2,correct,0.02,2,False,2,layer3_value,0.10000000149011612,0.0,False,0.07000833004713058,False
sens-correct_coef-0.02_seed-2,correct,0.02,2,False,3,zero,0.0,0.0,True,4.773028194904327e-09,False
sens-correct_coef-0.02_seed-2,correct,0.02,2,False,3,layer0_value,0.0,0.5999999999999943,False,0.007217989768832922,False
sens-correct_coef-0.02_seed-2,correct,0.02,2,False,3,layer1_value,0.0,0.19999999999998863,False,0.0015905586769804358,False
sens-correct_coef-0.02_seed-2,correct,0.02,2,False,3,layer2_value,0.0,0.09999999999999432,False,0.0007276575779542327,False
sens-correct_coef-0.02_seed-3,correct,0.02,3,False,0,zero,0.6000000238418579,0.0,False,0.1293967068195343,False
sens-correct_coef-0.02_seed-3,correct,0.02,3,False,0,layer1_value,0.6000000238418579,0.19999999999998863,False,0.07442601025104523,False
sens-correct_coef-0.02_seed-3,correct,0.02,3,False,0,layer2_value,0.6000000238418579,0.09999999999999432,False,0.10018444061279297,False
sens-correct_coef-0.02_seed-3,correct,0.02,3,False,0,layer3_value,0.6000000238418579,0.0,False,0.1293967068195343,False
sens-correct_coef-0.02_seed-3,correct,0.02,3,False,1,zero,0.20000000298023224,0.0,False,0.1443260908126831,True
sens-correct_coef-0.02_seed-3,correct,0.02,3,False,1,layer0_value,0.20000000298023224,0.5999999999999943,False,0.15998271107673645,False
sens-correct_coef-0.02_seed-3,correct,0.02,3,False,1,layer2_value,0.20000000298023224,0.09999999999999432,False,0.06520026922225952,False
sens-correct_coef-0.02_seed-3,correct,0.02,3,False,1,layer3_value,0.20000000298023224,0.0,False,0.1443260908126831,True
sens-correct_coef-0.02_seed-3,correct,0.02,3,False,2,zero,0.10000000149011612,0.0,False,0.07888372242450714,False
sens-correct_coef-0.02_seed-3,correct,0.02,3,False,2,layer0_value,0.10000000149011612,0.5999999999999943,False,0.46990281343460083,True
sens-correct_coef-0.02_seed-3,correct,0.02,3,False,2,layer1_value,0.10000000149011612,0.19999999999998863,False,0.09421054273843765,False
sens-correct_coef-0.02_seed-3,correct,0.02,3,False,2,layer3_value,0.10000000149011612,0.0,False,0.07888372242450714,False
sens-correct_coef-0.02_seed-3,correct,0.02,3,False,3,zero,0.0,0.0,True,8.731149137020111e-11,False
sens-correct_coef-0.02_seed-3,correct,0.02,3,False,3,layer0_value,0.0,0.5999999999999943,False,0.008997752331197262,False
sens-correct_coef-0.02_seed-3,correct,0.02,3,False,3,layer1_value,0.0,0.19999999999998863,False,0.0018501677550375462,False
sens-correct_coef-0.02_seed-3,correct,0.02,3,False,3,layer2_value,0.0,0.09999999999999432,False,0.0008356814505532384,False
sens-correct_coef-0.02_seed-42,correct,0.02,42,False,0,zero,0.6000000238418579,0.0,False,0.0969940796494484,False
sens-correct_coef-0.02_seed-42,correct,0.02,42,False,0,layer1_value,0.6000000238418579,0.19999999999998863,False,0.05110292509198189,False
sens-correct_coef-0.02_seed-42,correct,0.02,42,False,0,layer2_value,0.6000000238418579,0.09999999999999432,False,0.07175301760435104,False
sens-correct_coef-0.02_seed-42,correct,0.02,42,False,0,layer3_value,0.6000000238418579,0.0,False,0.0969940796494484,False
sens-correct_coef-0.02_seed-42,correct,0.02,42,False,1,zero,0.20000000298023224,0.0,False,0.16595883667469025,True
sens-correct_coef-0.02_seed-42,correct,0.02,42,False,1,layer0_value,0.20000000298023224,0.5999999999999943,False,0.22255611419677734,False
sens-correct_coef-0.02_seed-42,correct,0.02,42,False,1,layer2_value,0.20000000298023224,0.09999999999999432,False,0.07754652202129364,True
sens-correct_coef-0.02_seed-42,correct,0.02,42,False,1,layer3_value,0.20000000298023224,0.0,False,0.16595883667469025,True
sens-correct_coef-0.02_seed-42,correct,0.02,42,False,2,zero,0.10000000149011612,0.0,False,0.041149817407131195,False
sens-correct_coef-0.02_seed-42,correct,0.02,42,False,2,layer0_value,0.10000000149011612,0.5999999999999943,False,0.412118136882782,False
sens-correct_coef-0.02_seed-42,correct,0.02,42,False,2,layer1_value,0.10000000149011612,0.19999999999998863,False,0.05441293120384216,False
sens-correct_coef-0.02_seed-42,correct,0.02,42,False,2,layer3_value,0.10000000149011612,0.0,False,0.041149817407131195,False
sens-correct_coef-0.02_seed-42,correct,0.02,42,False,3,zero,0.0,0.0,True,0.0,False
sens-correct_coef-0.02_seed-42,correct,0.02,42,False,3,layer0_value,0.0,0.5999999999999943,False,0.00345226121135056,False
sens-correct_coef-0.02_seed-42,correct,0.02,42,False,3,layer1_value,0.0,0.19999999999998863,False,0.0007911027641966939,False
sens-correct_coef-0.02_seed-42,correct,0.02,42,False,3,layer2_value,0.0,0.09999999999999432,False,0.00036416598595678806,False
sens-correct_coef-0.04_seed-1,correct,0.04,1,False,0,zero,0.6000000238418579,0.0,False,0.16474270820617676,False
sens-correct_coef-0.04_seed-1,correct,0.04,1,False,0,layer1_value,0.6000000238418579,0.19999999999998863,False,0.08976809680461884,False
sens-correct_coef-0.04_seed-1,correct,0.04,1,False,0,layer2_value,0.6000000238418579,0.09999999999999432,False,0.12430889904499054,False
sens-correct_coef-0.04_seed-1,correct,0.04,1,False,0,layer3_value,0.6000000238418579,0.0,False,0.16474270820617676,False
sens-correct_coef-0.04_seed-1,correct,0.04,1,False,1,zero,0.20000000298023224,0.0,False,0.2543526887893677,True
sens-correct_coef-0.04_seed-1,correct,0.04,1,False,1,layer0_value,0.20000000298023224,0.5999999999999943,False,0.30139875411987305,False
sens-correct_coef-0.04_seed-1,correct,0.04,1,False,1,layer2_value,0.20000000298023224,0.09999999999999432,False,0.12103930115699768,True
sens-correct_coef-0.04_seed-1,correct,0.04,1,False,1,layer3_value,0.20000000298023224,0.0,False,0.2543526887893677,True
sens-correct_coef-0.04_seed-1,correct,0.04,1,False,2,zero,0.10000000149011612,0.0,False,0.04023374989628792,False
sens-correct_coef-0.04_seed-1,correct,0.04,1,False,2,layer0_value,0.10000000149011612,0.5999999999999943,False,0.5283154249191284,False
sens-correct_coef-0.04_seed-1,correct,0.04,1,False,2,layer1_value,0.10000000149011612,0.19999999999998863,False,0.059515394270420074,False
sens-correct_coef-0.04_seed-1,correct,0.04,1,False,2,layer3_value,0.10000000149011612,0.0,False,0.04023374989628792,False
sens-correct_coef-0.04_seed-1,correct,0.04,1,False,3,zero,0.0,0.0,True,1.3096723705530167e-10,False
sens-correct_coef-0.04_seed-1,correct,0.04,1,False,3,layer0_value,0.0,0.5999999999999943,False,0.004120947793126106,False
sens-correct_coef-0.04_seed-1,correct,0.04,1,False,3,layer1_value,0.0,0.19999999999998863,False,0.0008372985757887363,False
sens-correct_coef-0.04_seed-1,correct,0.04,1,False,3,layer2_value,0.0,0.09999999999999432,False,0.00037753410288132727,False
sens-correct_coef-0.04_seed-2,correct,0.04,2,False,0,zero,0.6000000238418579,0.0,False,0.141282320022583,False
sens-correct_coef-0.04_seed-2,correct,0.04,2,False,0,layer1_value,0.6000000238418579,0.19999999999998863,False,0.074031300842762,False
sens-correct_coef-0.04_seed-2,correct,0.04,2,False,0,layer2_value,0.6000000238418579,0.09999999999999432,False,0.10430403798818588,False
sens-correct_coef-0.04_seed-2,correct,0.04,2,False,0,layer3_value,0.6000000238418579,0.0,False,0.141282320022583,False
sens-correct_coef-0.04_seed-2,correct,0.04,2,False,1,zero,0.20000000298023224,0.0,False,0.22370588779449463,False
sens-correct_coef-0.04_seed-2,correct,0.04,2,False,1,layer0_value,0.20000000298023224,0.5999999999999943,False,0.29113054275512695,True
sens-correct_coef-0.04_seed-2,correct,0.04,2,False,1,layer2_value,0.20000000298023224,0.09999999999999432,False,0.10992883890867233,False
sens-correct_coef-0.04_seed-2,correct,0.04,2,False,1,layer3_value,0.20000000298023224,0.0,False,0.22370588779449463,False
sens-correct_coef-0.04_seed-2,correct,0.04,2,False,2,zero,0.10000000149011612,0.0,False,0.005489465780556202,False
sens-correct_coef-0.04_seed-2,correct,0.04,2,False,2,layer0_value,0.10000000149011612,0.5999999999999943,False,0.0738140195608139,False
sens-correct_coef-0.04_seed-2,correct,0.04,2,False,2,layer1_value,0.10000000149011612,0.19999999999998863,False,0.007237005978822708,False
sens-correct_coef-0.04_seed-2,correct,0.04,2,False,2,layer3_value,0.10000000149011612,0.0,False,0.005489465780556202,False
sens-correct_coef-0.04_seed-2,correct,0.04,2,False,3,zero,0.0,0.0,True,2.0372681319713593e-10,False
sens-correct_coef-0.04_seed-2,correct,0.04,2,False,3,layer0_value,0.0,0.5999999999999943,False,0.001996070146560669,False
sens-correct_coef-0.04_seed-2,correct,0.04,2,False,3,layer1_value,0.0,0.19999999999998863,False,0.0004697561380453408,False
sens-correct_coef-0.04_seed-2,correct,0.04,2,False,3,layer2_value,0.0,0.09999999999999432,False,0.0002175761037506163,False
sens-correct_coef-0.04_seed-3,correct,0.04,3,False,0,zero,0.6000000238418579,0.0,False,0.14554671943187714,False
sens-correct_coef-0.04_seed-3,correct,0.04,3,False,0,layer1_value,0.6000000238418579,0.19999999999998863,False,0.08568703383207321,False
sens-correct_coef-0.04_seed-3,correct,0.04,3,False,0,layer2_value,0.6000000238418579,0.09999999999999432,False,0.1140274628996849,False
sens-correct_coef-0.04_seed-3,correct,0.04,3,False,0,layer3_value,0.6000000238418579,0.0,False,0.14554671943187714,False
sens-correct_coef-0.04_seed-3,correct,0.04,3,False,1,zero,0.20000000298023224,0.0,False,0.1563364863395691,False
sens-correct_coef-0.04_seed-3,correct,0.04,3,False,1,layer0_value,0.20000000298023224,0.5999999999999943,False,0.1899930238723755,True
sens-correct_coef-0.04_seed-3,correct,0.04,3,False,1,layer2_value,0.20000000298023224,0.09999999999999432,False,0.07245494425296783,False
sens-correct_coef-0.04_seed-3,correct,0.04,3,False,1,layer3_value,0.20000000298023224,0.0,False,0.1563364863395691,False
sens-correct_coef-0.04_seed-3,correct,0.04,3,False,2,zero,0.10000000149011612,0.0,False,0.013549523428082466,False
sens-correct_coef-0.04_seed-3,correct,0.04,3,False,2,layer0_value,0.10000000149011612,0.5999999999999943,False,0.17565344274044037,False
sens-correct_coef-0.04_seed-3,correct,0.04,3,False,2,layer1_value,0.10000000149011612,0.19999999999998863,False,0.018107224255800247,False
sens-correct_coef-0.04_seed-3,correct,0.04,3,False,2,layer3_value,0.10000000149011612,0.0,False,0.013549523428082466,False
sens-correct_coef-0.04_seed-3,correct,0.04,3,False,3,zero,0.0,0.0,True,8.731149137020111e-10,False
sens-correct_coef-0.04_seed-3,correct,0.04,3,False,3,layer0_value,0.0,0.5999999999999943,False,0.0033103530295193195,False
sens-correct_coef-0.04_seed-3,correct,0.04,3,False,3,layer1_value,0.0,0.19999999999998863,False,0.0007618421805091202,False
sens-correct_coef-0.04_seed-3,correct,0.04,3,False,3,layer2_value,0.0,0.09999999999999432,False,0.0003513156552799046,False
sens-correct_coef-0.04_seed-42,correct,0.04,42,False,0,zero,0.6000000238418579,0.0,False,0.1315256506204605,False
sens-correct_coef-0.04_seed-42,correct,0.04,42,False,0,layer1_value,0.6000000238418579,0.19999999999998863,False,0.072266586124897,False
sens-correct_coef-0.04_seed-42,correct,0.04,42,False,0,layer2_value,0.6000000238418579,0.09999999999999432,False,0.09953344613313675,False
sens-correct_coef-0.04_seed-42,correct,0.04,42,False,0,layer3_value,0.6000000238418579,0.0,False,0.1315256506204605,False
sens-correct_coef-0.04_seed-42,correct,0.04,42,False,1,zero,0.20000000298023224,0.0,False,0.16255158185958862,True
sens-correct_coef-0.04_seed-42,correct,0.04,42,False,1,layer0_value,0.20000000298023224,0.5999999999999943,False,0.24478140473365784,False
sens-correct_coef-0.04_seed-42,correct,0.04,42,False,1,layer2_value,0.20000000298023224,0.09999999999999432,False,0.07899316400289536,False
sens-correct_coef-0.04_seed-42,correct,0.04,42,False,1,layer3_value,0.20000000298023224,0.0,False,0.16255158185958862,True
sens-correct_coef-0.04_seed-42,correct,0.04,42,False,2,zero,0.10000000149011612,0.0,False,0.03309474512934685,False
sens-correct_coef-0.04_seed-42,correct,0.04,42,False,2,layer0_value,0.10000000149011612,0.5999999999999943,False,0.3713415861129761,False
sens-correct_coef-0.04_seed-42,correct,0.04,42,False,2,layer1_value,0.10000000149011612,0.19999999999998863,False,0.04447978734970093,False
sens-correct_coef-0.04_seed-42,correct,0.04,42,False,2,layer3_value,0.10000000149011612,0.0,False,0.03309474512934685,False
sens-correct_coef-0.04_seed-42,correct,0.04,42,False,3,zero,0.0,0.0,True,2.1245796233415604e-09,False
sens-correct_coef-0.04_seed-42,correct,0.04,42,False,3,layer0_value,0.0,0.5999999999999943,False,0.0022356524132192135,False
sens-correct_coef-0.04_seed-42,correct,0.04,42,False,3,layer1_value,0.0,0.19999999999998863,False,0.0005218370934017003,False
sens-correct_coef-0.04_seed-42,correct,0.04,42,False,3,layer2_value,0.0,0.09999999999999432,False,0.00024107383796945214,False
sens-correct_coef-0.08_seed-1,correct,0.08,1,False,0,zero,0.6000000238418579,0.0,False,0.1729596108198166,False
sens-correct_coef-0.08_seed-1,correct,0.08,1,False,0,layer1_value,0.6000000238418579,0.19999999999998863,False,0.10649114847183228,False
sens-correct_coef-0.08_seed-1,correct,0.08,1,False,0,layer2_value,0.6000000238418579,0.09999999999999432,False,0.13885436952114105,False
sens-correct_coef-0.08_seed-1,correct,0.08,1,False,0,layer3_value,0.6000000238418579,0.0,False,0.1729596108198166,False
sens-correct_coef-0.08_seed-1,correct,0.08,1,False,1,zero,0.20000000298023224,0.0,False,0.1888066828250885,False
sens-correct_coef-0.08_seed-1,correct,0.08,1,False,1,layer0_value,0.20000000298023224,0.5999999999999943,False,0.24430693686008453,True
sens-correct_coef-0.08_seed-1,correct,0.08,1,False,1,layer2_value,0.20000000298023224,0.09999999999999432,False,0.08941067010164261,False
sens-correct_coef-0.08_seed-1,correct,0.08,1,False,1,layer3_value,0.20000000298023224,0.0,False,0.1888066828250885,False
sens-correct_coef-0.08_seed-1,correct,0.08,1,False,2,zero,0.10000000149011612,0.0,False,0.00768098421394825,False
sens-correct_coef-0.08_seed-1,correct,0.08,1,False,2,layer0_value,0.10000000149011612,0.5999999999999943,False,0.10373363643884659,False
sens-correct_coef-0.08_seed-1,correct,0.08,1,False,2,layer1_value,0.10000000149011612,0.19999999999998863,False,0.010247412137687206,False
sens-correct_coef-0.08_seed-1,correct,0.08,1,False,2,layer3_value,0.10000000149011612,0.0,False,0.00768098421394825,False
sens-correct_coef-0.08_seed-1,correct,0.08,1,False,3,zero,0.0,0.0,True,1.7316779121756554e-09,False
sens-correct_coef-0.08_seed-1,correct,0.08,1,False,3,layer0_value,0.0,0.5999999999999943,False,0.002336266450583935,False
sens-correct_coef-0.08_seed-1,correct,0.08,1,False,3,layer1_value,0.0,0.19999999999998863,False,0.0005500222323462367,False
sens-correct_coef-0.08_seed-1,correct,0.08,1,False,3,layer2_value,0.0,0.09999999999999432,False,0.000254791637416929,False
sens-correct_coef-0.08_seed-2,correct,0.08,2,False,0,zero,0.6000000238418579,0.0,False,0.14861510694026947,True
sens-correct_coef-0.08_seed-2,correct,0.08,2,False,0,layer1_value,0.6000000238418579,0.19999999999998863,False,0.08296500146389008,False
sens-correct_coef-0.08_seed-2,correct,0.08,2,False,0,layer2_value,0.6000000238418579,0.09999999999999432,False,0.11330442130565643,False
sens-correct_coef-0.08_seed-2,correct,0.08,2,False,0,layer3_value,0.6000000238418579,0.0,False,0.14861510694026947,True
sens-correct_coef-0.08_seed-2,correct,0.08,2,False,1,zero,0.20000000298023224,0.0,False,0.19047832489013672,False
sens-correct_coef-0.08_seed-2,correct,0.08,2,False,1,layer0_value,0.20000000298023224,0.5999999999999943,False,0.2479044497013092,True
sens-correct_coef-0.08_seed-2,correct,0.08,2,False,1,layer2_value,0.20000000298023224,0.09999999999999432,False,0.0920214056968689,False
sens-correct_coef-0.08_seed-2,correct,0.08,2,False,1,layer3_value,0.20000000298023224,0.0,False,0.19047832489013672,False
sens-correct_coef-0.08_seed-2,correct,0.08,2,False,2,zero,0.10000000149011612,0.0,False,0.006551800761371851,False
sens-correct_coef-0.08_seed-2,correct,0.08,2,False,2,layer0_value,0.10000000149011612,0.5999999999999943,False,0.08709759265184402,False
sens-correct_coef-0.08_seed-2,correct,0.08,2,False,2,layer1_value,0.10000000149011612,0.19999999999998863,False,0.0086576659232378,False
sens-correct_coef-0.08_seed-2,correct,0.08,2,False,2,layer3_value,0.10000000149011612,0.0,False,0.006551800761371851,False
sens-correct_coef-0.08_seed-2,correct,0.08,2,False,3,zero,0.0,0.0,True,2.6775524020195007e-09,False
sens-correct_coef-0.08_seed-2,correct,0.08,2,False,3,layer0_value,0.0,0.5999999999999943,False,0.0022785449400544167,False
sens-correct_coef-0.08_seed-2,correct,0.08,2,False,3,layer1_value,0.0,0.19999999999998863,False,0.0005350807914510369,False
sens-correct_coef-0.08_seed-2,correct,0.08,2,False,3,layer2_value,0.0,0.09999999999999432,False,0.00024765811394900084,False
sens-correct_coef-0.08_seed-3,correct,0.08,3,False,0,zero,0.6000000238418579,0.0,False,0.16028311848640442,True
sens-correct_coef-0.08_seed-3,correct,0.08,3,False,0,layer1_value,0.6000000238418579,0.19999999999998863,False,0.08635149896144867,True
sens-correct_coef-0.08_seed-3,correct,0.08,3,False,0,layer2_value,0.6000000238418579,0.09999999999999432,False,0.1199701726436615,True
sens-correct_coef-0.08_seed-3,correct,0.08,3,False,0,layer3_value,0.6000000238418579,0.0,False,0.16028311848640442,True
sens-correct_coef-0.08_seed-3,correct,0.08,3,False,1,zero,0.20000000298023224,0.0,False,0.16494806110858917,False
sens-correct_coef-0.08_seed-3,correct,0.08,3,False,1,layer0_value,0.20000000298023224,0.5999999999999943,False,0.3249931037425995,True
sens-correct_coef-0.08_seed-3,correct,0.08,3,False,1,layer2_value,0.20000000298023224,0.09999999999999432,False,0.0872488021850586,False
sens-correct_coef-0.08_seed-3,correct,0.08,3,False,1,layer3_value,0.20000000298023224,0.0,False,0.16494806110858917,False
sens-correct_coef-0.08_seed-3,correct,0.08,3,False,2,zero,0.10000000149011612,0.0,False,0.005657467991113663,False
sens-correct_coef-0.08_seed-3,correct,0.08,3,False,2,layer0_value,0.10000000149011612,0.5999999999999943,False,0.06753942370414734,False
sens-correct_coef-0.08_seed-3,correct,0.08,3,False,2,layer1_value,0.10000000149011612,0.19999999999998863,False,0.007273491006344557,False
sens-correct_coef-0.08_seed-3,correct,0.08,3,False,2,layer3_value,0.10000000149011612,0.0,False,0.005657467991113663,False
sens-correct_coef-0.08_seed-3,correct,0.08,3,False,3,zero,0.0,0.0,True,2.6775524020195007e-09,False
sens-correct_coef-0.08_seed-3,correct,0.08,3,False,3,layer0_value,0.0,0.5999999999999943,False,0.0023193585220724344,False
sens-correct_coef-0.08_seed-3,correct,0.08,3,False,3,layer1_value,0.0,0.19999999999998863,False,0.0005541853606700897,False
sens-correct_coef-0.08_seed-3,correct,0.08,3,False,3,layer2_value,0.0,0.09999999999999432,False,0.00025739436387084424,False
sens-correct_coef-0.08_seed-42,correct,0.08,42,False,0,zero,0.6000000238418579,0.0,False,0.18056268990039825,False
sens-correct_coef-0.08_seed-42,correct,0.08,42,False,0,layer1_value,0.6000000238418579,0.19999999999998863,False,0.10443290323019028,False
sens-correct_coef-0.08_seed-42,correct,0.08,42,False,0,layer2_value,0.6000000238418579,0.09999999999999432,False,0.14037053287029266,False
sens-correct_coef-0.08_seed-42,correct,0.08,42,False,0,layer3_value,0.6000000238418579,0.0,False,0.18056268990039825,False
sens-correct_coef-0.08_seed-42,correct,0.08,42,False,1,zero,0.20000000298023224,0.0,False,0.15848183631896973,False
sens-correct_coef-0.08_seed-42,correct,0.08,42,False,1,layer0_value,0.20000000298023224,0.5999999999999943,False,0.2209087759256363,True
sens-correct_coef-0.08_seed-42,correct,0.08,42,False,1,layer2_value,0.20000000298023224,0.09999999999999432,False,0.07403803616762161,False
sens-correct_coef-0.08_seed-42,correct,0.08,42,False,1,layer3_value,0.20000000298023224,0.0,False,0.15848183631896973,False
sens-correct_coef-0.08_seed-42,correct,0.08,42,False,2,zero,0.10000000149011612,0.0,False,0.009030134417116642,False
sens-correct_coef-0.08_seed-42,correct,0.08,42,False,2,layer0_value,0.10000000149011612,0.5999999999999943,False,0.11103890836238861,False
sens-correct_coef-0.08_seed-42,correct,0.08,42,False,2,layer1_value,0.10000000149011612,0.19999999999998863,False,0.011825976893305779,False
sens-correct_coef-0.08_seed-42,correct,0.08,42,False,2,layer3_value,0.10000000149011612,0.0,False,0.009030134417116642,False
sens-correct_coef-0.08_seed-42,correct,0.08,42,False,3,zero,0.0,0.0,True,4.762114258483052e-09,False
sens-correct_coef-0.08_seed-42,correct,0.08,42,False,3,layer0_value,0.0,0.5999999999999943,False,0.00173034833278507,False
sens-correct_coef-0.08_seed-42,correct,0.08,42,False,3,layer1_value,0.0,0.19999999999998863,False,0.00041796942241489887,False
sens-correct_coef-0.08_seed-42,correct,0.08,42,False,3,layer2_value,0.0,0.09999999999999432,False,0.00019443623023107648,False
sens-shuffled_coef-0.04_seed-1,shuffled,0.04,1,False,0,zero,0.0,0.0,True,5.0873495638370514e-08,False
sens-shuffled_coef-0.04_seed-1,shuffled,0.04,1,False,0,layer1_value,0.0,0.5999999999999943,False,0.0023391577415168285,False
sens-shuffled_coef-0.04_seed-1,shuffled,0.04,1,False,0,layer2_value,0.0,0.19999999999998863,False,0.0003220312064513564,False
sens-shuffled_coef-0.04_seed-1,shuffled,0.04,1,False,0,layer3_value,0.0,0.09999999999999432,False,0.00011958670802414417,False
sens-shuffled_coef-0.04_seed-1,shuffled,0.04,1,False,1,zero,0.6000000238418579,0.0,False,0.016592424362897873,False
sens-shuffled_coef-0.04_seed-1,shuffled,0.04,1,False,1,layer0_value,0.6000000238418579,0.0,False,0.016592424362897873,False
sens-shuffled_coef-0.04_seed-1,shuffled,0.04,1,False,1,layer2_value,0.6000000238418579,0.19999999999998863,False,0.012173257768154144,False
sens-shuffled_coef-0.04_seed-1,shuffled,0.04,1,False,1,layer3_value,0.6000000238418579,0.09999999999999432,False,0.014547441154718399,False
sens-shuffled_coef-0.04_seed-1,shuffled,0.04,1,False,2,zero,0.20000000298023224,0.0,False,0.0037884805351495743,False
sens-shuffled_coef-0.04_seed-1,shuffled,0.04,1,False,2,layer0_value,0.20000000298023224,0.0,False,0.0037884805351495743,False
sens-shuffled_coef-0.04_seed-1,shuffled,0.04,1,False,2,layer1_value,0.20000000298023224,0.5999999999999943,False,0.01532730832695961,False
sens-shuffled_coef-0.04_seed-1,shuffled,0.04,1,False,2,layer3_value,0.20000000298023224,0.09999999999999432,False,0.0022140303626656532,False
sens-shuffled_coef-0.04_seed-1,shuffled,0.04,1,False,3,zero,0.10000000149011612,0.0,False,3.2416573958471417e-06,False
sens-shuffled_coef-0.04_seed-1,shuffled,0.04,1,False,3,layer0_value,0.10000000149011612,0.0,False,3.2416573958471417e-06,False
sens-shuffled_coef-0.04_seed-1,shuffled,0.04,1,False,3,layer1_value,0.10000000149011612,0.5999999999999943,False,0.00012960481399204582,False
sens-shuffled_coef-0.04_seed-1,shuffled,0.04,1,False,3,layer2_value,0.10000000149011612,0.19999999999998863,False,1.0445743100717664e-05,False
sens-shuffled_coef-0.04_seed-2,shuffled,0.04,2,False,0,zero,0.0,0.0,True,1.4901161193847656e-08,False
sens-shuffled_coef-0.04_seed-2,shuffled,0.04,2,False,0,layer1_value,0.0,0.09999999999999432,False,0.013479501008987427,False
sens-shuffled_coef-0.04_seed-2,shuffled,0.04,2,False,0,layer2_value,0.0,0.5999999999999943,False,0.11893350630998611,False
sens-shuffled_coef-0.04_seed-2,shuffled,0.04,2,False,0,layer3_value,0.0,0.19999999999998863,False,0.029029492288827896,False
sens-shuffled_coef-0.04_seed-2,shuffled,0.04,2,False,1,zero,0.10000000149011612,0.0,False,0.058490075170993805,False
sens-shuffled_coef-0.04_seed-2,shuffled,0.04,2,False,1,layer0_value,0.10000000149011612,0.0,False,0.058490075170993805,False
sens-shuffled_coef-0.04_seed-2,shuffled,0.04,2,False,1,layer2_value,0.10000000149011612,0.5999999999999943,False,0.3507225513458252,True
sens-shuffled_coef-0.04_seed-2,shuffled,0.04,2,False,1,layer3_value,0.10000000149011612,0.19999999999998863,False,0.06641526520252228,True
sens-shuffled_coef-0.04_seed-2,shuffled,0.04,2,False,2,zero,0.6000000238418579,0.0,False,0.14728711545467377,False
sens-shuffled_coef-0.04_seed-2,shuffled,0.04,2,False,2,layer0_value,0.6000000238418579,0.0,False,0.14728711545467377,False
sens-shuffled_coef-0.04_seed-2,shuffled,0.04,2,False,2,layer1_value,0.6000000238418579,0.09999999999999432,False,0.10744854807853699,False
sens-shuffled_coef-0.04_seed-2,shuffled,0.04,2,False,2,layer3_value,0.6000000238418579,0.19999999999998863,False,0.07534806430339813,False
sens-shuffled_coef-0.04_seed-2,shuffled,0.04,2,False,3,zero,0.20000000298023224,0.0,False,0.0008306177332997322,False
sens-shuffled_coef-0.04_seed-2,shuffled,0.04,2,False,3,layer0_value,0.20000000298023224,0.0,False,0.0008306177332997322,False
sens-shuffled_coef-0.04_seed-2,shuffled,0.04,2,False,3,layer1_value,0.20000000298023224,0.09999999999999432,False,0.00038660824066028,False
sens-shuffled_coef-0.04_seed-2,shuffled,0.04,2,False,3,layer2_value,0.20000000298023224,0.5999999999999943,False,0.0011251401156187057,False
sens-shuffled_coef-0.04_seed-3,shuffled,0.04,3,False,0,zero,0.0,0.0,True,4.6100467443466187e-08,False
sens-shuffled_coef-0.04_seed-3,shuffled,0.04,3,False,0,layer1_value,0.0,0.09999999999999432,False,0.01836702600121498,False
sens-shuffled_coef-0.04_seed-3,shuffled,0.04,3,False,0,layer2_value,0.0,0.19999999999998863,False,0.03888586908578873,False
sens-shuffled_coef-0.04_seed-3,shuffled,0.04,3,False,0,layer3_value,0.0,0.5999999999999943,False,0.14695024490356445,False
sens-shuffled_coef-0.04_seed-3,shuffled,0.04,3,False,1,zero,0.10000000149011612,0.0,False,0.05176129937171936,False
sens-shuffled_coef-0.04_seed-3,shuffled,0.04,3,False,1,layer0_value,0.10000000149011612,0.0,False,0.05176129937171936,False
sens-shuffled_coef-0.04_seed-3,shuffled,0.04,3,False,1,layer2_value,0.10000000149011612,0.19999999999998863,False,0.06141573563218117,True
sens-shuffled_coef-0.04_seed-3,shuffled,0.04,3,False,1,layer3_value,0.10000000149011612,0.5999999999999943,False,0.3712605834007263,True
sens-shuffled_coef-0.04_seed-3,shuffled,0.04,3,False,2,zero,0.20000000298023224,0.0,False,0.13852675259113312,False
sens-shuffled_coef-0.04_seed-3,shuffled,0.04,3,False,2,layer0_value,0.20000000298023224,0.0,False,0.13852675259113312,False
sens-shuffled_coef-0.04_seed-3,shuffled,0.04,3,False,2,layer1_value,0.20000000298023224,0.09999999999999432,False,0.06387133151292801,False
sens-shuffled_coef-0.04_seed-3,shuffled,0.04,3,False,2,layer3_value,0.20000000298023224,0.5999999999999943,False,0.15308134257793427,False
sens-shuffled_coef-0.04_seed-3,shuffled,0.04,3,False,3,zero,0.6000000238418579,0.0,False,0.0034896035213023424,False
sens-shuffled_coef-0.04_seed-3,shuffled,0.04,3,False,3,layer0_value,0.6000000238418579,0.0,False,0.0034896035213023424,False
sens-shuffled_coef-0.04_seed-3,shuffled,0.04,3,False,3,layer1_value,0.6000000238418579,0.09999999999999432,False,0.002657671459019184,False
sens-shuffled_coef-0.04_seed-3,shuffled,0.04,3,False,3,layer2_value,0.6000000238418579,0.19999999999998863,False,0.0019514713203534484,False
sens-shuffled_coef-0.04_seed-42,shuffled,0.04,42,False,0,zero,0.0,0.0,True,0.0,False
sens-shuffled_coef-0.04_seed-42,shuffled,0.04,42,False,0,layer1_value,0.0,0.09999999999999432,False,0.01922549493610859,False
sens-shuffled_coef-0.04_seed-42,shuffled,0.04,42,False,0,layer2_value,0.0,0.19999999999998863,False,0.04403472691774368,False
sens-shuffled_coef-0.04_seed-42,shuffled,0.04,42,False,0,layer3_value,0.0,0.5999999999999943,False,0.23720651865005493,False
sens-shuffled_coef-0.04_seed-42,shuffled,0.04,42,False,1,zero,0.10000000149011612,0.0,False,0.08918910473585129,False
sens-shuffled_coef-0.04_seed-42,shuffled,0.04,42,False,1,layer0_value,0.10000000149011612,0.0,False,0.08918910473585129,False
sens-shuffled_coef-0.04_seed-42,shuffled,0.04,42,False,1,layer2_value,0.10000000149011612,0.19999999999998863,False,0.1147892102599144,True
sens-shuffled_coef-0.04_seed-42,shuffled,0.04,42,False,1,layer3_value,0.10000000149011612,0.5999999999999943,False,0.6476242542266846,True
sens-shuffled_coef-0.04_seed-42,shuffled,0.04,42,False,2,zero,0.20000000298023224,0.0,False,0.13848312199115753,False
sens-shuffled_coef-0.04_seed-42,shuffled,0.04,42,False,2,layer0_value,0.20000000298023224,0.0,False,0.13848312199115753,False
sens-shuffled_coef-0.04_seed-42,shuffled,0.04,42,False,2,layer1_value,0.20000000298023224,0.09999999999999432,False,0.054146528244018555,False
sens-shuffled_coef-0.04_seed-42,shuffled,0.04,42,False,2,layer3_value,0.20000000298023224,0.5999999999999943,False,0.07768571376800537,False
sens-shuffled_coef-0.04_seed-42,shuffled,0.04,42,False,3,zero,0.6000000238418579,0.0,False,0.0014604604803025723,False
sens-shuffled_coef-0.04_seed-42,shuffled,0.04,42,False,3,layer0_value,0.6000000238418579,0.0,False,0.0014604604803025723,False
sens-shuffled_coef-0.04_seed-42,shuffled,0.04,42,False,3,layer1_value,0.6000000238418579,0.09999999999999432,False,0.001076156971976161,False
sens-shuffled_coef-0.04_seed-42,shuffled,0.04,42,False,3,layer2_value,0.6000000238418579,0.19999999999998863,False,0.0007673900108784437,False
sens-zeroed_coef-0.04_seed-1,zeroed,0.04,1,True,0,zero,0.0,0.0,True,2.2351741790771484e-08,False
sens-zeroed_coef-0.04_seed-1,zeroed,0.04,1,True,0,layer1_value,0.0,0.0,True,2.2351741790771484e-08,False
sens-zeroed_coef-0.04_seed-1,zeroed,0.04,1,True,0,layer2_value,0.0,0.0,True,2.2351741790771484e-08,False
sens-zeroed_coef-0.04_seed-1,zeroed,0.04,1,True,0,layer3_value,0.0,0.0,True,2.2351741790771484e-08,False
sens-zeroed_coef-0.04_seed-1,zeroed,0.04,1,True,1,zero,0.0,0.0,True,7.450580596923828e-09,False
sens-zeroed_coef-0.04_seed-1,zeroed,0.04,1,True,1,layer0_value,0.0,0.0,True,7.450580596923828e-09,False
sens-zeroed_coef-0.04_seed-1,zeroed,0.04,1,True,1,layer2_value,0.0,0.0,True,7.450580596923828e-09,False
sens-zeroed_coef-0.04_seed-1,zeroed,0.04,1,True,1,layer3_value,0.0,0.0,True,7.450580596923828e-09,False
sens-zeroed_coef-0.04_seed-1,zeroed,0.04,1,True,2,zero,0.0,0.0,True,8.381903171539307e-09,False
sens-zeroed_coef-0.04_seed-1,zeroed,0.04,1,True,2,layer0_value,0.0,0.0,True,8.381903171539307e-09,False
sens-zeroed_coef-0.04_seed-1,zeroed,0.04,1,True,2,layer1_value,0.0,0.0,True,8.381903171539307e-09,False
sens-zeroed_coef-0.04_seed-1,zeroed,0.04,1,True,2,layer3_value,0.0,0.0,True,8.381903171539307e-09,False
sens-zeroed_coef-0.04_seed-1,zeroed,0.04,1,True,3,zero,0.0,0.0,True,1.862645149230957e-09,False
sens-zeroed_coef-0.04_seed-1,zeroed,0.04,1,True,3,layer0_value,0.0,0.0,True,1.862645149230957e-09,False
sens-zeroed_coef-0.04_seed-1,zeroed,0.04,1,True,3,layer1_value,0.0,0.0,True,1.862645149230957e-09,False
sens-zeroed_coef-0.04_seed-1,zeroed,0.04,1,True,3,layer2_value,0.0,0.0,True,1.862645149230957e-09,False
sens-zeroed_coef-0.04_seed-2,zeroed,0.04,2,True,0,zero,0.0,0.0,True,0.0,False
sens-zeroed_coef-0.04_seed-2,zeroed,0.04,2,True,0,layer1_value,0.0,0.0,True,0.0,False
sens-zeroed_coef-0.04_seed-2,zeroed,0.04,2,True,0,layer2_value,0.0,0.0,True,0.0,False
sens-zeroed_coef-0.04_seed-2,zeroed,0.04,2,True,0,layer3_value,0.0,0.0,True,0.0,False
sens-zeroed_coef-0.04_seed-2,zeroed,0.04,2,True,1,zero,0.0,0.0,True,7.450580596923828e-09,False
sens-zeroed_coef-0.04_seed-2,zeroed,0.04,2,True,1,layer0_value,0.0,0.0,True,7.450580596923828e-09,False
sens-zeroed_coef-0.04_seed-2,zeroed,0.04,2,True,1,layer2_value,0.0,0.0,True,7.450580596923828e-09,False
sens-zeroed_coef-0.04_seed-2,zeroed,0.04,2,True,1,layer3_value,0.0,0.0,True,7.450580596923828e-09,False
sens-zeroed_coef-0.04_seed-2,zeroed,0.04,2,True,2,zero,0.0,0.0,True,0.0,False
sens-zeroed_coef-0.04_seed-2,zeroed,0.04,2,True,2,layer0_value,0.0,0.0,True,0.0,False
sens-zeroed_coef-0.04_seed-2,zeroed,0.04,2,True,2,layer1_value,0.0,0.0,True,0.0,False
sens-zeroed_coef-0.04_seed-2,zeroed,0.04,2,True,2,layer3_value,0.0,0.0,True,0.0,False
sens-zeroed_coef-0.04_seed-2,zeroed,0.04,2,True,3,zero,0.0,0.0,True,6.984919309616089e-09,False
sens-zeroed_coef-0.04_seed-2,zeroed,0.04,2,True,3,layer0_value,0.0,0.0,True,6.984919309616089e-09,False
sens-zeroed_coef-0.04_seed-2,zeroed,0.04,2,True,3,layer1_value,0.0,0.0,True,6.984919309616089e-09,False
sens-zeroed_coef-0.04_seed-2,zeroed,0.04,2,True,3,layer2_value,0.0,0.0,True,6.984919309616089e-09,False
sens-zeroed_coef-0.04_seed-3,zeroed,0.04,3,True,0,zero,0.0,0.0,True,1.0244548320770264e-08,False
sens-zeroed_coef-0.04_seed-3,zeroed,0.04,3,True,0,layer1_value,0.0,0.0,True,1.0244548320770264e-08,False
sens-zeroed_coef-0.04_seed-3,zeroed,0.04,3,True,0,layer2_value,0.0,0.0,True,1.0244548320770264e-08,False
sens-zeroed_coef-0.04_seed-3,zeroed,0.04,3,True,0,layer3_value,0.0,0.0,True,1.0244548320770264e-08,False
sens-zeroed_coef-0.04_seed-3,zeroed,0.04,3,True,1,zero,0.0,0.0,True,2.9802322387695312e-08,False
sens-zeroed_coef-0.04_seed-3,zeroed,0.04,3,True,1,layer0_value,0.0,0.0,True,2.9802322387695312e-08,False
sens-zeroed_coef-0.04_seed-3,zeroed,0.04,3,True,1,layer2_value,0.0,0.0,True,2.9802322387695312e-08,False
sens-zeroed_coef-0.04_seed-3,zeroed,0.04,3,True,1,layer3_value,0.0,0.0,True,2.9802322387695312e-08,False
sens-zeroed_coef-0.04_seed-3,zeroed,0.04,3,True,2,zero,0.0,0.0,True,2.7939677238464355e-09,False
sens-zeroed_coef-0.04_seed-3,zeroed,0.04,3,True,2,layer0_value,0.0,0.0,True,2.7939677238464355e-09,False
sens-zeroed_coef-0.04_seed-3,zeroed,0.04,3,True,2,layer1_value,0.0,0.0,True,2.7939677238464355e-09,False
sens-zeroed_coef-0.04_seed-3,zeroed,0.04,3,True,2,layer3_value,0.0,0.0,True,2.7939677238464355e-09,False
sens-zeroed_coef-0.04_seed-3,zeroed,0.04,3,True,3,zero,0.0,0.0,True,1.1641532182693481e-10,False
sens-zeroed_coef-0.04_seed-3,zeroed,0.04,3,True,3,layer0_value,0.0,0.0,True,1.1641532182693481e-10,False
sens-zeroed_coef-0.04_seed-3,zeroed,0.04,3,True,3,layer1_value,0.0,0.0,True,1.1641532182693481e-10,False
sens-zeroed_coef-0.04_seed-3,zeroed,0.04,3,True,3,layer2_value,0.0,0.0,True,1.1641532182693481e-10,False
sens-zeroed_coef-0.04_seed-42,zeroed,0.04,42,True,0,zero,0.0,0.0,True,7.310882210731506e-08,False
sens-zeroed_coef-0.04_seed-42,zeroed,0.04,42,True,0,layer1_value,0.0,0.0,True,7.310882210731506e-08,False
sens-zeroed_coef-0.04_seed-42,zeroed,0.04,42,True,0,layer2_value,0.0,0.0,True,7.310882210731506e-08,False
sens-zeroed_coef-0.04_seed-42,zeroed,0.04,42,True,0,layer3_value,0.0,0.0,True,7.310882210731506e-08,False
sens-zeroed_coef-0.04_seed-42,zeroed,0.04,42,True,1,zero,0.0,0.0,True,7.450580596923828e-09,False
sens-zeroed_coef-0.04_seed-42,zeroed,0.04,42,True,1,layer0_value,0.0,0.0,True,7.450580596923828e-09,False
sens-zeroed_coef-0.04_seed-42,zeroed,0.04,42,True,1,layer2_value,0.0,0.0,True,7.450580596923828e-09,False
sens-zeroed_coef-0.04_seed-42,zeroed,0.04,42,True,1,layer3_value,0.0,0.0,True,7.450580596923828e-09,False
sens-zeroed_coef-0.04_seed-42,zeroed,0.04,42,True,2,zero,0.0,0.0,True,2.3748725652694702e-08,False
sens-zeroed_coef-0.04_seed-42,zeroed,0.04,42,True,2,layer0_value,0.0,0.0,True,2.3748725652694702e-08,False
sens-zeroed_coef-0.04_seed-42,zeroed,0.04,42,True,2,layer1_value,0.0,0.0,True,2.3748725652694702e-08,False
sens-zeroed_coef-0.04_seed-42,zeroed,0.04,42,True,2,layer3_value,0.0,0.0,True,2.3748725652694702e-08,False
sens-zeroed_coef-0.04_seed-42,zeroed,0.04,42,True,3,zero,0.0,0.0,True,0.0,False
sens-zeroed_coef-0.04_seed-42,zeroed,0.04,42,True,3,layer0_value,0.0,0.0,True,0.0,False
sens-zeroed_coef-0.04_seed-42,zeroed,0.04,42,True,3,layer1_value,0.0,0.0,True,0.0,False
sens-zeroed_coef-0.04_seed-42,zeroed,0.04,42,True,3,layer2_value,0.0,0.0,True,0.0,False
