condition,definition,beta,seed,reached_target,episodes_to_target,timestep_to_target,auc_val_accuracy,auc_reward_rank,auc_utility,run_id
P0,none,0.0,1,True,5.0,20.0,72.33687499999999,342.8203125,1.8230200495605497,softprior_P0_def-none_beta-0.00_seed-1
P0,none,0.0,10,True,14.0,56.0,72.45703125,317.068359375,1.842533550331377,softprior_P0_def-none_beta-0.00_seed-10
P0,none,0.0,11,True,36.0,144.0,72.767109375,436.021484375,1.763710510129178,softprior_P0_def-none_beta-0.00_seed-11
P0,none,0.0,12,True,29.0,116.0,72.5805078125,397.568359375,1.7861994185388266,softprior_P0_def-none_beta-0.00_seed-12
P0,none,0.0,13,True,105.0,420.0,72.1050390625,409.158203125,1.7760504571006888,softprior_P0_def-none_beta-0.00_seed-13
P0,none,0.0,14,True,28.0,112.0,72.48921874999999,326.142578125,1.8385119648389372,softprior_P0_def-none_beta-0.00_seed-14
P0,none,0.0,15,True,38.0,152.0,72.50660156250001,298.705078125,1.8621032343895711,softprior_P0_def-none_beta-0.00_seed-15
P0,none,0.0,16,True,87.0,348.0,72.79996093749999,514.37890625,1.7146203700787572,softprior_P0_def-none_beta-0.00_seed-16
P0,none,0.0,17,True,78.0,312.0,72.4277734375,299.591796875,1.862090327650076,softprior_P0_def-none_beta-0.00_seed-17
P0,none,0.0,18,True,16.0,64.0,72.6205078125,305.4921875,1.847849275379747,softprior_P0_def-none_beta-0.00_seed-18
P0,none,0.0,19,True,9.0,36.0,71.9540625,408.48046875,1.7839107697345788,softprior_P0_def-none_beta-0.00_seed-19
P0,none,0.0,2,True,127.0,508.0,72.2790234375,487.224609375,1.7263476345173685,softprior_P0_def-none_beta-0.00_seed-2
P0,none,0.0,3,True,185.0,740.0,73.23277343749999,409.177734375,1.7729405514730558,softprior_P0_def-none_beta-0.00_seed-3
P0,none,0.0,4,True,67.0,268.0,71.4773828125,393.544921875,1.7924528464618437,softprior_P0_def-none_beta-0.00_seed-4
P0,none,0.0,42,True,18.0,72.0,72.87546875000001,338.267578125,1.8281508619333253,softprior_P0_def-none_beta-0.00_seed-42
P0,none,0.0,5,True,66.0,264.0,72.65433593750001,396.025390625,1.793286781782735,softprior_P0_def-none_beta-0.00_seed-5
P0,none,0.0,6,True,151.0,604.0,71.59890625,397.8125,1.784088826553707,softprior_P0_def-none_beta-0.00_seed-6
P0,none,0.0,7,True,118.0,472.0,72.6714453125,335.025390625,1.8363897579734687,softprior_P0_def-none_beta-0.00_seed-7
P0,none,0.0,8,True,56.0,224.0,72.48703125,441.189453125,1.7596183002655204,softprior_P0_def-none_beta-0.00_seed-8
P0,none,0.0,9,True,42.0,168.0,72.2813671875,432.12890625,1.7560122881399016,softprior_P0_def-none_beta-0.00_seed-9
P1,accuracy,0.5,1,True,5.0,20.0,72.8031640625,340.69140625,1.826567466560878,softprior_P1_def-accuracy_beta-0.50_seed-1
P1,accuracy,0.5,10,True,14.0,56.0,72.9315625,326.34765625,1.8404965054710403,softprior_P1_def-accuracy_beta-0.50_seed-10
P1,accuracy,0.5,11,True,36.0,144.0,72.71855468749999,372.052734375,1.8083705154368725,softprior_P1_def-accuracy_beta-0.50_seed-11
P1,accuracy,0.5,12,True,29.0,116.0,72.89917968750001,371.26953125,1.8038908697851985,softprior_P1_def-accuracy_beta-0.50_seed-12
P1,accuracy,0.5,13,True,105.0,420.0,72.7516015625,452.015625,1.7387551120346603,softprior_P1_def-accuracy_beta-0.50_seed-13
P1,accuracy,0.5,14,True,28.0,112.0,72.8572265625,320.14453125,1.8434255100918988,softprior_P1_def-accuracy_beta-0.50_seed-14
P1,accuracy,0.5,15,True,38.0,152.0,72.8833203125,291.09375,1.867901546852041,softprior_P1_def-accuracy_beta-0.50_seed-15
P1,accuracy,0.5,16,True,136.0,544.0,73.3588671875,386.16015625,1.8020965462792546,softprior_P1_def-accuracy_beta-0.50_seed-16
P1,accuracy,0.5,17,True,78.0,312.0,73.1262109375,275.703125,1.878590274768495,softprior_P1_def-accuracy_beta-0.50_seed-17
P1,accuracy,0.5,18,True,16.0,64.0,72.8471875,287.951171875,1.867924854101207,softprior_P1_def-accuracy_beta-0.50_seed-18
P1,accuracy,0.5,19,True,9.0,36.0,72.2259765625,392.291015625,1.7958544670066985,softprior_P1_def-accuracy_beta-0.50_seed-19
P1,accuracy,0.5,2,True,69.0,276.0,72.8337109375,340.96484375,1.8371952720785547,softprior_P1_def-accuracy_beta-0.50_seed-2
P1,accuracy,0.5,3,True,159.0,636.0,73.40199218750001,353.654296875,1.823301755765884,softprior_P1_def-accuracy_beta-0.50_seed-3
P1,accuracy,0.5,4,True,67.0,268.0,72.2802734375,340.380859375,1.829639445952157,softprior_P1_def-accuracy_beta-0.50_seed-4
P1,accuracy,0.5,42,True,18.0,72.0,73.44996093750001,282.2109375,1.869389799312557,softprior_P1_def-accuracy_beta-0.50_seed-42
P1,accuracy,0.5,5,True,57.0,228.0,73.317265625,294.009765625,1.8619895623041716,softprior_P1_def-accuracy_beta-0.50_seed-5
P1,accuracy,0.5,6,True,151.0,604.0,71.9740234375,382.33984375,1.7941724715904304,softprior_P1_def-accuracy_beta-0.50_seed-6
P1,accuracy,0.5,7,True,1.0,4.0,72.86558593749999,346.48828125,1.829526263104602,softprior_P1_def-accuracy_beta-0.50_seed-7
P1,accuracy,0.5,8,True,63.0,252.0,72.6500390625,380.984375,1.8048755780512926,softprior_P1_def-accuracy_beta-0.50_seed-8
P1,accuracy,0.5,9,True,42.0,168.0,72.74742187499999,405.09375,1.7771924468395754,softprior_P1_def-accuracy_beta-0.50_seed-9
P1,loss,0.5,1,True,5.0,20.0,72.7100390625,338.390625,1.8290770837711914,softprior_P1_def-loss_beta-0.50_seed-1
P1,loss,0.5,10,True,14.0,56.0,73.0406640625,314.63671875,1.8491721366201963,softprior_P1_def-loss_beta-0.50_seed-10
P1,loss,0.5,11,True,36.0,144.0,72.7511328125,366.513671875,1.8123408555031726,softprior_P1_def-loss_beta-0.50_seed-11
P1,loss,0.5,12,True,29.0,116.0,72.9171875,372.25390625,1.8032796475589654,softprior_P1_def-loss_beta-0.50_seed-12
P1,loss,0.5,13,True,105.0,420.0,72.7477734375,451.830078125,1.7387333904155513,softprior_P1_def-loss_beta-0.50_seed-13
P1,loss,0.5,14,True,28.0,112.0,72.9168359375,312.12109375,1.848201593196408,softprior_P1_def-loss_beta-0.50_seed-14
P1,loss,0.5,15,True,38.0,152.0,72.861640625,290.6953125,1.8682164445100542,softprior_P1_def-loss_beta-0.50_seed-15
P1,loss,0.5,16,True,136.0,544.0,73.4744921875,383.2265625,1.8026435587752685,softprior_P1_def-loss_beta-0.50_seed-16
P1,loss,0.5,17,True,78.0,312.0,73.2325390625,279.615234375,1.8766903570833782,softprior_P1_def-loss_beta-0.50_seed-17
P1,loss,0.5,18,True,16.0,64.0,72.839453125,287.39453125,1.8688712636001439,softprior_P1_def-loss_beta-0.50_seed-18
P1,loss,0.5,19,True,9.0,36.0,72.5816796875,391.064453125,1.7968484109908425,softprior_P1_def-loss_beta-0.50_seed-19
P1,loss,0.5,2,True,69.0,276.0,72.836796875,340.970703125,1.8371447929549714,softprior_P1_def-loss_beta-0.50_seed-2
P1,loss,0.5,3,True,159.0,636.0,73.4428125,353.126953125,1.8232006164400776,softprior_P1_def-loss_beta-0.50_seed-3
P1,loss,0.5,4,True,67.0,268.0,72.2550390625,343.705078125,1.8280615847653725,softprior_P1_def-loss_beta-0.50_seed-4
P1,loss,0.5,42,True,18.0,72.0,73.4326953125,276.828125,1.8736509896471643,softprior_P1_def-loss_beta-0.50_seed-42
P1,loss,0.5,5,True,57.0,228.0,73.2870703125,292.828125,1.864027175833818,softprior_P1_def-loss_beta-0.50_seed-5
P1,loss,0.5,6,True,151.0,604.0,72.005546875,376.537109375,1.7999198016780866,softprior_P1_def-loss_beta-0.50_seed-6
P1,loss,0.5,7,True,1.0,4.0,72.84367187500001,342.046875,1.8342960747713248,softprior_P1_def-loss_beta-0.50_seed-7
P1,loss,0.5,8,True,63.0,252.0,72.64640625,381.146484375,1.8049212548769002,softprior_P1_def-loss_beta-0.50_seed-8
P1,loss,0.5,9,True,42.0,168.0,72.6094140625,398.7421875,1.7822654526966062,softprior_P1_def-loss_beta-0.50_seed-9
P1,loss,1.0,1,True,5.0,20.0,73.045078125,327.802734375,1.8387476700916645,softprior_P1_def-loss_beta-1.00_seed-1
P1,loss,1.0,10,True,14.0,56.0,73.4583984375,324.369140625,1.8457422759740365,softprior_P1_def-loss_beta-1.00_seed-10
P1,loss,1.0,11,True,36.0,144.0,73.0155078125,326.18359375,1.8412758276395358,softprior_P1_def-loss_beta-1.00_seed-11
P1,loss,1.0,12,True,24.0,96.0,73.39308593749999,345.87890625,1.826804267977613,softprior_P1_def-loss_beta-1.00_seed-12
P1,loss,1.0,13,True,105.0,420.0,73.513359375,365.908203125,1.8092616889220552,softprior_P1_def-loss_beta-1.00_seed-13
P1,loss,1.0,14,True,28.0,112.0,73.4233203125,295.98046875,1.8613874977337495,softprior_P1_def-loss_beta-1.00_seed-14
P1,loss,1.0,15,True,38.0,152.0,72.66343749999999,295.58203125,1.8668677445202266,softprior_P1_def-loss_beta-1.00_seed-15
P1,loss,1.0,16,True,136.0,544.0,73.76761718750001,347.12890625,1.8306250284370842,softprior_P1_def-loss_beta-1.00_seed-16
P1,loss,1.0,17,True,78.0,312.0,73.4142578125,267.466796875,1.8848565973133486,softprior_P1_def-loss_beta-1.00_seed-17
P1,loss,1.0,18,True,16.0,64.0,73.4493359375,255.466796875,1.890577959098303,softprior_P1_def-loss_beta-1.00_seed-18
P1,loss,1.0,19,True,9.0,36.0,72.8316015625,366.380859375,1.8156067283673711,softprior_P1_def-loss_beta-1.00_seed-19
P1,loss,1.0,2,True,69.0,276.0,73.6327734375,316.455078125,1.8591256192976648,softprior_P1_def-loss_beta-1.00_seed-2
P1,loss,1.0,3,True,185.0,740.0,73.70750000000001,385.69921875,1.788728593968413,softprior_P1_def-loss_beta-1.00_seed-3
P1,loss,1.0,4,True,59.0,236.0,73.4422265625,295.078125,1.8583593851184572,softprior_P1_def-loss_beta-1.00_seed-4
P1,loss,1.0,42,True,18.0,72.0,73.82949218750001,291.72265625,1.8666820293569928,softprior_P1_def-loss_beta-1.00_seed-42
P1,loss,1.0,5,True,57.0,228.0,73.0316796875,331.234375,1.8417873204232147,softprior_P1_def-loss_beta-1.00_seed-5
P1,loss,1.0,6,True,62.0,248.0,72.55179687500001,364.869140625,1.8079638376378864,softprior_P1_def-loss_beta-1.00_seed-6
P1,loss,1.0,7,True,1.0,4.0,73.42250000000001,279.544921875,1.8779301812367328,softprior_P1_def-loss_beta-1.00_seed-7
P1,loss,1.0,8,True,63.0,252.0,73.22023437499999,364.96484375,1.8124332391831026,softprior_P1_def-loss_beta-1.00_seed-8
P1,loss,1.0,9,True,42.0,168.0,74.0373046875,298.740234375,1.8570752708355402,softprior_P1_def-loss_beta-1.00_seed-9
P2,accuracy,0.5,1,True,5.0,20.0,72.45847656250001,334.078125,1.830171745554832,softprior_P2_def-accuracy_beta-0.50_seed-1
P2,accuracy,0.5,10,True,14.0,56.0,72.4426171875,360.318359375,1.8114668327498948,softprior_P2_def-accuracy_beta-0.50_seed-10
P2,accuracy,0.5,11,True,36.0,144.0,72.18949218750001,428.75,1.7670386311624884,softprior_P2_def-accuracy_beta-0.50_seed-11
P2,accuracy,0.5,12,True,33.0,132.0,72.4389453125,410.462890625,1.7755216886219514,softprior_P2_def-accuracy_beta-0.50_seed-12
P2,accuracy,0.5,13,False,,,72.7725390625,492.888671875,1.7146258671958594,softprior_P2_def-accuracy_beta-0.50_seed-13
P2,accuracy,0.5,14,True,28.0,112.0,72.50277343750001,329.26953125,1.8368460231250188,softprior_P2_def-accuracy_beta-0.50_seed-14
P2,accuracy,0.5,15,True,38.0,152.0,72.73296875,310.611328125,1.854542436945536,softprior_P2_def-accuracy_beta-0.50_seed-15
P2,accuracy,0.5,16,True,87.0,348.0,73.0328515625,493.326171875,1.725059262779606,softprior_P2_def-accuracy_beta-0.50_seed-16
P2,accuracy,0.5,17,True,78.0,312.0,72.38566406249998,347.076171875,1.829393759600287,softprior_P2_def-accuracy_beta-0.50_seed-17
P2,accuracy,0.5,18,True,16.0,64.0,71.93796875000001,331.58984375,1.8292209975607427,softprior_P2_def-accuracy_beta-0.50_seed-18
P2,accuracy,0.5,19,True,9.0,36.0,72.25773437500001,400.9609375,1.786197568020398,softprior_P2_def-accuracy_beta-0.50_seed-19
P2,accuracy,0.5,2,True,122.0,488.0,72.47078125,510.455078125,1.7105283401918372,softprior_P2_def-accuracy_beta-0.50_seed-2
P2,accuracy,0.5,3,True,185.0,740.0,72.9681640625,464.765625,1.7400006129688887,softprior_P2_def-accuracy_beta-0.50_seed-3
P2,accuracy,0.5,4,True,67.0,268.0,71.40324218749998,385.76171875,1.7964740421206886,softprior_P2_def-accuracy_beta-0.50_seed-4
P2,accuracy,0.5,42,True,18.0,72.0,73.28996093750001,455.837890625,1.741921437263569,softprior_P2_def-accuracy_beta-0.50_seed-42
P2,accuracy,0.5,5,True,66.0,264.0,73.21015625,465.630859375,1.7354454877811891,softprior_P2_def-accuracy_beta-0.50_seed-5
P2,accuracy,0.5,6,True,100.0,400.0,71.5710546875,428.80859375,1.7653967084789768,softprior_P2_def-accuracy_beta-0.50_seed-6
P2,accuracy,0.5,7,True,119.0,476.0,72.88277343749999,399.638671875,1.7973091940698527,softprior_P2_def-accuracy_beta-0.50_seed-7
P2,accuracy,0.5,8,True,63.0,252.0,72.04703125,441.482421875,1.7628691510453651,softprior_P2_def-accuracy_beta-0.50_seed-8
P2,accuracy,0.5,9,True,42.0,168.0,72.60578125,485.998046875,1.725709228494663,softprior_P2_def-accuracy_beta-0.50_seed-9
P2,loss,0.5,1,True,5.0,20.0,72.1257421875,335.1875,1.83059364113657,softprior_P2_def-loss_beta-0.50_seed-1
P2,loss,0.5,10,True,14.0,56.0,72.55863281250001,363.359375,1.8091737588126566,softprior_P2_def-loss_beta-0.50_seed-10
P2,loss,0.5,11,True,36.0,144.0,72.1794140625,433.955078125,1.7626620933710055,softprior_P2_def-loss_beta-0.50_seed-11
P2,loss,0.5,12,True,33.0,132.0,72.201015625,425.66015625,1.7670801756854877,softprior_P2_def-loss_beta-0.50_seed-12
P2,loss,0.5,13,False,,,72.770078125,492.240234375,1.714952396080184,softprior_P2_def-loss_beta-0.50_seed-13
P2,loss,0.5,14,True,28.0,112.0,72.4076171875,333.759765625,1.8329488442587243,softprior_P2_def-loss_beta-0.50_seed-14
P2,loss,0.5,15,True,38.0,152.0,72.73078125,310.689453125,1.854529037924927,softprior_P2_def-loss_beta-0.50_seed-15
P2,loss,0.5,16,True,87.0,348.0,73.0151171875,503.44140625,1.71988442265702,softprior_P2_def-loss_beta-0.50_seed-16
P2,loss,0.5,17,True,78.0,312.0,72.5347265625,345.380859375,1.8306118397900522,softprior_P2_def-loss_beta-0.50_seed-17
P2,loss,0.5,18,True,16.0,64.0,71.89964843749999,330.79296875,1.8302336644737536,softprior_P2_def-loss_beta-0.50_seed-18
P2,loss,0.5,19,True,9.0,36.0,71.82640624999999,405.630859375,1.7839921953588675,softprior_P2_def-loss_beta-0.50_seed-19
P2,loss,0.5,2,True,122.0,488.0,72.47078125,510.455078125,1.7105283401918372,softprior_P2_def-loss_beta-0.50_seed-2
P2,loss,0.5,3,True,322.0,1288.0,72.85734375,480.158203125,1.729813778327493,softprior_P2_def-loss_beta-0.50_seed-3
P2,loss,0.5,4,True,67.0,268.0,71.54011718749999,362.19921875,1.8109364272315172,softprior_P2_def-loss_beta-0.50_seed-4
P2,loss,0.5,42,True,18.0,72.0,73.23792968750001,458.92578125,1.7389042850739846,softprior_P2_def-loss_beta-0.50_seed-42
P2,loss,0.5,5,True,66.0,264.0,73.14296875,466.28125,1.7359576948009376,softprior_P2_def-loss_beta-0.50_seed-5
P2,loss,0.5,6,True,100.0,400.0,71.447109375,429.794921875,1.7654924842182829,softprior_P2_def-loss_beta-0.50_seed-6
P2,loss,0.5,7,True,119.0,476.0,72.7174609375,405.01953125,1.7924604665001942,softprior_P2_def-loss_beta-0.50_seed-7
P2,loss,0.5,8,True,56.0,224.0,72.13609375,423.59765625,1.7752447486028609,softprior_P2_def-loss_beta-0.50_seed-8
P2,loss,0.5,9,True,42.0,168.0,72.9628125,464.08984375,1.7365108717769193,softprior_P2_def-loss_beta-0.50_seed-9
P2,loss,1.0,1,True,5.0,20.0,72.1687890625,338.41015625,1.8268028760948056,softprior_P2_def-loss_beta-1.00_seed-1
P2,loss,1.0,10,True,67.0,268.0,71.739609375,415.201171875,1.771733310168913,softprior_P2_def-loss_beta-1.00_seed-10
P2,loss,1.0,11,True,36.0,144.0,72.3565625,445.685546875,1.7554271116575673,softprior_P2_def-loss_beta-1.00_seed-11
P2,loss,1.0,12,True,221.0,884.0,72.14457031250001,503.416015625,1.7117688965083548,softprior_P2_def-loss_beta-1.00_seed-12
P2,loss,1.0,13,False,,,72.5653125,515.83203125,1.7001267469147858,softprior_P2_def-loss_beta-1.00_seed-13
P2,loss,1.0,14,True,28.0,112.0,72.4859375,339.0625,1.8294919613881369,softprior_P2_def-loss_beta-1.00_seed-14
P2,loss,1.0,15,True,38.0,152.0,72.93921875000001,328.849609375,1.836300990782259,softprior_P2_def-loss_beta-1.00_seed-15
P2,loss,1.0,16,True,87.0,348.0,73.10066406249999,497.716796875,1.717339743532156,softprior_P2_def-loss_beta-1.00_seed-16
P2,loss,1.0,17,True,78.0,312.0,72.2868359375,307.833984375,1.8523593914388612,softprior_P2_def-loss_beta-1.00_seed-17
P2,loss,1.0,18,True,115.0,460.0,71.69652343749999,339.91796875,1.8248327319113837,softprior_P2_def-loss_beta-1.00_seed-18
P2,loss,1.0,19,True,9.0,36.0,71.9269921875,407.455078125,1.7827762588814104,softprior_P2_def-loss_beta-1.00_seed-19
P2,loss,1.0,2,True,336.0,1344.0,73.013359375,485.638671875,1.7250573154975801,softprior_P2_def-loss_beta-1.00_seed-2
P2,loss,1.0,3,False,,,72.77324218749999,497.515625,1.7209813916370416,softprior_P2_def-loss_beta-1.00_seed-3
P2,loss,1.0,4,True,67.0,268.0,71.5182421875,403.765625,1.7848746610591775,softprior_P2_def-loss_beta-1.00_seed-4
P2,loss,1.0,42,True,18.0,72.0,73.1226953125,473.572265625,1.7296631392356387,softprior_P2_def-loss_beta-1.00_seed-42
P2,loss,1.0,5,True,66.0,264.0,73.0911328125,465.845703125,1.7350659453194504,softprior_P2_def-loss_beta-1.00_seed-5
P2,loss,1.0,6,True,151.0,604.0,72.3999609375,518.845703125,1.70614601246428,softprior_P2_def-loss_beta-1.00_seed-6
P2,loss,1.0,7,True,119.0,476.0,72.55820312499999,537.73046875,1.7058905954905244,softprior_P2_def-loss_beta-1.00_seed-7
P2,loss,1.0,8,True,63.0,252.0,72.3378125,418.08203125,1.774765667056981,softprior_P2_def-loss_beta-1.00_seed-8
P2,loss,1.0,9,True,42.0,168.0,73.08335937499999,494.3671875,1.7175388411173818,softprior_P2_def-loss_beta-1.00_seed-9
P3,accuracy,0.5,1,True,5.0,20.0,72.545625,352.263671875,1.8187900002921729,softprior_P3_def-accuracy_beta-0.50_seed-1
P3,accuracy,0.5,10,True,14.0,56.0,72.474296875,341.025390625,1.828937078378145,softprior_P3_def-accuracy_beta-0.50_seed-10
P3,accuracy,0.5,11,True,36.0,144.0,72.949453125,439.005859375,1.758867770987867,softprior_P3_def-accuracy_beta-0.50_seed-11
P3,accuracy,0.5,12,True,29.0,116.0,72.55859375,400.763671875,1.7813760765484234,softprior_P3_def-accuracy_beta-0.50_seed-12
P3,accuracy,0.5,13,True,273.0,1092.0,72.40382812499999,477.888671875,1.7257687644581998,softprior_P3_def-accuracy_beta-0.50_seed-13
P3,accuracy,0.5,14,True,28.0,112.0,72.64867187499999,323.640625,1.8382062532726455,softprior_P3_def-accuracy_beta-0.50_seed-14
P3,accuracy,0.5,15,True,38.0,152.0,72.678984375,291.8984375,1.8667317209843428,softprior_P3_def-accuracy_beta-0.50_seed-15
P3,accuracy,0.5,16,True,136.0,544.0,73.19378906249999,470.859375,1.7405324840263363,softprior_P3_def-accuracy_beta-0.50_seed-16
P3,accuracy,0.5,17,True,78.0,312.0,72.5057421875,292.435546875,1.866181999216812,softprior_P3_def-accuracy_beta-0.50_seed-17
P3,accuracy,0.5,18,True,16.0,64.0,72.2898828125,327.24609375,1.833555357180315,softprior_P3_def-accuracy_beta-0.50_seed-18
P3,accuracy,0.5,19,True,9.0,36.0,71.8881640625,399.046875,1.7923389217459142,softprior_P3_def-accuracy_beta-0.50_seed-19
P3,accuracy,0.5,2,True,122.0,488.0,72.5712890625,479.681640625,1.7275732269351591,softprior_P3_def-accuracy_beta-0.50_seed-2
P3,accuracy,0.5,3,True,185.0,740.0,73.03,449.87890625,1.7467200849909046,softprior_P3_def-accuracy_beta-0.50_seed-3
P3,accuracy,0.5,4,True,67.0,268.0,71.67218749999999,410.423828125,1.7814929749352313,softprior_P3_def-accuracy_beta-0.50_seed-4
P3,accuracy,0.5,42,True,18.0,72.0,73.3999609375,296.75390625,1.8587123505175436,softprior_P3_def-accuracy_beta-0.50_seed-42
P3,accuracy,0.5,5,True,66.0,264.0,72.99085937500001,392.6015625,1.7958729743947868,softprior_P3_def-accuracy_beta-0.50_seed-5
P3,accuracy,0.5,6,True,151.0,604.0,71.5663671875,419.3046875,1.7726445156422077,softprior_P3_def-accuracy_beta-0.50_seed-6
P3,accuracy,0.5,7,True,66.0,264.0,72.94339843750001,332.259765625,1.8359675407309703,softprior_P3_def-accuracy_beta-0.50_seed-7
P3,accuracy,0.5,8,True,63.0,252.0,72.3840625,399.05859375,1.788255532199658,softprior_P3_def-accuracy_beta-0.50_seed-8
P3,accuracy,0.5,9,True,42.0,168.0,72.351875,408.234375,1.7740286772630651,softprior_P3_def-accuracy_beta-0.50_seed-9
P3,loss,0.5,1,True,5.0,20.0,72.546484375,353.005859375,1.8184465958498177,softprior_P3_def-loss_beta-0.50_seed-1
P3,loss,0.5,10,True,14.0,56.0,72.5082421875,340.669921875,1.8292289618716597,softprior_P3_def-loss_beta-0.50_seed-10
P3,loss,0.5,11,True,36.0,144.0,72.949453125,439.005859375,1.758867770987867,softprior_P3_def-loss_beta-0.50_seed-11
P3,loss,0.5,12,True,29.0,116.0,72.55859375,400.763671875,1.7813760765484234,softprior_P3_def-loss_beta-0.50_seed-12
P3,loss,0.5,13,True,105.0,420.0,72.261640625,475.892578125,1.722736838253962,softprior_P3_def-loss_beta-0.50_seed-13
P3,loss,0.5,14,True,28.0,112.0,72.62761718750001,324.98828125,1.8372747215545782,softprior_P3_def-loss_beta-0.50_seed-14
P3,loss,0.5,15,True,38.0,152.0,72.6866015625,293.271484375,1.8655750786698262,softprior_P3_def-loss_beta-0.50_seed-15
P3,loss,0.5,16,True,136.0,544.0,73.19378906249999,470.859375,1.7405324840263363,softprior_P3_def-loss_beta-0.50_seed-16
P3,loss,0.5,17,True,78.0,312.0,72.957265625,293.44921875,1.8654041582715553,softprior_P3_def-loss_beta-0.50_seed-17
P3,loss,0.5,18,True,16.0,64.0,72.2440234375,314.31640625,1.844658409792145,softprior_P3_def-loss_beta-0.50_seed-18
P3,loss,0.5,19,True,9.0,36.0,71.888671875,399.69921875,1.7917544563797678,softprior_P3_def-loss_beta-0.50_seed-19
P3,loss,0.5,2,True,122.0,488.0,72.5435546875,470.021484375,1.7323751116014934,softprior_P3_def-loss_beta-0.50_seed-2
P3,loss,0.5,3,True,185.0,740.0,72.79171875,451.34765625,1.7461416067392996,softprior_P3_def-loss_beta-0.50_seed-3
P3,loss,0.5,4,True,67.0,268.0,71.90906249999999,399.009765625,1.7914931837079213,softprior_P3_def-loss_beta-0.50_seed-4
P3,loss,0.5,42,True,18.0,72.0,73.348515625,296.14453125,1.8600730131599659,softprior_P3_def-loss_beta-0.50_seed-42
P3,loss,0.5,5,True,263.0,1052.0,72.98976562499999,473.83984375,1.7281349686884044,softprior_P3_def-loss_beta-0.50_seed-5
P3,loss,0.5,6,True,151.0,604.0,71.789140625,410.98046875,1.7771158209671523,softprior_P3_def-loss_beta-0.50_seed-6
P3,loss,0.5,7,True,66.0,264.0,72.98511718750001,325.880859375,1.8428235607191077,softprior_P3_def-loss_beta-0.50_seed-7
P3,loss,0.5,8,True,63.0,252.0,72.3840625,399.05859375,1.788255532199658,softprior_P3_def-loss_beta-0.50_seed-8
P3,loss,0.5,9,True,42.0,168.0,72.4178515625,406.3125,1.7754277778252279,softprior_P3_def-loss_beta-0.50_seed-9
P3,loss,1.0,1,True,36.0,144.0,72.542265625,385.9921875,1.7999194122079893,softprior_P3_def-loss_beta-1.00_seed-1
P3,loss,1.0,10,True,14.0,56.0,72.553828125,351.857421875,1.8192560488183387,softprior_P3_def-loss_beta-1.00_seed-10
P3,loss,1.0,11,True,36.0,144.0,72.71433593750001,427.033203125,1.7696497348710019,softprior_P3_def-loss_beta-1.00_seed-11
P3,loss,1.0,12,True,29.0,116.0,72.40816406249999,416.400390625,1.7729879556812047,softprior_P3_def-loss_beta-1.00_seed-12
P3,loss,1.0,13,False,,,73.05113281249999,485.51953125,1.7239748284532745,softprior_P3_def-loss_beta-1.00_seed-13
P3,loss,1.0,14,True,28.0,112.0,72.8013671875,322.38671875,1.8395579149151249,softprior_P3_def-loss_beta-1.00_seed-14
P3,loss,1.0,15,True,38.0,152.0,72.7275390625,299.3359375,1.86141335281605,softprior_P3_def-loss_beta-1.00_seed-15
P3,loss,1.0,16,True,448.0,1792.0,73.5063671875,498.560546875,1.720302760832182,softprior_P3_def-loss_beta-1.00_seed-16
P3,loss,1.0,17,True,78.0,312.0,73.06625,301.5859375,1.8599257977272907,softprior_P3_def-loss_beta-1.00_seed-17
P3,loss,1.0,18,True,16.0,64.0,72.49402343749999,325.36328125,1.8361154412596303,softprior_P3_def-loss_beta-1.00_seed-18
P3,loss,1.0,19,True,9.0,36.0,72.23777343750001,430.30859375,1.7673652490905782,softprior_P3_def-loss_beta-1.00_seed-19
P3,loss,1.0,2,True,69.0,276.0,72.66496093750001,396.33203125,1.7925118784259655,softprior_P3_def-loss_beta-1.00_seed-2
P3,loss,1.0,3,True,185.0,740.0,73.1468359375,435.69921875,1.7542245469074613,softprior_P3_def-loss_beta-1.00_seed-3
P3,loss,1.0,4,True,67.0,268.0,71.6904296875,420.728515625,1.7750602637259394,softprior_P3_def-loss_beta-1.00_seed-4
P3,loss,1.0,42,True,18.0,72.0,73.45250000000001,299.888671875,1.8572689535990958,softprior_P3_def-loss_beta-1.00_seed-42
P3,loss,1.0,5,True,263.0,1052.0,73.465703125,478.984375,1.7323969098924237,softprior_P3_def-loss_beta-1.00_seed-5
P3,loss,1.0,6,True,100.0,400.0,71.667578125,411.857421875,1.7773621540375308,softprior_P3_def-loss_beta-1.00_seed-6
P3,loss,1.0,7,True,66.0,264.0,73.02328125,329.6796875,1.8392780528645738,softprior_P3_def-loss_beta-1.00_seed-7
P3,loss,1.0,8,True,63.0,252.0,72.5785546875,398.615234375,1.792269549459428,softprior_P3_def-loss_beta-1.00_seed-8
P3,loss,1.0,9,True,42.0,168.0,72.6152734375,412.732421875,1.773642520002162,softprior_P3_def-loss_beta-1.00_seed-9
P4,loss,0.0,1,True,5.0,20.0,72.768828125,338.94140625,1.8292353987299967,softprior_P4_def-loss_beta-0.00_seed-1
P4,loss,0.0,10,True,14.0,56.0,73.30558593750001,259.306640625,1.8888436849883072,softprior_P4_def-loss_beta-0.00_seed-10
P4,loss,0.0,11,True,36.0,144.0,72.9626171875,400.859375,1.7929045533263386,softprior_P4_def-loss_beta-0.00_seed-11
P4,loss,0.0,12,True,29.0,116.0,72.868046875,341.96484375,1.8244677404074419,softprior_P4_def-loss_beta-0.00_seed-12
P4,loss,0.0,13,True,105.0,420.0,73.05000000000001,345.15234375,1.821997132596354,softprior_P4_def-loss_beta-0.00_seed-13
P4,loss,0.0,14,True,28.0,112.0,73.2662109375,299.474609375,1.8562833806857173,softprior_P4_def-loss_beta-0.00_seed-14
P4,loss,0.0,15,True,38.0,152.0,73.18335937500001,273.53515625,1.8809134854504865,softprior_P4_def-loss_beta-0.00_seed-15
P4,loss,0.0,16,True,87.0,348.0,73.71027343749999,419.03515625,1.7778992354437877,softprior_P4_def-loss_beta-0.00_seed-16
P4,loss,0.0,17,True,78.0,312.0,73.2873828125,272.82421875,1.8795784177649466,softprior_P4_def-loss_beta-0.00_seed-17
P4,loss,0.0,18,True,16.0,64.0,73.30859375,254.416015625,1.8880374770796045,softprior_P4_def-loss_beta-0.00_seed-18
P4,loss,0.0,19,True,9.0,36.0,72.3832421875,401.2421875,1.7889522369915123,softprior_P4_def-loss_beta-0.00_seed-19
P4,loss,0.0,2,True,122.0,488.0,72.6308984375,437.44140625,1.7615186385461985,softprior_P4_def-loss_beta-0.00_seed-2
P4,loss,0.0,3,True,185.0,740.0,73.53839843749999,368.44921875,1.8068849359617278,softprior_P4_def-loss_beta-0.00_seed-3
P4,loss,0.0,4,True,67.0,268.0,72.7755859375,323.880859375,1.8406947833962384,softprior_P4_def-loss_beta-0.00_seed-4
P4,loss,0.0,42,True,18.0,72.0,73.1814453125,303.935546875,1.8557560488912206,softprior_P4_def-loss_beta-0.00_seed-42
P4,loss,0.0,5,True,66.0,264.0,72.92503906249999,346.72265625,1.829944730228346,softprior_P4_def-loss_beta-0.00_seed-5
P4,loss,0.0,6,True,151.0,604.0,71.94648437499998,378.08984375,1.8009522045604844,softprior_P4_def-loss_beta-0.00_seed-6
P4,loss,0.0,7,True,118.0,472.0,73.819921875,292.41796875,1.8675254377351325,softprior_P4_def-loss_beta-0.00_seed-7
P4,loss,0.0,8,True,162.0,648.0,72.87757812500001,382.85546875,1.8024597165010243,softprior_P4_def-loss_beta-0.00_seed-8
P4,loss,0.0,9,True,42.0,168.0,73.1465625,342.18359375,1.826247236283715,softprior_P4_def-loss_beta-0.00_seed-9
P5,loss,0.5,1,True,5.0,20.0,73.3928515625,315.380859375,1.8481186543350496,softprior_P5_def-loss_beta-0.50_seed-1
P5,loss,0.5,10,True,14.0,56.0,73.5111328125,254.23828125,1.8938365083503845,softprior_P5_def-loss_beta-0.50_seed-10
P5,loss,0.5,11,True,36.0,144.0,73.263828125,343.755859375,1.8316934910207112,softprior_P5_def-loss_beta-0.50_seed-11
P5,loss,0.5,12,True,29.0,116.0,73.26777343750001,338.5703125,1.825279702841401,softprior_P5_def-loss_beta-0.50_seed-12
P5,loss,0.5,13,True,105.0,420.0,73.79859375,373.08984375,1.7966632560093412,softprior_P5_def-loss_beta-0.50_seed-13
P5,loss,0.5,14,True,28.0,112.0,73.6434375,275.619140625,1.8732820007371833,softprior_P5_def-loss_beta-0.50_seed-14
P5,loss,0.5,15,True,38.0,152.0,73.76296875,253.0,1.896166254282712,softprior_P5_def-loss_beta-0.50_seed-15
P5,loss,0.5,16,True,117.0,468.0,74.28,297.421875,1.8654400797574702,softprior_P5_def-loss_beta-0.50_seed-16
P5,loss,0.5,17,True,78.0,312.0,73.7244140625,242.572265625,1.9023317552488128,softprior_P5_def-loss_beta-0.50_seed-17
P5,loss,0.5,18,True,16.0,64.0,73.81796875,237.52734375,1.9044808260153179,softprior_P5_def-loss_beta-0.50_seed-18
P5,loss,0.5,19,True,9.0,36.0,73.02992187500001,354.974609375,1.8220259954938158,softprior_P5_def-loss_beta-0.50_seed-19
P5,loss,0.5,2,True,122.0,488.0,73.510078125,343.6953125,1.8270885303390259,softprior_P5_def-loss_beta-0.50_seed-2
P5,loss,0.5,3,True,159.0,636.0,73.9015234375,299.4140625,1.8610659149309048,softprior_P5_def-loss_beta-0.50_seed-3
P5,loss,0.5,4,True,67.0,268.0,73.030703125,297.4375,1.8601299973994818,softprior_P5_def-loss_beta-0.50_seed-4
P5,loss,0.5,42,True,18.0,72.0,73.7374609375,262.171875,1.8868745823106559,softprior_P5_def-loss_beta-0.50_seed-42
P5,loss,0.5,5,True,57.0,228.0,73.74859375,268.697265625,1.880082085861371,softprior_P5_def-loss_beta-0.50_seed-5
P5,loss,0.5,6,True,62.0,248.0,72.3453515625,342.8203125,1.827258725374628,softprior_P5_def-loss_beta-0.50_seed-6
P5,loss,0.5,7,True,1.0,4.0,73.8416015625,283.369140625,1.8752285165958604,softprior_P5_def-loss_beta-0.50_seed-7
P5,loss,0.5,8,True,63.0,252.0,73.36828125,338.111328125,1.8372700587955033,softprior_P5_def-loss_beta-0.50_seed-8
P5,loss,0.5,9,True,42.0,168.0,73.77359375,299.890625,1.8594650610275847,softprior_P5_def-loss_beta-0.50_seed-9
