table,condition,definition,beta,item,count,share
layer_action,P0,none,0.0,features.0=0%,14,0.7
layer_action,P0,none,0.0,features.0=10%,5,0.25
layer_action,P0,none,0.0,features.0=20%,1,0.05
layer_action,P0,none,0.0,features.0=30%,0,0.0
layer_action,P0,none,0.0,features.0=40%,0,0.0
layer_action,P0,none,0.0,features.0=60%,0,0.0
layer_action,P0,none,0.0,features.3=0%,15,0.75
layer_action,P0,none,0.0,features.3=10%,5,0.25
layer_action,P0,none,0.0,features.3=20%,0,0.0
layer_action,P0,none,0.0,features.3=30%,0,0.0
layer_action,P0,none,0.0,features.3=40%,0,0.0
layer_action,P0,none,0.0,features.3=60%,0,0.0
layer_action,P0,none,0.0,features.6=0%,0,0.0
layer_action,P0,none,0.0,features.6=10%,0,0.0
layer_action,P0,none,0.0,features.6=20%,0,0.0
layer_action,P0,none,0.0,features.6=30%,0,0.0
layer_action,P0,none,0.0,features.6=40%,1,0.05
layer_action,P0,none,0.0,features.6=60%,19,0.95
layer_action,P0,none,0.0,classifier.1=0%,0,0.0
layer_action,P0,none,0.0,classifier.1=10%,0,0.0
layer_action,P0,none,0.0,classifier.1=20%,0,0.0
layer_action,P0,none,0.0,classifier.1=30%,0,0.0
layer_action,P0,none,0.0,classifier.1=40%,1,0.05
layer_action,P0,none,0.0,classifier.1=60%,19,0.95
policy,P0,none,0.0,"[0, 0, 5, 5]",14,0.7
policy,P0,none,0.0,"[1, 1, 5, 5]",5,0.25
policy,P0,none,0.0,"[2, 0, 4, 4]",1,0.05
layer_action,P1,loss,0.5,features.0=0%,15,0.75
layer_action,P1,loss,0.5,features.0=10%,5,0.25
layer_action,P1,loss,0.5,features.0=20%,0,0.0
layer_action,P1,loss,0.5,features.0=30%,0,0.0
layer_action,P1,loss,0.5,features.0=40%,0,0.0
layer_action,P1,loss,0.5,features.0=60%,0,0.0
layer_action,P1,loss,0.5,features.3=0%,12,0.6
layer_action,P1,loss,0.5,features.3=10%,7,0.35
layer_action,P1,loss,0.5,features.3=20%,1,0.05
layer_action,P1,loss,0.5,features.3=30%,0,0.0
layer_action,P1,loss,0.5,features.3=40%,0,0.0
layer_action,P1,loss,0.5,features.3=60%,0,0.0
layer_action,P1,loss,0.5,features.6=0%,1,0.05
layer_action,P1,loss,0.5,features.6=10%,0,0.0
layer_action,P1,loss,0.5,features.6=20%,0,0.0
layer_action,P1,loss,0.5,features.6=30%,0,0.0
layer_action,P1,loss,0.5,features.6=40%,1,0.05
layer_action,P1,loss,0.5,features.6=60%,18,0.9
layer_action,P1,loss,0.5,classifier.1=0%,0,0.0
layer_action,P1,loss,0.5,classifier.1=10%,0,0.0
layer_action,P1,loss,0.5,classifier.1=20%,0,0.0
layer_action,P1,loss,0.5,classifier.1=30%,0,0.0
layer_action,P1,loss,0.5,classifier.1=40%,1,0.05
layer_action,P1,loss,0.5,classifier.1=60%,19,0.95
policy,P1,loss,0.5,"[0, 0, 5, 5]",10,0.5
policy,P1,loss,0.5,"[1, 1, 5, 5]",5,0.25
policy,P1,loss,0.5,"[0, 1, 5, 5]",2,0.1
policy,P1,loss,0.5,"[0, 2, 5, 5]",1,0.05
policy,P1,loss,0.5,"[0, 0, 0, 5]",1,0.05
policy,P1,loss,0.5,"[0, 0, 4, 4]",1,0.05
layer_action,P2,loss,0.5,features.0=0%,15,0.75
layer_action,P2,loss,0.5,features.0=10%,4,0.2
layer_action,P2,loss,0.5,features.0=20%,1,0.05
layer_action,P2,loss,0.5,features.0=30%,0,0.0
layer_action,P2,loss,0.5,features.0=40%,0,0.0
layer_action,P2,loss,0.5,features.0=60%,0,0.0
layer_action,P2,loss,0.5,features.3=0%,14,0.7
layer_action,P2,loss,0.5,features.3=10%,5,0.25
layer_action,P2,loss,0.5,features.3=20%,1,0.05
layer_action,P2,loss,0.5,features.3=30%,0,0.0
layer_action,P2,loss,0.5,features.3=40%,0,0.0
layer_action,P2,loss,0.5,features.3=60%,0,0.0
layer_action,P2,loss,0.5,features.6=0%,0,0.0
layer_action,P2,loss,0.5,features.6=10%,1,0.05
layer_action,P2,loss,0.5,features.6=20%,0,0.0
layer_action,P2,loss,0.5,features.6=30%,2,0.1
layer_action,P2,loss,0.5,features.6=40%,5,0.25
layer_action,P2,loss,0.5,features.6=60%,12,0.6
layer_action,P2,loss,0.5,classifier.1=0%,0,0.0
layer_action,P2,loss,0.5,classifier.1=10%,0,0.0
layer_action,P2,loss,0.5,classifier.1=20%,0,0.0
layer_action,P2,loss,0.5,classifier.1=30%,0,0.0
layer_action,P2,loss,0.5,classifier.1=40%,7,0.35
layer_action,P2,loss,0.5,classifier.1=60%,13,0.65
policy,P2,loss,0.5,"[0, 0, 5, 5]",9,0.45
policy,P2,loss,0.5,"[0, 0, 4, 4]",4,0.2
policy,P2,loss,0.5,"[1, 1, 5, 5]",2,0.1
policy,P2,loss,0.5,"[1, 1, 1, 4]",1,0.05
policy,P2,loss,0.5,"[0, 1, 4, 4]",1,0.05
policy,P2,loss,0.5,"[0, 0, 3, 5]",1,0.05
policy,P2,loss,0.5,"[2, 2, 5, 5]",1,0.05
policy,P2,loss,0.5,"[1, 1, 3, 4]",1,0.05
layer_action,P3,loss,0.5,features.0=0%,15,0.75
layer_action,P3,loss,0.5,features.0=10%,4,0.2
layer_action,P3,loss,0.5,features.0=20%,1,0.05
layer_action,P3,loss,0.5,features.0=30%,0,0.0
layer_action,P3,loss,0.5,features.0=40%,0,0.0
layer_action,P3,loss,0.5,features.0=60%,0,0.0
layer_action,P3,loss,0.5,features.3=0%,13,0.65
layer_action,P3,loss,0.5,features.3=10%,5,0.25
layer_action,P3,loss,0.5,features.3=20%,2,0.1
layer_action,P3,loss,0.5,features.3=30%,0,0.0
layer_action,P3,loss,0.5,features.3=40%,0,0.0
layer_action,P3,loss,0.5,features.3=60%,0,0.0
layer_action,P3,loss,0.5,features.6=0%,1,0.05
layer_action,P3,loss,0.5,features.6=10%,0,0.0
layer_action,P3,loss,0.5,features.6=20%,1,0.05
layer_action,P3,loss,0.5,features.6=30%,0,0.0
layer_action,P3,loss,0.5,features.6=40%,3,0.15
layer_action,P3,loss,0.5,features.6=60%,15,0.75
layer_action,P3,loss,0.5,classifier.1=0%,0,0.0
layer_action,P3,loss,0.5,classifier.1=10%,0,0.0
layer_action,P3,loss,0.5,classifier.1=20%,0,0.0
layer_action,P3,loss,0.5,classifier.1=30%,0,0.0
layer_action,P3,loss,0.5,classifier.1=40%,3,0.15
layer_action,P3,loss,0.5,classifier.1=60%,17,0.85
policy,P3,loss,0.5,"[0, 0, 5, 5]",8,0.4
policy,P3,loss,0.5,"[1, 1, 5, 5]",2,0.1
policy,P3,loss,0.5,"[0, 0, 4, 4]",2,0.1
policy,P3,loss,0.5,"[0, 1, 5, 5]",2,0.1
policy,P3,loss,0.5,"[0, 0, 0, 5]",1,0.05
policy,P3,loss,0.5,"[1, 1, 4, 4]",1,0.05
policy,P3,loss,0.5,"[0, 0, 2, 5]",1,0.05
policy,P3,loss,0.5,"[0, 2, 5, 5]",1,0.05
policy,P3,loss,0.5,"[1, 0, 5, 5]",1,0.05
policy,P3,loss,0.5,"[2, 2, 5, 5]",1,0.05
layer_action,P4,loss,0.0,features.0=0%,16,0.8
layer_action,P4,loss,0.0,features.0=10%,4,0.2
layer_action,P4,loss,0.0,features.0=20%,0,0.0
layer_action,P4,loss,0.0,features.0=30%,0,0.0
layer_action,P4,loss,0.0,features.0=40%,0,0.0
layer_action,P4,loss,0.0,features.0=60%,0,0.0
layer_action,P4,loss,0.0,features.3=0%,13,0.65
layer_action,P4,loss,0.0,features.3=10%,5,0.25
layer_action,P4,loss,0.0,features.3=20%,0,0.0
layer_action,P4,loss,0.0,features.3=30%,1,0.05
layer_action,P4,loss,0.0,features.3=40%,0,0.0
layer_action,P4,loss,0.0,features.3=60%,1,0.05
layer_action,P4,loss,0.0,features.6=0%,0,0.0
layer_action,P4,loss,0.0,features.6=10%,0,0.0
layer_action,P4,loss,0.0,features.6=20%,0,0.0
layer_action,P4,loss,0.0,features.6=30%,0,0.0
layer_action,P4,loss,0.0,features.6=40%,1,0.05
layer_action,P4,loss,0.0,features.6=60%,19,0.95
layer_action,P4,loss,0.0,classifier.1=0%,0,0.0
layer_action,P4,loss,0.0,classifier.1=10%,0,0.0
layer_action,P4,loss,0.0,classifier.1=20%,0,0.0
layer_action,P4,loss,0.0,classifier.1=30%,0,0.0
layer_action,P4,loss,0.0,classifier.1=40%,0,0.0
layer_action,P4,loss,0.0,classifier.1=60%,20,1.0
policy,P4,loss,0.0,"[0, 0, 5, 5]",11,0.55
policy,P4,loss,0.0,"[0, 1, 5, 5]",3,0.15
policy,P4,loss,0.0,"[1, 1, 5, 5]",2,0.1
policy,P4,loss,0.0,"[1, 0, 5, 5]",1,0.05
policy,P4,loss,0.0,"[0, 0, 4, 5]",1,0.05
policy,P4,loss,0.0,"[1, 5, 5, 5]",1,0.05
policy,P4,loss,0.0,"[0, 3, 5, 5]",1,0.05
layer_action,P5,loss,0.5,features.0=0%,18,0.9
layer_action,P5,loss,0.5,features.0=10%,2,0.1
layer_action,P5,loss,0.5,features.0=20%,0,0.0
layer_action,P5,loss,0.5,features.0=30%,0,0.0
layer_action,P5,loss,0.5,features.0=40%,0,0.0
layer_action,P5,loss,0.5,features.0=60%,0,0.0
layer_action,P5,loss,0.5,features.3=0%,14,0.7
layer_action,P5,loss,0.5,features.3=10%,4,0.2
layer_action,P5,loss,0.5,features.3=20%,0,0.0
layer_action,P5,loss,0.5,features.3=30%,1,0.05
layer_action,P5,loss,0.5,features.3=40%,1,0.05
layer_action,P5,loss,0.5,features.3=60%,0,0.0
layer_action,P5,loss,0.5,features.6=0%,1,0.05
layer_action,P5,loss,0.5,features.6=10%,0,0.0
layer_action,P5,loss,0.5,features.6=20%,0,0.0
layer_action,P5,loss,0.5,features.6=30%,0,0.0
layer_action,P5,loss,0.5,features.6=40%,1,0.05
layer_action,P5,loss,0.5,features.6=60%,18,0.9
layer_action,P5,loss,0.5,classifier.1=0%,0,0.0
layer_action,P5,loss,0.5,classifier.1=10%,0,0.0
layer_action,P5,loss,0.5,classifier.1=20%,0,0.0
layer_action,P5,loss,0.5,classifier.1=30%,0,0.0
layer_action,P5,loss,0.5,classifier.1=40%,0,0.0
layer_action,P5,loss,0.5,classifier.1=60%,20,1.0
policy,P5,loss,0.5,"[0, 0, 5, 5]",11,0.55
policy,P5,loss,0.5,"[0, 1, 5, 5]",3,0.15
policy,P5,loss,0.5,"[0, 0, 0, 5]",1,0.05
policy,P5,loss,0.5,"[1, 0, 5, 5]",1,0.05
policy,P5,loss,0.5,"[1, 1, 5, 5]",1,0.05
policy,P5,loss,0.5,"[0, 0, 4, 5]",1,0.05
policy,P5,loss,0.5,"[0, 3, 5, 5]",1,0.05
policy,P5,loss,0.5,"[0, 4, 5, 5]",1,0.05
layer_action,P1,loss,1.0,features.0=0%,20,1.0
layer_action,P1,loss,1.0,features.0=10%,0,0.0
layer_action,P1,loss,1.0,features.0=20%,0,0.0
layer_action,P1,loss,1.0,features.0=30%,0,0.0
layer_action,P1,loss,1.0,features.0=40%,0,0.0
layer_action,P1,loss,1.0,features.0=60%,0,0.0
layer_action,P1,loss,1.0,features.3=0%,17,0.85
layer_action,P1,loss,1.0,features.3=10%,3,0.15
layer_action,P1,loss,1.0,features.3=20%,0,0.0
layer_action,P1,loss,1.0,features.3=30%,0,0.0
layer_action,P1,loss,1.0,features.3=40%,0,0.0
layer_action,P1,loss,1.0,features.3=60%,0,0.0
layer_action,P1,loss,1.0,features.6=0%,1,0.05
layer_action,P1,loss,1.0,features.6=10%,0,0.0
layer_action,P1,loss,1.0,features.6=20%,0,0.0
layer_action,P1,loss,1.0,features.6=30%,1,0.05
layer_action,P1,loss,1.0,features.6=40%,0,0.0
layer_action,P1,loss,1.0,features.6=60%,18,0.9
layer_action,P1,loss,1.0,classifier.1=0%,0,0.0
layer_action,P1,loss,1.0,classifier.1=10%,0,0.0
layer_action,P1,loss,1.0,classifier.1=20%,0,0.0
layer_action,P1,loss,1.0,classifier.1=30%,0,0.0
layer_action,P1,loss,1.0,classifier.1=40%,0,0.0
layer_action,P1,loss,1.0,classifier.1=60%,20,1.0
policy,P1,loss,1.0,"[0, 0, 5, 5]",15,0.75
policy,P1,loss,1.0,"[0, 1, 5, 5]",3,0.15
policy,P1,loss,1.0,"[0, 0, 0, 5]",1,0.05
policy,P1,loss,1.0,"[0, 0, 3, 5]",1,0.05
layer_action,P2,loss,1.0,features.0=0%,13,0.65
layer_action,P2,loss,1.0,features.0=10%,5,0.25
layer_action,P2,loss,1.0,features.0=20%,2,0.1
layer_action,P2,loss,1.0,features.0=30%,0,0.0
layer_action,P2,loss,1.0,features.0=40%,0,0.0
layer_action,P2,loss,1.0,features.0=60%,0,0.0
layer_action,P2,loss,1.0,features.3=0%,12,0.6
layer_action,P2,loss,1.0,features.3=10%,6,0.3
layer_action,P2,loss,1.0,features.3=20%,2,0.1
layer_action,P2,loss,1.0,features.3=30%,0,0.0
layer_action,P2,loss,1.0,features.3=40%,0,0.0
layer_action,P2,loss,1.0,features.3=60%,0,0.0
layer_action,P2,loss,1.0,features.6=0%,2,0.1
layer_action,P2,loss,1.0,features.6=10%,1,0.05
layer_action,P2,loss,1.0,features.6=20%,1,0.05
layer_action,P2,loss,1.0,features.6=30%,0,0.0
layer_action,P2,loss,1.0,features.6=40%,7,0.35
layer_action,P2,loss,1.0,features.6=60%,9,0.45
layer_action,P2,loss,1.0,classifier.1=0%,0,0.0
layer_action,P2,loss,1.0,classifier.1=10%,0,0.0
layer_action,P2,loss,1.0,classifier.1=20%,0,0.0
layer_action,P2,loss,1.0,classifier.1=30%,0,0.0
layer_action,P2,loss,1.0,classifier.1=40%,9,0.45
layer_action,P2,loss,1.0,classifier.1=60%,11,0.55
policy,P2,loss,1.0,"[0, 0, 5, 5]",6,0.3
policy,P2,loss,1.0,"[0, 0, 4, 4]",3,0.15
policy,P2,loss,1.0,"[1, 1, 4, 4]",3,0.15
policy,P2,loss,1.0,"[1, 1, 5, 5]",2,0.1
policy,P2,loss,1.0,"[0, 0, 1, 4]",1,0.05
policy,P2,loss,1.0,"[2, 2, 2, 5]",1,0.05
policy,P2,loss,1.0,"[0, 1, 5, 5]",1,0.05
policy,P2,loss,1.0,"[0, 0, 0, 5]",1,0.05
policy,P2,loss,1.0,"[0, 0, 0, 4]",1,0.05
policy,P2,loss,1.0,"[2, 2, 4, 4]",1,0.05
layer_action,P3,loss,1.0,features.0=0%,15,0.75
layer_action,P3,loss,1.0,features.0=10%,5,0.25
layer_action,P3,loss,1.0,features.0=20%,0,0.0
layer_action,P3,loss,1.0,features.0=30%,0,0.0
layer_action,P3,loss,1.0,features.0=40%,0,0.0
layer_action,P3,loss,1.0,features.0=60%,0,0.0
layer_action,P3,loss,1.0,features.3=0%,13,0.65
layer_action,P3,loss,1.0,features.3=10%,6,0.3
layer_action,P3,loss,1.0,features.3=20%,1,0.05
layer_action,P3,loss,1.0,features.3=30%,0,0.0
layer_action,P3,loss,1.0,features.3=40%,0,0.0
layer_action,P3,loss,1.0,features.3=60%,0,0.0
layer_action,P3,loss,1.0,features.6=0%,2,0.1
layer_action,P3,loss,1.0,features.6=10%,0,0.0
layer_action,P3,loss,1.0,features.6=20%,0,0.0
layer_action,P3,loss,1.0,features.6=30%,0,0.0
layer_action,P3,loss,1.0,features.6=40%,3,0.15
layer_action,P3,loss,1.0,features.6=60%,15,0.75
layer_action,P3,loss,1.0,classifier.1=0%,0,0.0
layer_action,P3,loss,1.0,classifier.1=10%,0,0.0
layer_action,P3,loss,1.0,classifier.1=20%,0,0.0
layer_action,P3,loss,1.0,classifier.1=30%,0,0.0
layer_action,P3,loss,1.0,classifier.1=40%,4,0.2
layer_action,P3,loss,1.0,classifier.1=60%,16,0.8
policy,P3,loss,1.0,"[0, 0, 5, 5]",9,0.45
policy,P3,loss,1.0,"[1, 1, 5, 5]",4,0.2
policy,P3,loss,1.0,"[0, 1, 5, 5]",2,0.1
policy,P3,loss,1.0,"[0, 0, 4, 4]",2,0.1
policy,P3,loss,1.0,"[0, 0, 0, 5]",1,0.05
policy,P3,loss,1.0,"[0, 0, 0, 4]",1,0.05
policy,P3,loss,1.0,"[1, 2, 4, 4]",1,0.05
layer_action,P1,accuracy,0.5,features.0=0%,16,0.8
layer_action,P1,accuracy,0.5,features.0=10%,4,0.2
layer_action,P1,accuracy,0.5,features.0=20%,0,0.0
layer_action,P1,accuracy,0.5,features.0=30%,0,0.0
layer_action,P1,accuracy,0.5,features.0=40%,0,0.0
layer_action,P1,accuracy,0.5,features.0=60%,0,0.0
layer_action,P1,accuracy,0.5,features.3=0%,15,0.75
layer_action,P1,accuracy,0.5,features.3=10%,4,0.2
layer_action,P1,accuracy,0.5,features.3=20%,1,0.05
layer_action,P1,accuracy,0.5,features.3=30%,0,0.0
layer_action,P1,accuracy,0.5,features.3=40%,0,0.0
layer_action,P1,accuracy,0.5,features.3=60%,0,0.0
layer_action,P1,accuracy,0.5,features.6=0%,0,0.0
layer_action,P1,accuracy,0.5,features.6=10%,0,0.0
layer_action,P1,accuracy,0.5,features.6=20%,1,0.05
layer_action,P1,accuracy,0.5,features.6=30%,0,0.0
layer_action,P1,accuracy,0.5,features.6=40%,1,0.05
layer_action,P1,accuracy,0.5,features.6=60%,18,0.9
layer_action,P1,accuracy,0.5,classifier.1=0%,0,0.0
layer_action,P1,accuracy,0.5,classifier.1=10%,0,0.0
layer_action,P1,accuracy,0.5,classifier.1=20%,0,0.0
layer_action,P1,accuracy,0.5,classifier.1=30%,0,0.0
layer_action,P1,accuracy,0.5,classifier.1=40%,1,0.05
layer_action,P1,accuracy,0.5,classifier.1=60%,19,0.95
policy,P1,accuracy,0.5,"[0, 0, 5, 5]",13,0.65
policy,P1,accuracy,0.5,"[1, 1, 5, 5]",4,0.2
policy,P1,accuracy,0.5,"[0, 2, 5, 5]",1,0.05
policy,P1,accuracy,0.5,"[0, 0, 2, 5]",1,0.05
policy,P1,accuracy,0.5,"[0, 0, 4, 4]",1,0.05
layer_action,P2,accuracy,0.5,features.0=0%,15,0.75
layer_action,P2,accuracy,0.5,features.0=10%,3,0.15
layer_action,P2,accuracy,0.5,features.0=20%,2,0.1
layer_action,P2,accuracy,0.5,features.0=30%,0,0.0
layer_action,P2,accuracy,0.5,features.0=40%,0,0.0
layer_action,P2,accuracy,0.5,features.0=60%,0,0.0
layer_action,P2,accuracy,0.5,features.3=0%,16,0.8
layer_action,P2,accuracy,0.5,features.3=10%,3,0.15
layer_action,P2,accuracy,0.5,features.3=20%,1,0.05
layer_action,P2,accuracy,0.5,features.3=30%,0,0.0
layer_action,P2,accuracy,0.5,features.3=40%,0,0.0
layer_action,P2,accuracy,0.5,features.3=60%,0,0.0
layer_action,P2,accuracy,0.5,features.6=0%,0,0.0
layer_action,P2,accuracy,0.5,features.6=10%,0,0.0
layer_action,P2,accuracy,0.5,features.6=20%,0,0.0
layer_action,P2,accuracy,0.5,features.6=30%,1,0.05
layer_action,P2,accuracy,0.5,features.6=40%,6,0.3
layer_action,P2,accuracy,0.5,features.6=60%,13,0.65
layer_action,P2,accuracy,0.5,classifier.1=0%,0,0.0
layer_action,P2,accuracy,0.5,classifier.1=10%,0,0.0
layer_action,P2,accuracy,0.5,classifier.1=20%,0,0.0
layer_action,P2,accuracy,0.5,classifier.1=30%,0,0.0
layer_action,P2,accuracy,0.5,classifier.1=40%,6,0.3
layer_action,P2,accuracy,0.5,classifier.1=60%,14,0.7
policy,P2,accuracy,0.5,"[0, 0, 5, 5]",8,0.4
policy,P2,accuracy,0.5,"[0, 0, 4, 4]",4,0.2
policy,P2,accuracy,0.5,"[1, 1, 5, 5]",2,0.1
policy,P2,accuracy,0.5,"[0, 1, 4, 4]",1,0.05
policy,P2,accuracy,0.5,"[0, 0, 5, 4]",1,0.05
policy,P2,accuracy,0.5,"[2, 0, 5, 5]",1,0.05
policy,P2,accuracy,0.5,"[2, 2, 5, 5]",1,0.05
policy,P2,accuracy,0.5,"[0, 0, 3, 5]",1,0.05
policy,P2,accuracy,0.5,"[1, 0, 4, 5]",1,0.05
layer_action,P3,accuracy,0.5,features.0=0%,16,0.8
layer_action,P3,accuracy,0.5,features.0=10%,2,0.1
layer_action,P3,accuracy,0.5,features.0=20%,2,0.1
layer_action,P3,accuracy,0.5,features.0=30%,0,0.0
layer_action,P3,accuracy,0.5,features.0=40%,0,0.0
layer_action,P3,accuracy,0.5,features.0=60%,0,0.0
layer_action,P3,accuracy,0.5,features.3=0%,14,0.7
layer_action,P3,accuracy,0.5,features.3=10%,4,0.2
layer_action,P3,accuracy,0.5,features.3=20%,2,0.1
layer_action,P3,accuracy,0.5,features.3=30%,0,0.0
layer_action,P3,accuracy,0.5,features.3=40%,0,0.0
layer_action,P3,accuracy,0.5,features.3=60%,0,0.0
layer_action,P3,accuracy,0.5,features.6=0%,3,0.15
layer_action,P3,accuracy,0.5,features.6=10%,0,0.0
layer_action,P3,accuracy,0.5,features.6=20%,0,0.0
layer_action,P3,accuracy,0.5,features.6=30%,0,0.0
layer_action,P3,accuracy,0.5,features.6=40%,0,0.0
layer_action,P3,accuracy,0.5,features.6=60%,17,0.85
layer_action,P3,accuracy,0.5,classifier.1=0%,0,0.0
layer_action,P3,accuracy,0.5,classifier.1=10%,0,0.0
layer_action,P3,accuracy,0.5,classifier.1=20%,0,0.0
layer_action,P3,accuracy,0.5,classifier.1=30%,0,0.0
layer_action,P3,accuracy,0.5,classifier.1=40%,2,0.1
layer_action,P3,accuracy,0.5,classifier.1=60%,18,0.9
policy,P3,accuracy,0.5,"[0, 0, 5, 5]",9,0.45
policy,P3,accuracy,0.5,"[0, 1, 5, 5]",3,0.15
policy,P3,accuracy,0.5,"[0, 0, 0, 5]",2,0.1
policy,P3,accuracy,0.5,"[2, 2, 5, 5]",2,0.1
policy,P3,accuracy,0.5,"[0, 0, 0, 4]",1,0.05
policy,P3,accuracy,0.5,"[0, 0, 5, 4]",1,0.05
policy,P3,accuracy,0.5,"[1, 0, 5, 5]",1,0.05
policy,P3,accuracy,0.5,"[1, 1, 5, 5]",1,0.05
