definition,beta,seed,p1_actions,p1_sparsity,p1_test,gm_test,diff_vs_gm,mcnemar_vs_gm_p,uniform_test,diff_vs_uniform,mcnemar_vs_uniform_p,P0_actions,P0_sparsity,P0_test,sparsity_diff_vs_P0,test_diff_vs_P0,comparable_sparsity_P0,mcnemar_vs_P0_p,P2_actions,P2_sparsity,P2_test,sparsity_diff_vs_P2,test_diff_vs_P2,comparable_sparsity_P2,mcnemar_vs_P2_p,P3_actions,P3_sparsity,P3_test,sparsity_diff_vs_P3,test_diff_vs_P3,comparable_sparsity_P3,mcnemar_vs_P3_p
loss,0.5,42,"[0, 1, 5, 5]",58.181850446543805,76.56,76.32,0.2400000000000091,0.36477403017584,41.2,35.36,0.0,"[1, 1, 5, 5]",58.19572427856073,76.49,-0.013873832016926713,0.07000000000000739,True,0.6464833446153403,"[1, 1, 1, 4]",35.33261705642455,76.94,22.849233390119252,-0.37999999999999545,False,0.12567931763987647,"[1, 1, 5, 5]",58.19572427856073,76.49,-0.013873832016926713,0.07000000000000739,True,0.6464833446153403
loss,0.5,1,"[0, 1, 5, 5]",58.181850446543805,76.56,76.32,0.2400000000000091,0.36477403017584,41.2,35.36,0.0,"[0, 0, 5, 5]",57.884530999948375,76.65,0.29731944659543075,-0.09000000000000341,True,0.19959086691960642,"[0, 0, 5, 5]",57.884530999948375,76.65,0.29731944659543075,-0.09000000000000341,True,0.19959086691960642,"[0, 0, 5, 5]",57.884530999948375,76.65,0.29731944659543075,-0.09000000000000341,True,0.19959086691960642
loss,0.5,2,"[0, 0, 5, 5]",57.884530999948375,76.65,76.54,0.10999999999999943,0.686322940896473,40.69,35.96000000000001,0.0,"[0, 0, 5, 5]",57.884530999948375,76.65,0.0,0.0,True,1.0,"[0, 0, 4, 4]",38.58957978421351,76.9,19.294951215734862,-0.25,False,0.2816700079867644,"[0, 0, 4, 4]",38.58957978421351,76.9,19.294951215734862,-0.25,False,0.2816700079867644
loss,0.5,3,"[0, 0, 5, 5]",57.884530999948375,76.65,76.54,0.10999999999999943,0.686322940896473,40.69,35.96000000000001,0.0,"[0, 0, 5, 5]",57.884530999948375,76.65,0.0,0.0,True,1.0,"[0, 0, 4, 4]",38.58957978421351,76.9,19.294951215734862,-0.25,False,0.2816700079867644,"[0, 0, 5, 5]",57.884530999948375,76.65,0.0,0.0,True,1.0
loss,0.5,4,"[0, 0, 5, 5]",57.884530999948375,76.65,76.54,0.10999999999999943,0.686322940896473,40.69,35.96000000000001,0.0,"[0, 0, 5, 5]",57.884530999948375,76.65,0.0,0.0,True,1.0,"[0, 0, 5, 5]",57.884530999948375,76.65,0.0,0.0,True,1.0,"[0, 0, 0, 5]",50.74805766351763,76.88,7.136473336430747,-0.22999999999998977,False,0.3580735494272158
loss,0.5,5,"[0, 0, 5, 5]",57.884530999948375,76.65,76.54,0.10999999999999943,0.686322940896473,40.69,35.96000000000001,0.0,"[0, 0, 5, 5]",57.884530999948375,76.65,0.0,0.0,True,1.0,"[0, 1, 4, 4]",38.88689923080894,76.94,18.99763176913943,-0.28999999999999204,False,0.2090822981256083,"[1, 1, 4, 4]",38.90077306282588,76.77,18.983757937122498,-0.11999999999999034,False,0.6282525157950709
loss,0.5,6,"[0, 0, 5, 5]",57.884530999948375,76.65,76.54,0.10999999999999943,0.686322940896473,40.69,35.96000000000001,0.0,"[0, 0, 5, 5]",57.884530999948375,76.65,0.0,0.0,True,1.0,"[0, 0, 5, 5]",57.884530999948375,76.65,0.0,0.0,True,1.0,"[0, 0, 5, 5]",57.884530999948375,76.65,0.0,0.0,True,1.0
loss,0.5,7,"[0, 0, 5, 5]",57.884530999948375,76.65,76.54,0.10999999999999943,0.686322940896473,40.69,35.96000000000001,0.0,"[0, 0, 5, 5]",57.884530999948375,76.65,0.0,0.0,True,1.0,"[0, 0, 5, 5]",57.884530999948375,76.65,0.0,0.0,True,1.0,"[0, 0, 2, 5]",53.12693588353724,76.96,4.757595116411132,-0.30999999999998806,False,0.20525743257913678
loss,0.5,8,"[1, 1, 5, 5]",58.19572427856073,76.49,76.35,0.14000000000000057,0.5980774358295753,41.2,35.28999999999999,0.0,"[1, 1, 5, 5]",58.19572427856073,76.49,0.0,0.0,True,1.0,"[0, 0, 5, 5]",57.884530999948375,76.65,0.31119327861235746,-0.1600000000000108,True,0.2687598253244301,"[0, 1, 5, 5]",58.181850446543805,76.56,0.013873832016926713,-0.07000000000000739,True,0.6464833446153403
loss,0.5,9,"[0, 2, 5, 5]",58.47916989313923,76.6,76.37,0.22999999999998977,0.3773426174721949,40.79,35.809999999999995,0.0,"[0, 0, 5, 5]",57.884530999948375,76.65,0.5946388931908544,-0.05000000000001137,True,0.706882261491977,"[0, 0, 4, 4]",38.58957978421351,76.9,19.889590108925717,-0.30000000000001137,False,0.19816228115036724,"[0, 2, 5, 5]",58.47916989313923,76.6,0.0,0.0,True,1.0
loss,0.5,10,"[1, 1, 5, 5]",58.19572427856073,76.49,76.35,0.14000000000000057,0.5980774358295753,41.2,35.28999999999999,0.0,"[0, 0, 5, 5]",57.884530999948375,76.65,0.31119327861235746,-0.1600000000000108,True,0.2687598253244301,"[0, 0, 3, 5]",54.31621366991895,76.98,3.8795106086417803,-0.4900000000000091,False,0.03967554030356017,"[1, 0, 5, 5]",57.89840483196531,76.46,0.29731944659542364,0.030000000000001137,True,0.7552286575046239
loss,0.5,11,"[0, 0, 0, 5]",50.74805766351763,76.88,76.67,0.20999999999999375,0.14123755901021598,57.08,19.799999999999997,0.0,"[0, 0, 5, 5]",57.884530999948375,76.65,-7.136473336430747,0.22999999999998977,False,0.3580735494272158,"[2, 2, 5, 5]",58.507078880801195,75.35,-7.759021217283568,1.5300000000000011,False,2.1352181554743444e-07,"[0, 0, 5, 5]",57.884530999948375,76.65,-7.136473336430747,0.22999999999998977,False,0.3580735494272158
loss,0.5,12,"[1, 1, 5, 5]",58.19572427856073,76.49,76.35,0.14000000000000057,0.5980774358295753,41.2,35.28999999999999,0.0,"[1, 1, 5, 5]",58.19572427856073,76.49,0.0,0.0,True,1.0,"[1, 1, 5, 5]",58.19572427856073,76.49,0.0,0.0,True,1.0,"[1, 1, 5, 5]",58.19572427856073,76.49,0.0,0.0,True,1.0
loss,0.5,13,"[0, 0, 4, 4]",38.58957978421351,76.9,76.89,0.010000000000005116,1.0,67.61,9.290000000000006,1.0421384477113549e-109,"[1, 1, 5, 5]",58.19572427856073,76.49,-19.60614449434722,0.4100000000000108,False,0.07670855847297985,"[0, 0, 4, 4]",38.58957978421351,76.9,0.0,0.0,True,1.0,"[0, 0, 4, 4]",38.58957978421351,76.9,0.0,0.0,True,1.0
loss,0.5,14,"[0, 0, 5, 5]",57.884530999948375,76.65,76.54,0.10999999999999943,0.686322940896473,40.69,35.96000000000001,0.0,"[0, 0, 5, 5]",57.884530999948375,76.65,0.0,0.0,True,1.0,"[0, 0, 5, 5]",57.884530999948375,76.65,0.0,0.0,True,1.0,"[0, 0, 5, 5]",57.884530999948375,76.65,0.0,0.0,True,1.0
loss,0.5,15,"[0, 0, 5, 5]",57.884530999948375,76.65,76.54,0.10999999999999943,0.686322940896473,40.69,35.96000000000001,0.0,"[0, 0, 5, 5]",57.884530999948375,76.65,0.0,0.0,True,1.0,"[0, 0, 5, 5]",57.884530999948375,76.65,0.0,0.0,True,1.0,"[0, 0, 5, 5]",57.884530999948375,76.65,0.0,0.0,True,1.0
loss,0.5,16,"[1, 1, 5, 5]",58.19572427856073,76.49,76.35,0.14000000000000057,0.5980774358295753,41.2,35.28999999999999,0.0,"[2, 0, 4, 4]",38.617488771875486,75.88,19.578235506685246,0.6099999999999994,False,0.017726410204063278,"[1, 1, 3, 4]",37.71133395281606,76.94,20.48439032574467,-0.45000000000000284,False,0.05563977726484586,"[2, 2, 5, 5]",58.507078880801195,75.35,-0.3113546022404634,1.1400000000000006,True,7.594363281135455e-07
loss,0.5,17,"[0, 0, 5, 5]",57.884530999948375,76.65,76.54,0.10999999999999943,0.686322940896473,40.69,35.96000000000001,0.0,"[0, 0, 5, 5]",57.884530999948375,76.65,0.0,0.0,True,1.0,"[0, 0, 5, 5]",57.884530999948375,76.65,0.0,0.0,True,1.0,"[0, 0, 5, 5]",57.884530999948375,76.65,0.0,0.0,True,1.0
loss,0.5,18,"[0, 0, 5, 5]",57.884530999948375,76.65,76.54,0.10999999999999943,0.686322940896473,40.69,35.96000000000001,0.0,"[0, 0, 5, 5]",57.884530999948375,76.65,0.0,0.0,True,1.0,"[0, 0, 5, 5]",57.884530999948375,76.65,0.0,0.0,True,1.0,"[0, 0, 5, 5]",57.884530999948375,76.65,0.0,0.0,True,1.0
loss,0.5,19,"[1, 1, 5, 5]",58.19572427856073,76.49,76.35,0.14000000000000057,0.5980774358295753,41.2,35.28999999999999,0.0,"[1, 1, 5, 5]",58.19572427856073,76.49,0.0,0.0,True,1.0,"[1, 1, 5, 5]",58.19572427856073,76.49,0.0,0.0,True,1.0,"[0, 1, 5, 5]",58.181850446543805,76.56,0.013873832016926713,-0.07000000000000739,True,0.6464833446153403
loss,1.0,42,"[0, 1, 5, 5]",58.181850446543805,76.56,76.32,0.2400000000000091,0.36477403017584,41.2,35.36,0.0,"[1, 1, 5, 5]",58.19572427856073,76.49,-0.013873832016926713,0.07000000000000739,True,0.6464833446153403,"[0, 0, 1, 4]",35.021423777812196,77.11,23.16042666873161,-0.5499999999999972,False,0.02424098398049148,"[0, 1, 5, 5]",58.181850446543805,76.56,0.0,0.0,True,1.0
loss,1.0,1,"[0, 0, 5, 5]",57.884530999948375,76.65,76.54,0.10999999999999943,0.686322940896473,40.69,35.96000000000001,0.0,"[0, 0, 5, 5]",57.884530999948375,76.65,0.0,0.0,True,1.0,"[0, 0, 5, 5]",57.884530999948375,76.65,0.0,0.0,True,1.0,"[1, 1, 5, 5]",58.19572427856073,76.49,-0.31119327861235746,0.1600000000000108,True,0.2687598253244301
loss,1.0,2,"[0, 0, 5, 5]",57.884530999948375,76.65,76.54,0.10999999999999943,0.686322940896473,40.69,35.96000000000001,0.0,"[0, 0, 5, 5]",57.884530999948375,76.65,0.0,0.0,True,1.0,"[0, 0, 4, 4]",38.58957978421351,76.9,19.294951215734862,-0.25,False,0.2816700079867644,"[0, 0, 5, 5]",57.884530999948375,76.65,0.0,0.0,True,1.0
loss,1.0,3,"[0, 0, 5, 5]",57.884530999948375,76.65,76.54,0.10999999999999943,0.686322940896473,40.69,35.96000000000001,0.0,"[0, 0, 5, 5]",57.884530999948375,76.65,0.0,0.0,True,1.0,"[0, 0, 4, 4]",38.58957978421351,76.9,19.294951215734862,-0.25,False,0.2816700079867644,"[0, 0, 4, 4]",38.58957978421351,76.9,19.294951215734862,-0.25,False,0.2816700079867644
loss,1.0,4,"[0, 0, 5, 5]",57.884530999948375,76.65,76.54,0.10999999999999943,0.686322940896473,40.69,35.96000000000001,0.0,"[0, 0, 5, 5]",57.884530999948375,76.65,0.0,0.0,True,1.0,"[0, 0, 5, 5]",57.884530999948375,76.65,0.0,0.0,True,1.0,"[0, 0, 0, 5]",50.74805766351763,76.88,7.136473336430747,-0.22999999999998977,False,0.3580735494272158
loss,1.0,5,"[0, 0, 5, 5]",57.884530999948375,76.65,76.54,0.10999999999999943,0.686322940896473,40.69,35.96000000000001,0.0,"[0, 0, 5, 5]",57.884530999948375,76.65,0.0,0.0,True,1.0,"[1, 1, 4, 4]",38.90077306282588,76.77,18.983757937122498,-0.11999999999999034,False,0.6282525157950709,"[0, 0, 4, 4]",38.58957978421351,76.9,19.294951215734862,-0.25,False,0.2816700079867644
loss,1.0,6,"[0, 0, 5, 5]",57.884530999948375,76.65,76.54,0.10999999999999943,0.686322940896473,40.69,35.96000000000001,0.0,"[0, 0, 5, 5]",57.884530999948375,76.65,0.0,0.0,True,1.0,"[1, 1, 4, 4]",38.90077306282588,76.77,18.983757937122498,-0.11999999999999034,False,0.6282525157950709,"[0, 0, 5, 5]",57.884530999948375,76.65,0.0,0.0,True,1.0
loss,1.0,7,"[0, 0, 5, 5]",57.884530999948375,76.65,76.54,0.10999999999999943,0.686322940896473,40.69,35.96000000000001,0.0,"[0, 0, 5, 5]",57.884530999948375,76.65,0.0,0.0,True,1.0,"[2, 2, 2, 5]",53.74948376439007,75.62,4.135047235558304,1.0300000000000011,False,0.00021749581335641933,"[0, 0, 5, 5]",57.884530999948375,76.65,0.0,0.0,True,1.0
loss,1.0,8,"[0, 1, 5, 5]",58.181850446543805,76.56,76.32,0.2400000000000091,0.36477403017584,41.2,35.36,0.0,"[1, 1, 5, 5]",58.19572427856073,76.49,-0.013873832016926713,0.07000000000000739,True,0.6464833446153403,"[1, 1, 5, 5]",58.19572427856073,76.49,-0.013873832016926713,0.07000000000000739,True,0.6464833446153403,"[0, 1, 5, 5]",58.181850446543805,76.56,0.0,0.0,True,1.0
loss,1.0,9,"[0, 0, 5, 5]",57.884530999948375,76.65,76.54,0.10999999999999943,0.686322940896473,40.69,35.96000000000001,0.0,"[0, 0, 5, 5]",57.884530999948375,76.65,0.0,0.0,True,1.0,"[0, 0, 4, 4]",38.58957978421351,76.9,19.294951215734862,-0.25,False,0.2816700079867644,"[0, 0, 5, 5]",57.884530999948375,76.65,0.0,0.0,True,1.0
loss,1.0,10,"[0, 0, 5, 5]",57.884530999948375,76.65,76.54,0.10999999999999943,0.686322940896473,40.69,35.96000000000001,0.0,"[0, 0, 5, 5]",57.884530999948375,76.65,0.0,0.0,True,1.0,"[0, 1, 5, 5]",58.181850446543805,76.56,-0.29731944659543075,0.09000000000000341,True,0.19959086691960642,"[0, 0, 5, 5]",57.884530999948375,76.65,0.0,0.0,True,1.0
loss,1.0,11,"[0, 0, 5, 5]",57.884530999948375,76.65,76.54,0.10999999999999943,0.686322940896473,40.69,35.96000000000001,0.0,"[0, 0, 5, 5]",57.884530999948375,76.65,0.0,0.0,True,1.0,"[0, 0, 0, 5]",50.74805766351763,76.88,7.136473336430747,-0.22999999999998977,False,0.3580735494272158,"[0, 0, 5, 5]",57.884530999948375,76.65,0.0,0.0,True,1.0
loss,1.0,12,"[0, 0, 5, 5]",57.884530999948375,76.65,76.54,0.10999999999999943,0.686322940896473,40.69,35.96000000000001,0.0,"[1, 1, 5, 5]",58.19572427856073,76.49,-0.31119327861235746,0.1600000000000108,True,0.2687598253244301,"[1, 1, 4, 4]",38.90077306282588,76.77,18.983757937122498,-0.11999999999999034,False,0.6282525157950709,"[1, 1, 5, 5]",58.19572427856073,76.49,-0.31119327861235746,0.1600000000000108,True,0.2687598253244301
loss,1.0,13,"[0, 0, 0, 5]",50.74805766351763,76.88,76.67,0.20999999999999375,0.14123755901021598,57.08,19.799999999999997,0.0,"[1, 1, 5, 5]",58.19572427856073,76.49,-7.447666615043104,0.39000000000000057,False,0.11420634641687749,"[0, 0, 0, 4]",33.83198466780239,77.04,16.91607299571524,-0.1600000000000108,False,0.09703091129729376,"[0, 0, 0, 4]",33.83198466780239,77.04,16.91607299571524,-0.1600000000000108,False,0.09703091129729376
loss,1.0,14,"[0, 0, 5, 5]",57.884530999948375,76.65,76.54,0.10999999999999943,0.686322940896473,40.69,35.96000000000001,0.0,"[0, 0, 5, 5]",57.884530999948375,76.65,0.0,0.0,True,1.0,"[0, 0, 5, 5]",57.884530999948375,76.65,0.0,0.0,True,1.0,"[0, 0, 5, 5]",57.884530999948375,76.65,0.0,0.0,True,1.0
loss,1.0,15,"[0, 0, 3, 5]",54.31621366991895,76.98,76.6,0.38000000000000966,0.012036788138189357,47.51,29.470000000000006,0.0,"[0, 0, 5, 5]",57.884530999948375,76.65,-3.568317330029423,0.3299999999999983,False,0.16724943334988723,"[0, 0, 5, 5]",57.884530999948375,76.65,-3.568317330029423,0.3299999999999983,False,0.16724943334988723,"[0, 0, 5, 5]",57.884530999948375,76.65,-3.568317330029423,0.3299999999999983,False,0.16724943334988723
loss,1.0,16,"[0, 0, 5, 5]",57.884530999948375,76.65,76.54,0.10999999999999943,0.686322940896473,40.69,35.96000000000001,0.0,"[2, 0, 4, 4]",38.617488771875486,75.88,19.26704222807289,0.7700000000000102,False,0.0035568352118556883,"[2, 2, 4, 4]",39.21212766506633,75.64,18.67240333488204,1.0100000000000051,False,0.00015839301956167503,"[1, 2, 4, 4]",39.1980925094213,76.55,18.686438490527074,0.10000000000000853,False,0.694787892679425
loss,1.0,17,"[0, 0, 5, 5]",57.884530999948375,76.65,76.54,0.10999999999999943,0.686322940896473,40.69,35.96000000000001,0.0,"[0, 0, 5, 5]",57.884530999948375,76.65,0.0,0.0,True,1.0,"[0, 0, 5, 5]",57.884530999948375,76.65,0.0,0.0,True,1.0,"[0, 0, 5, 5]",57.884530999948375,76.65,0.0,0.0,True,1.0
loss,1.0,18,"[0, 0, 5, 5]",57.884530999948375,76.65,76.54,0.10999999999999943,0.686322940896473,40.69,35.96000000000001,0.0,"[0, 0, 5, 5]",57.884530999948375,76.65,0.0,0.0,True,1.0,"[0, 0, 5, 5]",57.884530999948375,76.65,0.0,0.0,True,1.0,"[1, 1, 5, 5]",58.19572427856073,76.49,-0.31119327861235746,0.1600000000000108,True,0.2687598253244301
loss,1.0,19,"[0, 1, 5, 5]",58.181850446543805,76.56,76.32,0.2400000000000091,0.36477403017584,41.2,35.36,0.0,"[1, 1, 5, 5]",58.19572427856073,76.49,-0.013873832016926713,0.07000000000000739,True,0.6464833446153403,"[1, 1, 5, 5]",58.19572427856073,76.49,-0.013873832016926713,0.07000000000000739,True,0.6464833446153403,"[1, 1, 5, 5]",58.19572427856073,76.49,-0.013873832016926713,0.07000000000000739,True,0.6464833446153403
accuracy,0.5,42,"[0, 0, 5, 5]",57.884530999948375,76.65,76.54,0.10999999999999943,0.686322940896473,40.69,35.96000000000001,0.0,"[1, 1, 5, 5]",58.19572427856073,76.49,-0.31119327861235746,0.1600000000000108,True,0.2687598253244301,"[0, 1, 4, 4]",38.88689923080894,76.94,18.99763176913943,-0.28999999999999204,False,0.2090822981256083,"[0, 1, 5, 5]",58.181850446543805,76.56,-0.29731944659543075,0.09000000000000341,True,0.19959086691960642
accuracy,0.5,1,"[0, 0, 5, 5]",57.884530999948375,76.65,76.54,0.10999999999999943,0.686322940896473,40.69,35.96000000000001,0.0,"[0, 0, 5, 5]",57.884530999948375,76.65,0.0,0.0,True,1.0,"[0, 0, 5, 5]",57.884530999948375,76.65,0.0,0.0,True,1.0,"[0, 0, 5, 5]",57.884530999948375,76.65,0.0,0.0,True,1.0
accuracy,0.5,2,"[0, 0, 5, 5]",57.884530999948375,76.65,76.54,0.10999999999999943,0.686322940896473,40.69,35.96000000000001,0.0,"[0, 0, 5, 5]",57.884530999948375,76.65,0.0,0.0,True,1.0,"[0, 0, 4, 4]",38.58957978421351,76.9,19.294951215734862,-0.25,False,0.2816700079867644,"[0, 0, 0, 4]",33.83198466780239,77.04,24.052546332145987,-0.39000000000000057,False,0.11107008877113608
accuracy,0.5,3,"[0, 0, 5, 5]",57.884530999948375,76.65,76.54,0.10999999999999943,0.686322940896473,40.69,35.96000000000001,0.0,"[0, 0, 5, 5]",57.884530999948375,76.65,0.0,0.0,True,1.0,"[0, 0, 5, 4]",40.968458004233135,76.38,16.91607299571524,0.27000000000001023,False,0.003183010628835082,"[0, 0, 5, 4]",40.968458004233135,76.38,16.91607299571524,0.27000000000001023,False,0.003183010628835082
accuracy,0.5,4,"[0, 0, 5, 5]",57.884530999948375,76.65,76.54,0.10999999999999943,0.686322940896473,40.69,35.96000000000001,0.0,"[0, 0, 5, 5]",57.884530999948375,76.65,0.0,0.0,True,1.0,"[0, 0, 5, 5]",57.884530999948375,76.65,0.0,0.0,True,1.0,"[0, 0, 5, 5]",57.884530999948375,76.65,0.0,0.0,True,1.0
accuracy,0.5,5,"[0, 0, 5, 5]",57.884530999948375,76.65,76.54,0.10999999999999943,0.686322940896473,40.69,35.96000000000001,0.0,"[0, 0, 5, 5]",57.884530999948375,76.65,0.0,0.0,True,1.0,"[0, 0, 4, 4]",38.58957978421351,76.9,19.294951215734862,-0.25,False,0.2816700079867644,"[0, 0, 0, 5]",50.74805766351763,76.88,7.136473336430747,-0.22999999999998977,False,0.3580735494272158
accuracy,0.5,6,"[0, 0, 5, 5]",57.884530999948375,76.65,76.54,0.10999999999999943,0.686322940896473,40.69,35.96000000000001,0.0,"[0, 0, 5, 5]",57.884530999948375,76.65,0.0,0.0,True,1.0,"[0, 0, 5, 5]",57.884530999948375,76.65,0.0,0.0,True,1.0,"[0, 0, 5, 5]",57.884530999948375,76.65,0.0,0.0,True,1.0
accuracy,0.5,7,"[0, 0, 5, 5]",57.884530999948375,76.65,76.54,0.10999999999999943,0.686322940896473,40.69,35.96000000000001,0.0,"[0, 0, 5, 5]",57.884530999948375,76.65,0.0,0.0,True,1.0,"[0, 0, 5, 5]",57.884530999948375,76.65,0.0,0.0,True,1.0,"[0, 0, 0, 5]",50.74805766351763,76.88,7.136473336430747,-0.22999999999998977,False,0.3580735494272158
accuracy,0.5,8,"[1, 1, 5, 5]",58.19572427856073,76.49,76.35,0.14000000000000057,0.5980774358295753,41.2,35.28999999999999,0.0,"[1, 1, 5, 5]",58.19572427856073,76.49,0.0,0.0,True,1.0,"[2, 0, 5, 5]",57.91243998761035,75.66,0.2832842909503839,0.8299999999999983,True,0.00028609560542638117,"[0, 1, 5, 5]",58.181850446543805,76.56,0.013873832016926713,-0.07000000000000739,True,0.6464833446153403
accuracy,0.5,9,"[0, 2, 5, 5]",58.47916989313923,76.6,76.37,0.22999999999998977,0.3773426174721949,40.79,35.809999999999995,0.0,"[0, 0, 5, 5]",57.884530999948375,76.65,0.5946388931908544,-0.05000000000001137,True,0.706882261491977,"[0, 0, 4, 4]",38.58957978421351,76.9,19.889590108925717,-0.30000000000001137,False,0.19816228115036724,"[2, 2, 5, 5]",58.507078880801195,75.35,-0.027908987661966478,1.25,True,1.0707008921924072e-07
accuracy,0.5,10,"[0, 0, 5, 5]",57.884530999948375,76.65,76.54,0.10999999999999943,0.686322940896473,40.69,35.96000000000001,0.0,"[0, 0, 5, 5]",57.884530999948375,76.65,0.0,0.0,True,1.0,"[0, 0, 5, 5]",57.884530999948375,76.65,0.0,0.0,True,1.0,"[1, 0, 5, 5]",57.89840483196531,76.46,-0.013873832016933818,0.19000000000001194,True,0.17589930239342227
accuracy,0.5,11,"[0, 0, 2, 5]",53.12693588353724,76.96,76.66,0.29999999999999716,0.0492658226511137,53.07,23.889999999999993,0.0,"[0, 0, 5, 5]",57.884530999948375,76.65,-4.757595116411132,0.30999999999998806,False,0.20525743257913678,"[2, 2, 5, 5]",58.507078880801195,75.35,-5.3801429972639525,1.6099999999999994,False,4.076195364099445e-08,"[0, 0, 5, 5]",57.884530999948375,76.65,-4.757595116411132,0.30999999999998806,False,0.20525743257913678
accuracy,0.5,12,"[1, 1, 5, 5]",58.19572427856073,76.49,76.35,0.14000000000000057,0.5980774358295753,41.2,35.28999999999999,0.0,"[1, 1, 5, 5]",58.19572427856073,76.49,0.0,0.0,True,1.0,"[1, 1, 5, 5]",58.19572427856073,76.49,0.0,0.0,True,1.0,"[1, 1, 5, 5]",58.19572427856073,76.49,0.0,0.0,True,1.0
accuracy,0.5,13,"[0, 0, 4, 4]",38.58957978421351,76.9,76.89,0.010000000000005116,1.0,67.61,9.290000000000006,1.0421384477113549e-109,"[1, 1, 5, 5]",58.19572427856073,76.49,-19.60614449434722,0.4100000000000108,False,0.07670855847297985,"[0, 0, 4, 4]",38.58957978421351,76.9,0.0,0.0,True,1.0,"[0, 0, 5, 5]",57.884530999948375,76.65,-19.294951215734862,0.25,False,0.2816700079867644
accuracy,0.5,14,"[0, 0, 5, 5]",57.884530999948375,76.65,76.54,0.10999999999999943,0.686322940896473,40.69,35.96000000000001,0.0,"[0, 0, 5, 5]",57.884530999948375,76.65,0.0,0.0,True,1.0,"[0, 0, 5, 5]",57.884530999948375,76.65,0.0,0.0,True,1.0,"[0, 0, 5, 5]",57.884530999948375,76.65,0.0,0.0,True,1.0
accuracy,0.5,15,"[0, 0, 5, 5]",57.884530999948375,76.65,76.54,0.10999999999999943,0.686322940896473,40.69,35.96000000000001,0.0,"[0, 0, 5, 5]",57.884530999948375,76.65,0.0,0.0,True,1.0,"[0, 0, 3, 5]",54.31621366991895,76.98,3.568317330029423,-0.3299999999999983,False,0.16724943334988723,"[0, 0, 5, 5]",57.884530999948375,76.65,0.0,0.0,True,1.0
accuracy,0.5,16,"[1, 1, 5, 5]",58.19572427856073,76.49,76.35,0.14000000000000057,0.5980774358295753,41.2,35.28999999999999,0.0,"[2, 0, 4, 4]",38.617488771875486,75.88,19.578235506685246,0.6099999999999994,False,0.017726410204063278,"[1, 0, 4, 5]",55.51952661194569,76.79,2.676197666615039,-0.30000000000001137,False,0.18647350828487336,"[2, 2, 5, 5]",58.507078880801195,75.35,-0.3113546022404634,1.1400000000000006,True,7.594363281135455e-07
accuracy,0.5,17,"[0, 0, 5, 5]",57.884530999948375,76.65,76.54,0.10999999999999943,0.686322940896473,40.69,35.96000000000001,0.0,"[0, 0, 5, 5]",57.884530999948375,76.65,0.0,0.0,True,1.0,"[0, 0, 5, 5]",57.884530999948375,76.65,0.0,0.0,True,1.0,"[0, 0, 5, 5]",57.884530999948375,76.65,0.0,0.0,True,1.0
accuracy,0.5,18,"[0, 0, 5, 5]",57.884530999948375,76.65,76.54,0.10999999999999943,0.686322940896473,40.69,35.96000000000001,0.0,"[0, 0, 5, 5]",57.884530999948375,76.65,0.0,0.0,True,1.0,"[0, 0, 5, 5]",57.884530999948375,76.65,0.0,0.0,True,1.0,"[0, 0, 5, 5]",57.884530999948375,76.65,0.0,0.0,True,1.0
accuracy,0.5,19,"[1, 1, 5, 5]",58.19572427856073,76.49,76.35,0.14000000000000057,0.5980774358295753,41.2,35.28999999999999,0.0,"[1, 1, 5, 5]",58.19572427856073,76.49,0.0,0.0,True,1.0,"[1, 1, 5, 5]",58.19572427856073,76.49,0.0,0.0,True,1.0,"[0, 1, 5, 5]",58.181850446543805,76.56,0.013873832016926713,-0.07000000000000739,True,0.6464833446153403
