condition,definition,beta,seed,test_accuracy,total_sparsity,excess_over_gm,actions,prior_sensitivity,prior_mapping
P1,accuracy,0.5,1,76.65,57.884530999948375,0.10999999999999943,"[0, 0, 5, 5]","[1.0, 0.051062, 0.029824, 0.0]",
P1,accuracy,0.5,10,76.65,57.884530999948375,0.10999999999999943,"[0, 0, 5, 5]","[1.0, 0.051062, 0.029824, 0.0]",
P1,accuracy,0.5,11,76.96,53.12693588353724,0.29999999999999716,"[0, 0, 2, 5]","[1.0, 0.051062, 0.029824, 0.0]",
P1,accuracy,0.5,12,76.49,58.19572427856073,0.14000000000000057,"[1, 1, 5, 5]","[1.0, 0.051062, 0.029824, 0.0]",
P1,accuracy,0.5,13,76.9,38.58957978421351,0.010000000000005116,"[0, 0, 4, 4]","[1.0, 0.051062, 0.029824, 0.0]",
P1,accuracy,0.5,14,76.65,57.884530999948375,0.10999999999999943,"[0, 0, 5, 5]","[1.0, 0.051062, 0.029824, 0.0]",
P1,accuracy,0.5,15,76.65,57.884530999948375,0.10999999999999943,"[0, 0, 5, 5]","[1.0, 0.051062, 0.029824, 0.0]",
P1,accuracy,0.5,16,76.49,58.19572427856073,0.14000000000000057,"[1, 1, 5, 5]","[1.0, 0.051062, 0.029824, 0.0]",
P1,accuracy,0.5,17,76.65,57.884530999948375,0.10999999999999943,"[0, 0, 5, 5]","[1.0, 0.051062, 0.029824, 0.0]",
P1,accuracy,0.5,18,76.65,57.884530999948375,0.10999999999999943,"[0, 0, 5, 5]","[1.0, 0.051062, 0.029824, 0.0]",
P1,accuracy,0.5,19,76.49,58.19572427856073,0.14000000000000057,"[1, 1, 5, 5]","[1.0, 0.051062, 0.029824, 0.0]",
P1,accuracy,0.5,2,76.65,57.884530999948375,0.10999999999999943,"[0, 0, 5, 5]","[1.0, 0.051062, 0.029824, 0.0]",
P1,accuracy,0.5,3,76.65,57.884530999948375,0.10999999999999943,"[0, 0, 5, 5]","[1.0, 0.051062, 0.029824, 0.0]",
P1,accuracy,0.5,4,76.65,57.884530999948375,0.10999999999999943,"[0, 0, 5, 5]","[1.0, 0.051062, 0.029824, 0.0]",
P1,accuracy,0.5,42,76.65,57.884530999948375,0.10999999999999943,"[0, 0, 5, 5]","[1.0, 0.051062, 0.029824, 0.0]",
P1,accuracy,0.5,5,76.65,57.884530999948375,0.10999999999999943,"[0, 0, 5, 5]","[1.0, 0.051062, 0.029824, 0.0]",
P1,accuracy,0.5,6,76.65,57.884530999948375,0.10999999999999943,"[0, 0, 5, 5]","[1.0, 0.051062, 0.029824, 0.0]",
P1,accuracy,0.5,7,76.65,57.884530999948375,0.10999999999999943,"[0, 0, 5, 5]","[1.0, 0.051062, 0.029824, 0.0]",
P1,accuracy,0.5,8,76.49,58.19572427856073,0.14000000000000057,"[1, 1, 5, 5]","[1.0, 0.051062, 0.029824, 0.0]",
P1,accuracy,0.5,9,76.6,58.47916989313923,0.22999999999998977,"[0, 2, 5, 5]","[1.0, 0.051062, 0.029824, 0.0]",
P1,loss,0.5,1,76.56,58.181850446543805,0.2400000000000091,"[0, 1, 5, 5]","[1.0, 0.032278, 0.013358, 0.0]",
P1,loss,0.5,10,76.49,58.19572427856073,0.14000000000000057,"[1, 1, 5, 5]","[1.0, 0.032278, 0.013358, 0.0]",
P1,loss,0.5,11,76.88,50.74805766351763,0.20999999999999375,"[0, 0, 0, 5]","[1.0, 0.032278, 0.013358, 0.0]",
P1,loss,0.5,12,76.49,58.19572427856073,0.14000000000000057,"[1, 1, 5, 5]","[1.0, 0.032278, 0.013358, 0.0]",
P1,loss,0.5,13,76.9,38.58957978421351,0.010000000000005116,"[0, 0, 4, 4]","[1.0, 0.032278, 0.013358, 0.0]",
P1,loss,0.5,14,76.65,57.884530999948375,0.10999999999999943,"[0, 0, 5, 5]","[1.0, 0.032278, 0.013358, 0.0]",
P1,loss,0.5,15,76.65,57.884530999948375,0.10999999999999943,"[0, 0, 5, 5]","[1.0, 0.032278, 0.013358, 0.0]",
P1,loss,0.5,16,76.49,58.19572427856073,0.14000000000000057,"[1, 1, 5, 5]","[1.0, 0.032278, 0.013358, 0.0]",
P1,loss,0.5,17,76.65,57.884530999948375,0.10999999999999943,"[0, 0, 5, 5]","[1.0, 0.032278, 0.013358, 0.0]",
P1,loss,0.5,18,76.65,57.884530999948375,0.10999999999999943,"[0, 0, 5, 5]","[1.0, 0.032278, 0.013358, 0.0]",
P1,loss,0.5,19,76.49,58.19572427856073,0.14000000000000057,"[1, 1, 5, 5]","[1.0, 0.032278, 0.013358, 0.0]",
P1,loss,0.5,2,76.65,57.884530999948375,0.10999999999999943,"[0, 0, 5, 5]","[1.0, 0.032278, 0.013358, 0.0]",
P1,loss,0.5,3,76.65,57.884530999948375,0.10999999999999943,"[0, 0, 5, 5]","[1.0, 0.032278, 0.013358, 0.0]",
P1,loss,0.5,4,76.65,57.884530999948375,0.10999999999999943,"[0, 0, 5, 5]","[1.0, 0.032278, 0.013358, 0.0]",
P1,loss,0.5,42,76.56,58.181850446543805,0.2400000000000091,"[0, 1, 5, 5]","[1.0, 0.032278, 0.013358, 0.0]",
P1,loss,0.5,5,76.65,57.884530999948375,0.10999999999999943,"[0, 0, 5, 5]","[1.0, 0.032278, 0.013358, 0.0]",
P1,loss,0.5,6,76.65,57.884530999948375,0.10999999999999943,"[0, 0, 5, 5]","[1.0, 0.032278, 0.013358, 0.0]",
P1,loss,0.5,7,76.65,57.884530999948375,0.10999999999999943,"[0, 0, 5, 5]","[1.0, 0.032278, 0.013358, 0.0]",
P1,loss,0.5,8,76.49,58.19572427856073,0.14000000000000057,"[1, 1, 5, 5]","[1.0, 0.032278, 0.013358, 0.0]",
P1,loss,0.5,9,76.6,58.47916989313923,0.22999999999998977,"[0, 2, 5, 5]","[1.0, 0.032278, 0.013358, 0.0]",
P1,loss,1.0,1,76.65,57.884530999948375,0.10999999999999943,"[0, 0, 5, 5]","[1.0, 0.032278, 0.013358, 0.0]",
P1,loss,1.0,10,76.65,57.884530999948375,0.10999999999999943,"[0, 0, 5, 5]","[1.0, 0.032278, 0.013358, 0.0]",
P1,loss,1.0,11,76.65,57.884530999948375,0.10999999999999943,"[0, 0, 5, 5]","[1.0, 0.032278, 0.013358, 0.0]",
P1,loss,1.0,12,76.65,57.884530999948375,0.10999999999999943,"[0, 0, 5, 5]","[1.0, 0.032278, 0.013358, 0.0]",
P1,loss,1.0,13,76.88,50.74805766351763,0.20999999999999375,"[0, 0, 0, 5]","[1.0, 0.032278, 0.013358, 0.0]",
P1,loss,1.0,14,76.65,57.884530999948375,0.10999999999999943,"[0, 0, 5, 5]","[1.0, 0.032278, 0.013358, 0.0]",
P1,loss,1.0,15,76.98,54.31621366991895,0.38000000000000966,"[0, 0, 3, 5]","[1.0, 0.032278, 0.013358, 0.0]",
P1,loss,1.0,16,76.65,57.884530999948375,0.10999999999999943,"[0, 0, 5, 5]","[1.0, 0.032278, 0.013358, 0.0]",
P1,loss,1.0,17,76.65,57.884530999948375,0.10999999999999943,"[0, 0, 5, 5]","[1.0, 0.032278, 0.013358, 0.0]",
P1,loss,1.0,18,76.65,57.884530999948375,0.10999999999999943,"[0, 0, 5, 5]","[1.0, 0.032278, 0.013358, 0.0]",
P1,loss,1.0,19,76.56,58.181850446543805,0.2400000000000091,"[0, 1, 5, 5]","[1.0, 0.032278, 0.013358, 0.0]",
P1,loss,1.0,2,76.65,57.884530999948375,0.10999999999999943,"[0, 0, 5, 5]","[1.0, 0.032278, 0.013358, 0.0]",
P1,loss,1.0,3,76.65,57.884530999948375,0.10999999999999943,"[0, 0, 5, 5]","[1.0, 0.032278, 0.013358, 0.0]",
P1,loss,1.0,4,76.65,57.884530999948375,0.10999999999999943,"[0, 0, 5, 5]","[1.0, 0.032278, 0.013358, 0.0]",
P1,loss,1.0,42,76.56,58.181850446543805,0.2400000000000091,"[0, 1, 5, 5]","[1.0, 0.032278, 0.013358, 0.0]",
P1,loss,1.0,5,76.65,57.884530999948375,0.10999999999999943,"[0, 0, 5, 5]","[1.0, 0.032278, 0.013358, 0.0]",
P1,loss,1.0,6,76.65,57.884530999948375,0.10999999999999943,"[0, 0, 5, 5]","[1.0, 0.032278, 0.013358, 0.0]",
P1,loss,1.0,7,76.65,57.884530999948375,0.10999999999999943,"[0, 0, 5, 5]","[1.0, 0.032278, 0.013358, 0.0]",
P1,loss,1.0,8,76.56,58.181850446543805,0.2400000000000091,"[0, 1, 5, 5]","[1.0, 0.032278, 0.013358, 0.0]",
P1,loss,1.0,9,76.65,57.884530999948375,0.10999999999999943,"[0, 0, 5, 5]","[1.0, 0.032278, 0.013358, 0.0]",
P2,accuracy,0.5,1,76.65,57.884530999948375,0.10999999999999943,"[0, 0, 5, 5]","[0.0, 1.0, 0.051062, 0.029824]","{""features.0"": ""classifier.1"", ""features.3"": ""features.0"", ""features.6"": ""features.3"", ""classifier.1"": ""features.6""}"
P2,accuracy,0.5,10,76.65,57.884530999948375,0.10999999999999943,"[0, 0, 5, 5]","[0.029824, 0.0, 0.051062, 1.0]","{""features.0"": ""features.6"", ""features.3"": ""classifier.1"", ""features.6"": ""features.3"", ""classifier.1"": ""features.0""}"
P2,accuracy,0.5,11,75.35,58.507078880801195,-1.0200000000000102,"[2, 2, 5, 5]","[0.051062, 0.0, 1.0, 0.029824]","{""features.0"": ""features.3"", ""features.3"": ""classifier.1"", ""features.6"": ""features.0"", ""classifier.1"": ""features.6""}"
P2,accuracy,0.5,12,76.49,58.19572427856073,0.14000000000000057,"[1, 1, 5, 5]","[0.051062, 0.029824, 0.0, 1.0]","{""features.0"": ""features.3"", ""features.3"": ""features.6"", ""features.6"": ""classifier.1"", ""classifier.1"": ""features.0""}"
P2,accuracy,0.5,13,76.9,38.58957978421351,0.010000000000005116,"[0, 0, 4, 4]","[0.0, 0.029824, 0.051062, 1.0]","{""features.0"": ""classifier.1"", ""features.3"": ""features.6"", ""features.6"": ""features.3"", ""classifier.1"": ""features.0""}"
P2,accuracy,0.5,14,76.65,57.884530999948375,0.10999999999999943,"[0, 0, 5, 5]","[0.029824, 0.0, 1.0, 0.051062]","{""features.0"": ""features.6"", ""features.3"": ""classifier.1"", ""features.6"": ""features.0"", ""classifier.1"": ""features.3""}"
P2,accuracy,0.5,15,76.98,54.31621366991895,0.38000000000000966,"[0, 0, 3, 5]","[0.0, 0.029824, 0.051062, 1.0]","{""features.0"": ""classifier.1"", ""features.3"": ""features.6"", ""features.6"": ""features.3"", ""classifier.1"": ""features.0""}"
P2,accuracy,0.5,16,76.79,55.51952661194569,0.09000000000000341,"[1, 0, 4, 5]","[0.051062, 1.0, 0.0, 0.029824]","{""features.0"": ""features.3"", ""features.3"": ""features.0"", ""features.6"": ""classifier.1"", ""classifier.1"": ""features.6""}"
P2,accuracy,0.5,17,76.65,57.884530999948375,0.10999999999999943,"[0, 0, 5, 5]","[0.051062, 1.0, 0.0, 0.029824]","{""features.0"": ""features.3"", ""features.3"": ""features.0"", ""features.6"": ""classifier.1"", ""classifier.1"": ""features.6""}"
P2,accuracy,0.5,18,76.65,57.884530999948375,0.10999999999999943,"[0, 0, 5, 5]","[0.029824, 0.0, 1.0, 0.051062]","{""features.0"": ""features.6"", ""features.3"": ""classifier.1"", ""features.6"": ""features.0"", ""classifier.1"": ""features.3""}"
P2,accuracy,0.5,19,76.49,58.19572427856073,0.14000000000000057,"[1, 1, 5, 5]","[0.0, 0.029824, 1.0, 0.051062]","{""features.0"": ""classifier.1"", ""features.3"": ""features.6"", ""features.6"": ""features.0"", ""classifier.1"": ""features.3""}"
P2,accuracy,0.5,2,76.9,38.58957978421351,0.010000000000005116,"[0, 0, 4, 4]","[0.0, 0.029824, 1.0, 0.051062]","{""features.0"": ""classifier.1"", ""features.3"": ""features.6"", ""features.6"": ""features.0"", ""classifier.1"": ""features.3""}"
P2,accuracy,0.5,3,76.38,40.968458004233135,-0.5,"[0, 0, 5, 4]","[0.0, 0.029824, 0.051062, 1.0]","{""features.0"": ""classifier.1"", ""features.3"": ""features.6"", ""features.6"": ""features.3"", ""classifier.1"": ""features.0""}"
P2,accuracy,0.5,4,76.65,57.884530999948375,0.10999999999999943,"[0, 0, 5, 5]","[0.0, 1.0, 0.051062, 0.029824]","{""features.0"": ""classifier.1"", ""features.3"": ""features.0"", ""features.6"": ""features.3"", ""classifier.1"": ""features.6""}"
P2,accuracy,0.5,42,76.94,38.88689923080894,0.0799999999999983,"[0, 1, 4, 4]","[0.0, 0.029824, 0.051062, 1.0]","{""features.0"": ""classifier.1"", ""features.3"": ""features.6"", ""features.6"": ""features.3"", ""classifier.1"": ""features.0""}"
P2,accuracy,0.5,5,76.9,38.58957978421351,0.010000000000005116,"[0, 0, 4, 4]","[0.029824, 0.0, 1.0, 0.051062]","{""features.0"": ""features.6"", ""features.3"": ""classifier.1"", ""features.6"": ""features.0"", ""classifier.1"": ""features.3""}"
P2,accuracy,0.5,6,76.65,57.884530999948375,0.10999999999999943,"[0, 0, 5, 5]","[0.0, 0.029824, 0.051062, 1.0]","{""features.0"": ""classifier.1"", ""features.3"": ""features.6"", ""features.6"": ""features.3"", ""classifier.1"": ""features.0""}"
P2,accuracy,0.5,7,76.65,57.884530999948375,0.10999999999999943,"[0, 0, 5, 5]","[0.051062, 0.029824, 0.0, 1.0]","{""features.0"": ""features.3"", ""features.3"": ""features.6"", ""features.6"": ""classifier.1"", ""classifier.1"": ""features.0""}"
P2,accuracy,0.5,8,75.66,57.91243998761035,-0.8700000000000045,"[2, 0, 5, 5]","[0.0, 1.0, 0.051062, 0.029824]","{""features.0"": ""classifier.1"", ""features.3"": ""features.0"", ""features.6"": ""features.3"", ""classifier.1"": ""features.6""}"
P2,accuracy,0.5,9,76.9,38.58957978421351,0.010000000000005116,"[0, 0, 4, 4]","[0.0, 0.029824, 0.051062, 1.0]","{""features.0"": ""classifier.1"", ""features.3"": ""features.6"", ""features.6"": ""features.3"", ""classifier.1"": ""features.0""}"
P2,loss,0.5,1,76.65,57.884530999948375,0.10999999999999943,"[0, 0, 5, 5]","[0.0, 1.0, 0.032278, 0.013358]","{""features.0"": ""classifier.1"", ""features.3"": ""features.0"", ""features.6"": ""features.3"", ""classifier.1"": ""features.6""}"
P2,loss,0.5,10,76.98,54.31621366991895,0.38000000000000966,"[0, 0, 3, 5]","[0.013358, 0.0, 0.032278, 1.0]","{""features.0"": ""features.6"", ""features.3"": ""classifier.1"", ""features.6"": ""features.3"", ""classifier.1"": ""features.0""}"
P2,loss,0.5,11,75.35,58.507078880801195,-1.0200000000000102,"[2, 2, 5, 5]","[0.032278, 0.0, 1.0, 0.013358]","{""features.0"": ""features.3"", ""features.3"": ""classifier.1"", ""features.6"": ""features.0"", ""classifier.1"": ""features.6""}"
P2,loss,0.5,12,76.49,58.19572427856073,0.14000000000000057,"[1, 1, 5, 5]","[0.032278, 0.013358, 0.0, 1.0]","{""features.0"": ""features.3"", ""features.3"": ""features.6"", ""features.6"": ""classifier.1"", ""classifier.1"": ""features.0""}"
P2,loss,0.5,13,76.9,38.58957978421351,0.010000000000005116,"[0, 0, 4, 4]","[0.0, 0.013358, 0.032278, 1.0]","{""features.0"": ""classifier.1"", ""features.3"": ""features.6"", ""features.6"": ""features.3"", ""classifier.1"": ""features.0""}"
P2,loss,0.5,14,76.65,57.884530999948375,0.10999999999999943,"[0, 0, 5, 5]","[0.013358, 0.0, 1.0, 0.032278]","{""features.0"": ""features.6"", ""features.3"": ""classifier.1"", ""features.6"": ""features.0"", ""classifier.1"": ""features.3""}"
P2,loss,0.5,15,76.65,57.884530999948375,0.10999999999999943,"[0, 0, 5, 5]","[0.0, 0.013358, 0.032278, 1.0]","{""features.0"": ""classifier.1"", ""features.3"": ""features.6"", ""features.6"": ""features.3"", ""classifier.1"": ""features.0""}"
P2,loss,0.5,16,76.94,37.71133395281606,-0.010000000000005116,"[1, 1, 3, 4]","[0.032278, 1.0, 0.0, 0.013358]","{""features.0"": ""features.3"", ""features.3"": ""features.0"", ""features.6"": ""classifier.1"", ""classifier.1"": ""features.6""}"
P2,loss,0.5,17,76.65,57.884530999948375,0.10999999999999943,"[0, 0, 5, 5]","[0.032278, 1.0, 0.0, 0.013358]","{""features.0"": ""features.3"", ""features.3"": ""features.0"", ""features.6"": ""classifier.1"", ""classifier.1"": ""features.6""}"
P2,loss,0.5,18,76.65,57.884530999948375,0.10999999999999943,"[0, 0, 5, 5]","[0.013358, 0.0, 1.0, 0.032278]","{""features.0"": ""features.6"", ""features.3"": ""classifier.1"", ""features.6"": ""features.0"", ""classifier.1"": ""features.3""}"
P2,loss,0.5,19,76.49,58.19572427856073,0.14000000000000057,"[1, 1, 5, 5]","[0.0, 0.013358, 1.0, 0.032278]","{""features.0"": ""classifier.1"", ""features.3"": ""features.6"", ""features.6"": ""features.0"", ""classifier.1"": ""features.3""}"
P2,loss,0.5,2,76.9,38.58957978421351,0.010000000000005116,"[0, 0, 4, 4]","[0.0, 0.013358, 1.0, 0.032278]","{""features.0"": ""classifier.1"", ""features.3"": ""features.6"", ""features.6"": ""features.0"", ""classifier.1"": ""features.3""}"
P2,loss,0.5,3,76.9,38.58957978421351,0.010000000000005116,"[0, 0, 4, 4]","[0.0, 0.013358, 0.032278, 1.0]","{""features.0"": ""classifier.1"", ""features.3"": ""features.6"", ""features.6"": ""features.3"", ""classifier.1"": ""features.0""}"
P2,loss,0.5,4,76.65,57.884530999948375,0.10999999999999943,"[0, 0, 5, 5]","[0.0, 1.0, 0.032278, 0.013358]","{""features.0"": ""classifier.1"", ""features.3"": ""features.0"", ""features.6"": ""features.3"", ""classifier.1"": ""features.6""}"
P2,loss,0.5,42,76.94,35.33261705642455,-0.010000000000005116,"[1, 1, 1, 4]","[0.0, 0.013358, 0.032278, 1.0]","{""features.0"": ""classifier.1"", ""features.3"": ""features.6"", ""features.6"": ""features.3"", ""classifier.1"": ""features.0""}"
P2,loss,0.5,5,76.94,38.88689923080894,0.0799999999999983,"[0, 1, 4, 4]","[0.013358, 0.0, 1.0, 0.032278]","{""features.0"": ""features.6"", ""features.3"": ""classifier.1"", ""features.6"": ""features.0"", ""classifier.1"": ""features.3""}"
P2,loss,0.5,6,76.65,57.884530999948375,0.10999999999999943,"[0, 0, 5, 5]","[0.0, 0.013358, 0.032278, 1.0]","{""features.0"": ""classifier.1"", ""features.3"": ""features.6"", ""features.6"": ""features.3"", ""classifier.1"": ""features.0""}"
P2,loss,0.5,7,76.65,57.884530999948375,0.10999999999999943,"[0, 0, 5, 5]","[0.032278, 0.013358, 0.0, 1.0]","{""features.0"": ""features.3"", ""features.3"": ""features.6"", ""features.6"": ""classifier.1"", ""classifier.1"": ""features.0""}"
P2,loss,0.5,8,76.65,57.884530999948375,0.10999999999999943,"[0, 0, 5, 5]","[0.0, 1.0, 0.032278, 0.013358]","{""features.0"": ""classifier.1"", ""features.3"": ""features.0"", ""features.6"": ""features.3"", ""classifier.1"": ""features.6""}"
P2,loss,0.5,9,76.9,38.58957978421351,0.010000000000005116,"[0, 0, 4, 4]","[0.0, 0.013358, 0.032278, 1.0]","{""features.0"": ""classifier.1"", ""features.3"": ""features.6"", ""features.6"": ""features.3"", ""classifier.1"": ""features.0""}"
P2,loss,1.0,1,76.65,57.884530999948375,0.10999999999999943,"[0, 0, 5, 5]","[0.0, 1.0, 0.032278, 0.013358]","{""features.0"": ""classifier.1"", ""features.3"": ""features.0"", ""features.6"": ""features.3"", ""classifier.1"": ""features.6""}"
P2,loss,1.0,10,76.56,58.181850446543805,0.2400000000000091,"[0, 1, 5, 5]","[0.013358, 0.0, 0.032278, 1.0]","{""features.0"": ""features.6"", ""features.3"": ""classifier.1"", ""features.6"": ""features.3"", ""classifier.1"": ""features.0""}"
P2,loss,1.0,11,76.88,50.74805766351763,0.20999999999999375,"[0, 0, 0, 5]","[0.032278, 0.0, 1.0, 0.013358]","{""features.0"": ""features.3"", ""features.3"": ""classifier.1"", ""features.6"": ""features.0"", ""classifier.1"": ""features.6""}"
P2,loss,1.0,12,76.77,38.90077306282588,-0.09000000000000341,"[1, 1, 4, 4]","[0.032278, 0.013358, 0.0, 1.0]","{""features.0"": ""features.3"", ""features.3"": ""features.6"", ""features.6"": ""classifier.1"", ""classifier.1"": ""features.0""}"
P2,loss,1.0,13,77.04,33.83198466780239,0.12000000000000455,"[0, 0, 0, 4]","[0.0, 0.013358, 0.032278, 1.0]","{""features.0"": ""classifier.1"", ""features.3"": ""features.6"", ""features.6"": ""features.3"", ""classifier.1"": ""features.0""}"
P2,loss,1.0,14,76.65,57.884530999948375,0.10999999999999943,"[0, 0, 5, 5]","[0.013358, 0.0, 1.0, 0.032278]","{""features.0"": ""features.6"", ""features.3"": ""classifier.1"", ""features.6"": ""features.0"", ""classifier.1"": ""features.3""}"
P2,loss,1.0,15,76.65,57.884530999948375,0.10999999999999943,"[0, 0, 5, 5]","[0.0, 0.013358, 0.032278, 1.0]","{""features.0"": ""classifier.1"", ""features.3"": ""features.6"", ""features.6"": ""features.3"", ""classifier.1"": ""features.0""}"
P2,loss,1.0,16,75.64,39.21212766506633,-1.230000000000004,"[2, 2, 4, 4]","[0.032278, 1.0, 0.0, 0.013358]","{""features.0"": ""features.3"", ""features.3"": ""features.0"", ""features.6"": ""classifier.1"", ""classifier.1"": ""features.6""}"
P2,loss,1.0,17,76.65,57.884530999948375,0.10999999999999943,"[0, 0, 5, 5]","[0.032278, 1.0, 0.0, 0.013358]","{""features.0"": ""features.3"", ""features.3"": ""features.0"", ""features.6"": ""classifier.1"", ""classifier.1"": ""features.6""}"
P2,loss,1.0,18,76.65,57.884530999948375,0.10999999999999943,"[0, 0, 5, 5]","[0.013358, 0.0, 1.0, 0.032278]","{""features.0"": ""features.6"", ""features.3"": ""classifier.1"", ""features.6"": ""features.0"", ""classifier.1"": ""features.3""}"
P2,loss,1.0,19,76.49,58.19572427856073,0.14000000000000057,"[1, 1, 5, 5]","[0.0, 0.013358, 1.0, 0.032278]","{""features.0"": ""classifier.1"", ""features.3"": ""features.6"", ""features.6"": ""features.0"", ""classifier.1"": ""features.3""}"
P2,loss,1.0,2,76.9,38.58957978421351,0.010000000000005116,"[0, 0, 4, 4]","[0.0, 0.013358, 1.0, 0.032278]","{""features.0"": ""classifier.1"", ""features.3"": ""features.6"", ""features.6"": ""features.0"", ""classifier.1"": ""features.3""}"
P2,loss,1.0,3,76.9,38.58957978421351,0.010000000000005116,"[0, 0, 4, 4]","[0.0, 0.013358, 0.032278, 1.0]","{""features.0"": ""classifier.1"", ""features.3"": ""features.6"", ""features.6"": ""features.3"", ""classifier.1"": ""features.0""}"
P2,loss,1.0,4,76.65,57.884530999948375,0.10999999999999943,"[0, 0, 5, 5]","[0.0, 1.0, 0.032278, 0.013358]","{""features.0"": ""classifier.1"", ""features.3"": ""features.0"", ""features.6"": ""features.3"", ""classifier.1"": ""features.6""}"
P2,loss,1.0,42,77.11,35.021423777812196,0.1599999999999966,"[0, 0, 1, 4]","[0.0, 0.013358, 0.032278, 1.0]","{""features.0"": ""classifier.1"", ""features.3"": ""features.6"", ""features.6"": ""features.3"", ""classifier.1"": ""features.0""}"
P2,loss,1.0,5,76.77,38.90077306282588,-0.09000000000000341,"[1, 1, 4, 4]","[0.013358, 0.0, 1.0, 0.032278]","{""features.0"": ""features.6"", ""features.3"": ""classifier.1"", ""features.6"": ""features.0"", ""classifier.1"": ""features.3""}"
P2,loss,1.0,6,76.77,38.90077306282588,-0.09000000000000341,"[1, 1, 4, 4]","[0.0, 0.013358, 0.032278, 1.0]","{""features.0"": ""classifier.1"", ""features.3"": ""features.6"", ""features.6"": ""features.3"", ""classifier.1"": ""features.0""}"
P2,loss,1.0,7,75.62,53.74948376439007,-1.019999999999996,"[2, 2, 2, 5]","[0.032278, 0.013358, 0.0, 1.0]","{""features.0"": ""features.3"", ""features.3"": ""features.6"", ""features.6"": ""classifier.1"", ""classifier.1"": ""features.0""}"
P2,loss,1.0,8,76.49,58.19572427856073,0.14000000000000057,"[1, 1, 5, 5]","[0.0, 1.0, 0.032278, 0.013358]","{""features.0"": ""classifier.1"", ""features.3"": ""features.0"", ""features.6"": ""features.3"", ""classifier.1"": ""features.6""}"
P2,loss,1.0,9,76.9,38.58957978421351,0.010000000000005116,"[0, 0, 4, 4]","[0.0, 0.013358, 0.032278, 1.0]","{""features.0"": ""classifier.1"", ""features.3"": ""features.6"", ""features.6"": ""features.3"", ""classifier.1"": ""features.0""}"
P3,accuracy,0.5,1,76.65,57.884530999948375,0.10999999999999943,"[0, 0, 5, 5]","[0.270221, 0.270221, 0.270221, 0.270221]",
P3,accuracy,0.5,10,76.46,57.89840483196531,-0.09000000000000341,"[1, 0, 5, 5]","[0.270221, 0.270221, 0.270221, 0.270221]",
P3,accuracy,0.5,11,76.65,57.884530999948375,0.10999999999999943,"[0, 0, 5, 5]","[0.270221, 0.270221, 0.270221, 0.270221]",
P3,accuracy,0.5,12,76.49,58.19572427856073,0.14000000000000057,"[1, 1, 5, 5]","[0.270221, 0.270221, 0.270221, 0.270221]",
P3,accuracy,0.5,13,76.65,57.884530999948375,0.10999999999999943,"[0, 0, 5, 5]","[0.270221, 0.270221, 0.270221, 0.270221]",
P3,accuracy,0.5,14,76.65,57.884530999948375,0.10999999999999943,"[0, 0, 5, 5]","[0.270221, 0.270221, 0.270221, 0.270221]",
P3,accuracy,0.5,15,76.65,57.884530999948375,0.10999999999999943,"[0, 0, 5, 5]","[0.270221, 0.270221, 0.270221, 0.270221]",
P3,accuracy,0.5,16,75.35,58.507078880801195,-1.0200000000000102,"[2, 2, 5, 5]","[0.270221, 0.270221, 0.270221, 0.270221]",
P3,accuracy,0.5,17,76.65,57.884530999948375,0.10999999999999943,"[0, 0, 5, 5]","[0.270221, 0.270221, 0.270221, 0.270221]",
P3,accuracy,0.5,18,76.65,57.884530999948375,0.10999999999999943,"[0, 0, 5, 5]","[0.270221, 0.270221, 0.270221, 0.270221]",
P3,accuracy,0.5,19,76.56,58.181850446543805,0.2400000000000091,"[0, 1, 5, 5]","[0.270221, 0.270221, 0.270221, 0.270221]",
P3,accuracy,0.5,2,77.04,33.83198466780239,0.12000000000000455,"[0, 0, 0, 4]","[0.270221, 0.270221, 0.270221, 0.270221]",
P3,accuracy,0.5,3,76.38,40.968458004233135,-0.5,"[0, 0, 5, 4]","[0.270221, 0.270221, 0.270221, 0.270221]",
P3,accuracy,0.5,4,76.65,57.884530999948375,0.10999999999999943,"[0, 0, 5, 5]","[0.270221, 0.270221, 0.270221, 0.270221]",
P3,accuracy,0.5,42,76.56,58.181850446543805,0.2400000000000091,"[0, 1, 5, 5]","[0.270221, 0.270221, 0.270221, 0.270221]",
P3,accuracy,0.5,5,76.88,50.74805766351763,0.20999999999999375,"[0, 0, 0, 5]","[0.270221, 0.270221, 0.270221, 0.270221]",
P3,accuracy,0.5,6,76.65,57.884530999948375,0.10999999999999943,"[0, 0, 5, 5]","[0.270221, 0.270221, 0.270221, 0.270221]",
P3,accuracy,0.5,7,76.88,50.74805766351763,0.20999999999999375,"[0, 0, 0, 5]","[0.270221, 0.270221, 0.270221, 0.270221]",
P3,accuracy,0.5,8,76.56,58.181850446543805,0.2400000000000091,"[0, 1, 5, 5]","[0.270221, 0.270221, 0.270221, 0.270221]",
P3,accuracy,0.5,9,75.35,58.507078880801195,-1.0200000000000102,"[2, 2, 5, 5]","[0.270221, 0.270221, 0.270221, 0.270221]",
P3,loss,0.5,1,76.65,57.884530999948375,0.10999999999999943,"[0, 0, 5, 5]","[0.261409, 0.261409, 0.261409, 0.261409]",
P3,loss,0.5,10,76.46,57.89840483196531,-0.09000000000000341,"[1, 0, 5, 5]","[0.261409, 0.261409, 0.261409, 0.261409]",
P3,loss,0.5,11,76.65,57.884530999948375,0.10999999999999943,"[0, 0, 5, 5]","[0.261409, 0.261409, 0.261409, 0.261409]",
P3,loss,0.5,12,76.49,58.19572427856073,0.14000000000000057,"[1, 1, 5, 5]","[0.261409, 0.261409, 0.261409, 0.261409]",
P3,loss,0.5,13,76.9,38.58957978421351,0.010000000000005116,"[0, 0, 4, 4]","[0.261409, 0.261409, 0.261409, 0.261409]",
P3,loss,0.5,14,76.65,57.884530999948375,0.10999999999999943,"[0, 0, 5, 5]","[0.261409, 0.261409, 0.261409, 0.261409]",
P3,loss,0.5,15,76.65,57.884530999948375,0.10999999999999943,"[0, 0, 5, 5]","[0.261409, 0.261409, 0.261409, 0.261409]",
P3,loss,0.5,16,75.35,58.507078880801195,-1.0200000000000102,"[2, 2, 5, 5]","[0.261409, 0.261409, 0.261409, 0.261409]",
P3,loss,0.5,17,76.65,57.884530999948375,0.10999999999999943,"[0, 0, 5, 5]","[0.261409, 0.261409, 0.261409, 0.261409]",
P3,loss,0.5,18,76.65,57.884530999948375,0.10999999999999943,"[0, 0, 5, 5]","[0.261409, 0.261409, 0.261409, 0.261409]",
P3,loss,0.5,19,76.56,58.181850446543805,0.2400000000000091,"[0, 1, 5, 5]","[0.261409, 0.261409, 0.261409, 0.261409]",
P3,loss,0.5,2,76.9,38.58957978421351,0.010000000000005116,"[0, 0, 4, 4]","[0.261409, 0.261409, 0.261409, 0.261409]",
P3,loss,0.5,3,76.65,57.884530999948375,0.10999999999999943,"[0, 0, 5, 5]","[0.261409, 0.261409, 0.261409, 0.261409]",
P3,loss,0.5,4,76.88,50.74805766351763,0.20999999999999375,"[0, 0, 0, 5]","[0.261409, 0.261409, 0.261409, 0.261409]",
P3,loss,0.5,42,76.49,58.19572427856073,0.14000000000000057,"[1, 1, 5, 5]","[0.261409, 0.261409, 0.261409, 0.261409]",
P3,loss,0.5,5,76.77,38.90077306282588,-0.09000000000000341,"[1, 1, 4, 4]","[0.261409, 0.261409, 0.261409, 0.261409]",
P3,loss,0.5,6,76.65,57.884530999948375,0.10999999999999943,"[0, 0, 5, 5]","[0.261409, 0.261409, 0.261409, 0.261409]",
P3,loss,0.5,7,76.96,53.12693588353724,0.29999999999999716,"[0, 0, 2, 5]","[0.261409, 0.261409, 0.261409, 0.261409]",
P3,loss,0.5,8,76.56,58.181850446543805,0.2400000000000091,"[0, 1, 5, 5]","[0.261409, 0.261409, 0.261409, 0.261409]",
P3,loss,0.5,9,76.6,58.47916989313923,0.22999999999998977,"[0, 2, 5, 5]","[0.261409, 0.261409, 0.261409, 0.261409]",
P3,loss,1.0,1,76.49,58.19572427856073,0.14000000000000057,"[1, 1, 5, 5]","[0.261409, 0.261409, 0.261409, 0.261409]",
P3,loss,1.0,10,76.65,57.884530999948375,0.10999999999999943,"[0, 0, 5, 5]","[0.261409, 0.261409, 0.261409, 0.261409]",
P3,loss,1.0,11,76.65,57.884530999948375,0.10999999999999943,"[0, 0, 5, 5]","[0.261409, 0.261409, 0.261409, 0.261409]",
P3,loss,1.0,12,76.49,58.19572427856073,0.14000000000000057,"[1, 1, 5, 5]","[0.261409, 0.261409, 0.261409, 0.261409]",
P3,loss,1.0,13,77.04,33.83198466780239,0.12000000000000455,"[0, 0, 0, 4]","[0.261409, 0.261409, 0.261409, 0.261409]",
P3,loss,1.0,14,76.65,57.884530999948375,0.10999999999999943,"[0, 0, 5, 5]","[0.261409, 0.261409, 0.261409, 0.261409]",
P3,loss,1.0,15,76.65,57.884530999948375,0.10999999999999943,"[0, 0, 5, 5]","[0.261409, 0.261409, 0.261409, 0.261409]",
P3,loss,1.0,16,76.55,39.1980925094213,-0.29999999999999716,"[1, 2, 4, 4]","[0.261409, 0.261409, 0.261409, 0.261409]",
P3,loss,1.0,17,76.65,57.884530999948375,0.10999999999999943,"[0, 0, 5, 5]","[0.261409, 0.261409, 0.261409, 0.261409]",
P3,loss,1.0,18,76.49,58.19572427856073,0.14000000000000057,"[1, 1, 5, 5]","[0.261409, 0.261409, 0.261409, 0.261409]",
P3,loss,1.0,19,76.49,58.19572427856073,0.14000000000000057,"[1, 1, 5, 5]","[0.261409, 0.261409, 0.261409, 0.261409]",
P3,loss,1.0,2,76.65,57.884530999948375,0.10999999999999943,"[0, 0, 5, 5]","[0.261409, 0.261409, 0.261409, 0.261409]",
P3,loss,1.0,3,76.9,38.58957978421351,0.010000000000005116,"[0, 0, 4, 4]","[0.261409, 0.261409, 0.261409, 0.261409]",
P3,loss,1.0,4,76.88,50.74805766351763,0.20999999999999375,"[0, 0, 0, 5]","[0.261409, 0.261409, 0.261409, 0.261409]",
P3,loss,1.0,42,76.56,58.181850446543805,0.2400000000000091,"[0, 1, 5, 5]","[0.261409, 0.261409, 0.261409, 0.261409]",
P3,loss,1.0,5,76.9,38.58957978421351,0.010000000000005116,"[0, 0, 4, 4]","[0.261409, 0.261409, 0.261409, 0.261409]",
P3,loss,1.0,6,76.65,57.884530999948375,0.10999999999999943,"[0, 0, 5, 5]","[0.261409, 0.261409, 0.261409, 0.261409]",
P3,loss,1.0,7,76.65,57.884530999948375,0.10999999999999943,"[0, 0, 5, 5]","[0.261409, 0.261409, 0.261409, 0.261409]",
P3,loss,1.0,8,76.56,58.181850446543805,0.2400000000000091,"[0, 1, 5, 5]","[0.261409, 0.261409, 0.261409, 0.261409]",
P3,loss,1.0,9,76.65,57.884530999948375,0.10999999999999943,"[0, 0, 5, 5]","[0.261409, 0.261409, 0.261409, 0.261409]",
