condition,definition,beta,seed,total_sparsity,test_accuracy,gm_test_accuracy,actions
P0,none,0.0,1,57.884530999948375,76.65,76.54,"[0, 0, 5, 5]"
P0,none,0.0,10,57.884530999948375,76.65,76.54,"[0, 0, 5, 5]"
P0,none,0.0,11,57.884530999948375,76.65,76.54,"[0, 0, 5, 5]"
P0,none,0.0,12,58.19572427856073,76.49,76.35,"[1, 1, 5, 5]"
P0,none,0.0,13,58.19572427856073,76.49,76.35,"[1, 1, 5, 5]"
P0,none,0.0,14,57.884530999948375,76.65,76.54,"[0, 0, 5, 5]"
P0,none,0.0,15,57.884530999948375,76.65,76.54,"[0, 0, 5, 5]"
P0,none,0.0,16,38.617488771875486,75.88,76.9,"[2, 0, 4, 4]"
P0,none,0.0,17,57.884530999948375,76.65,76.54,"[0, 0, 5, 5]"
P0,none,0.0,18,57.884530999948375,76.65,76.54,"[0, 0, 5, 5]"
P0,none,0.0,19,58.19572427856073,76.49,76.35,"[1, 1, 5, 5]"
P0,none,0.0,2,57.884530999948375,76.65,76.54,"[0, 0, 5, 5]"
P0,none,0.0,3,57.884530999948375,76.65,76.54,"[0, 0, 5, 5]"
P0,none,0.0,4,57.884530999948375,76.65,76.54,"[0, 0, 5, 5]"
P0,none,0.0,42,58.19572427856073,76.49,76.35,"[1, 1, 5, 5]"
P0,none,0.0,5,57.884530999948375,76.65,76.54,"[0, 0, 5, 5]"
P0,none,0.0,6,57.884530999948375,76.65,76.54,"[0, 0, 5, 5]"
P0,none,0.0,7,57.884530999948375,76.65,76.54,"[0, 0, 5, 5]"
P0,none,0.0,8,58.19572427856073,76.49,76.35,"[1, 1, 5, 5]"
P0,none,0.0,9,57.884530999948375,76.65,76.54,"[0, 0, 5, 5]"
P1,accuracy,0.5,1,57.884530999948375,76.65,76.54,"[0, 0, 5, 5]"
P1,accuracy,0.5,10,57.884530999948375,76.65,76.54,"[0, 0, 5, 5]"
P1,accuracy,0.5,11,53.12693588353724,76.96,76.66,"[0, 0, 2, 5]"
P1,accuracy,0.5,12,58.19572427856073,76.49,76.35,"[1, 1, 5, 5]"
P1,accuracy,0.5,13,38.58957978421351,76.9,76.89,"[0, 0, 4, 4]"
P1,accuracy,0.5,14,57.884530999948375,76.65,76.54,"[0, 0, 5, 5]"
P1,accuracy,0.5,15,57.884530999948375,76.65,76.54,"[0, 0, 5, 5]"
P1,accuracy,0.5,16,58.19572427856073,76.49,76.35,"[1, 1, 5, 5]"
P1,accuracy,0.5,17,57.884530999948375,76.65,76.54,"[0, 0, 5, 5]"
P1,accuracy,0.5,18,57.884530999948375,76.65,76.54,"[0, 0, 5, 5]"
P1,accuracy,0.5,19,58.19572427856073,76.49,76.35,"[1, 1, 5, 5]"
P1,accuracy,0.5,2,57.884530999948375,76.65,76.54,"[0, 0, 5, 5]"
P1,accuracy,0.5,3,57.884530999948375,76.65,76.54,"[0, 0, 5, 5]"
P1,accuracy,0.5,4,57.884530999948375,76.65,76.54,"[0, 0, 5, 5]"
P1,accuracy,0.5,42,57.884530999948375,76.65,76.54,"[0, 0, 5, 5]"
P1,accuracy,0.5,5,57.884530999948375,76.65,76.54,"[0, 0, 5, 5]"
P1,accuracy,0.5,6,57.884530999948375,76.65,76.54,"[0, 0, 5, 5]"
P1,accuracy,0.5,7,57.884530999948375,76.65,76.54,"[0, 0, 5, 5]"
P1,accuracy,0.5,8,58.19572427856073,76.49,76.35,"[1, 1, 5, 5]"
P1,accuracy,0.5,9,58.47916989313923,76.6,76.37,"[0, 2, 5, 5]"
P1,loss,0.5,1,58.181850446543805,76.56,76.32,"[0, 1, 5, 5]"
P1,loss,0.5,10,58.19572427856073,76.49,76.35,"[1, 1, 5, 5]"
P1,loss,0.5,11,50.74805766351763,76.88,76.67,"[0, 0, 0, 5]"
P1,loss,0.5,12,58.19572427856073,76.49,76.35,"[1, 1, 5, 5]"
P1,loss,0.5,13,38.58957978421351,76.9,76.89,"[0, 0, 4, 4]"
P1,loss,0.5,14,57.884530999948375,76.65,76.54,"[0, 0, 5, 5]"
P1,loss,0.5,15,57.884530999948375,76.65,76.54,"[0, 0, 5, 5]"
P1,loss,0.5,16,58.19572427856073,76.49,76.35,"[1, 1, 5, 5]"
P1,loss,0.5,17,57.884530999948375,76.65,76.54,"[0, 0, 5, 5]"
P1,loss,0.5,18,57.884530999948375,76.65,76.54,"[0, 0, 5, 5]"
P1,loss,0.5,19,58.19572427856073,76.49,76.35,"[1, 1, 5, 5]"
P1,loss,0.5,2,57.884530999948375,76.65,76.54,"[0, 0, 5, 5]"
P1,loss,0.5,3,57.884530999948375,76.65,76.54,"[0, 0, 5, 5]"
P1,loss,0.5,4,57.884530999948375,76.65,76.54,"[0, 0, 5, 5]"
P1,loss,0.5,42,58.181850446543805,76.56,76.32,"[0, 1, 5, 5]"
P1,loss,0.5,5,57.884530999948375,76.65,76.54,"[0, 0, 5, 5]"
P1,loss,0.5,6,57.884530999948375,76.65,76.54,"[0, 0, 5, 5]"
P1,loss,0.5,7,57.884530999948375,76.65,76.54,"[0, 0, 5, 5]"
P1,loss,0.5,8,58.19572427856073,76.49,76.35,"[1, 1, 5, 5]"
P1,loss,0.5,9,58.47916989313923,76.6,76.37,"[0, 2, 5, 5]"
P1,loss,1.0,1,57.884530999948375,76.65,76.54,"[0, 0, 5, 5]"
P1,loss,1.0,10,57.884530999948375,76.65,76.54,"[0, 0, 5, 5]"
P1,loss,1.0,11,57.884530999948375,76.65,76.54,"[0, 0, 5, 5]"
P1,loss,1.0,12,57.884530999948375,76.65,76.54,"[0, 0, 5, 5]"
P1,loss,1.0,13,50.74805766351763,76.88,76.67,"[0, 0, 0, 5]"
P1,loss,1.0,14,57.884530999948375,76.65,76.54,"[0, 0, 5, 5]"
P1,loss,1.0,15,54.31621366991895,76.98,76.6,"[0, 0, 3, 5]"
P1,loss,1.0,16,57.884530999948375,76.65,76.54,"[0, 0, 5, 5]"
P1,loss,1.0,17,57.884530999948375,76.65,76.54,"[0, 0, 5, 5]"
P1,loss,1.0,18,57.884530999948375,76.65,76.54,"[0, 0, 5, 5]"
P1,loss,1.0,19,58.181850446543805,76.56,76.32,"[0, 1, 5, 5]"
P1,loss,1.0,2,57.884530999948375,76.65,76.54,"[0, 0, 5, 5]"
P1,loss,1.0,3,57.884530999948375,76.65,76.54,"[0, 0, 5, 5]"
P1,loss,1.0,4,57.884530999948375,76.65,76.54,"[0, 0, 5, 5]"
P1,loss,1.0,42,58.181850446543805,76.56,76.32,"[0, 1, 5, 5]"
P1,loss,1.0,5,57.884530999948375,76.65,76.54,"[0, 0, 5, 5]"
P1,loss,1.0,6,57.884530999948375,76.65,76.54,"[0, 0, 5, 5]"
P1,loss,1.0,7,57.884530999948375,76.65,76.54,"[0, 0, 5, 5]"
P1,loss,1.0,8,58.181850446543805,76.56,76.32,"[0, 1, 5, 5]"
P1,loss,1.0,9,57.884530999948375,76.65,76.54,"[0, 0, 5, 5]"
P2,accuracy,0.5,1,57.884530999948375,76.65,76.54,"[0, 0, 5, 5]"
P2,accuracy,0.5,10,57.884530999948375,76.65,76.54,"[0, 0, 5, 5]"
P2,accuracy,0.5,11,58.507078880801195,75.35,76.37,"[2, 2, 5, 5]"
P2,accuracy,0.5,12,58.19572427856073,76.49,76.35,"[1, 1, 5, 5]"
P2,accuracy,0.5,13,38.58957978421351,76.9,76.89,"[0, 0, 4, 4]"
P2,accuracy,0.5,14,57.884530999948375,76.65,76.54,"[0, 0, 5, 5]"
P2,accuracy,0.5,15,54.31621366991895,76.98,76.6,"[0, 0, 3, 5]"
P2,accuracy,0.5,16,55.51952661194569,76.79,76.7,"[1, 0, 4, 5]"
P2,accuracy,0.5,17,57.884530999948375,76.65,76.54,"[0, 0, 5, 5]"
P2,accuracy,0.5,18,57.884530999948375,76.65,76.54,"[0, 0, 5, 5]"
P2,accuracy,0.5,19,58.19572427856073,76.49,76.35,"[1, 1, 5, 5]"
P2,accuracy,0.5,2,38.58957978421351,76.9,76.89,"[0, 0, 4, 4]"
P2,accuracy,0.5,3,40.968458004233135,76.38,76.88,"[0, 0, 5, 4]"
P2,accuracy,0.5,4,57.884530999948375,76.65,76.54,"[0, 0, 5, 5]"
P2,accuracy,0.5,42,38.88689923080894,76.94,76.86,"[0, 1, 4, 4]"
P2,accuracy,0.5,5,38.58957978421351,76.9,76.89,"[0, 0, 4, 4]"
P2,accuracy,0.5,6,57.884530999948375,76.65,76.54,"[0, 0, 5, 5]"
P2,accuracy,0.5,7,57.884530999948375,76.65,76.54,"[0, 0, 5, 5]"
P2,accuracy,0.5,8,57.91243998761035,75.66,76.53,"[2, 0, 5, 5]"
P2,accuracy,0.5,9,38.58957978421351,76.9,76.89,"[0, 0, 4, 4]"
P2,loss,0.5,1,57.884530999948375,76.65,76.54,"[0, 0, 5, 5]"
P2,loss,0.5,10,54.31621366991895,76.98,76.6,"[0, 0, 3, 5]"
P2,loss,0.5,11,58.507078880801195,75.35,76.37,"[2, 2, 5, 5]"
P2,loss,0.5,12,58.19572427856073,76.49,76.35,"[1, 1, 5, 5]"
P2,loss,0.5,13,38.58957978421351,76.9,76.89,"[0, 0, 4, 4]"
P2,loss,0.5,14,57.884530999948375,76.65,76.54,"[0, 0, 5, 5]"
P2,loss,0.5,15,57.884530999948375,76.65,76.54,"[0, 0, 5, 5]"
P2,loss,0.5,16,37.71133395281606,76.94,76.95,"[1, 1, 3, 4]"
P2,loss,0.5,17,57.884530999948375,76.65,76.54,"[0, 0, 5, 5]"
P2,loss,0.5,18,57.884530999948375,76.65,76.54,"[0, 0, 5, 5]"
P2,loss,0.5,19,58.19572427856073,76.49,76.35,"[1, 1, 5, 5]"
P2,loss,0.5,2,38.58957978421351,76.9,76.89,"[0, 0, 4, 4]"
P2,loss,0.5,3,38.58957978421351,76.9,76.89,"[0, 0, 4, 4]"
P2,loss,0.5,4,57.884530999948375,76.65,76.54,"[0, 0, 5, 5]"
P2,loss,0.5,42,35.33261705642455,76.94,76.95,"[1, 1, 1, 4]"
P2,loss,0.5,5,38.88689923080894,76.94,76.86,"[0, 1, 4, 4]"
P2,loss,0.5,6,57.884530999948375,76.65,76.54,"[0, 0, 5, 5]"
P2,loss,0.5,7,57.884530999948375,76.65,76.54,"[0, 0, 5, 5]"
P2,loss,0.5,8,57.884530999948375,76.65,76.54,"[0, 0, 5, 5]"
P2,loss,0.5,9,38.58957978421351,76.9,76.89,"[0, 0, 4, 4]"
P2,loss,1.0,1,57.884530999948375,76.65,76.54,"[0, 0, 5, 5]"
P2,loss,1.0,10,58.181850446543805,76.56,76.32,"[0, 1, 5, 5]"
P2,loss,1.0,11,50.74805766351763,76.88,76.67,"[0, 0, 0, 5]"
P2,loss,1.0,12,38.90077306282588,76.77,76.86,"[1, 1, 4, 4]"
P2,loss,1.0,13,33.83198466780239,77.04,76.92,"[0, 0, 0, 4]"
P2,loss,1.0,14,57.884530999948375,76.65,76.54,"[0, 0, 5, 5]"
P2,loss,1.0,15,57.884530999948375,76.65,76.54,"[0, 0, 5, 5]"
P2,loss,1.0,16,39.21212766506633,75.64,76.87,"[2, 2, 4, 4]"
P2,loss,1.0,17,57.884530999948375,76.65,76.54,"[0, 0, 5, 5]"
P2,loss,1.0,18,57.884530999948375,76.65,76.54,"[0, 0, 5, 5]"
P2,loss,1.0,19,58.19572427856073,76.49,76.35,"[1, 1, 5, 5]"
P2,loss,1.0,2,38.58957978421351,76.9,76.89,"[0, 0, 4, 4]"
P2,loss,1.0,3,38.58957978421351,76.9,76.89,"[0, 0, 4, 4]"
P2,loss,1.0,4,57.884530999948375,76.65,76.54,"[0, 0, 5, 5]"
P2,loss,1.0,42,35.021423777812196,77.11,76.95,"[0, 0, 1, 4]"
P2,loss,1.0,5,38.90077306282588,76.77,76.86,"[1, 1, 4, 4]"
P2,loss,1.0,6,38.90077306282588,76.77,76.86,"[1, 1, 4, 4]"
P2,loss,1.0,7,53.74948376439007,75.62,76.64,"[2, 2, 2, 5]"
P2,loss,1.0,8,58.19572427856073,76.49,76.35,"[1, 1, 5, 5]"
P2,loss,1.0,9,38.58957978421351,76.9,76.89,"[0, 0, 4, 4]"
P3,accuracy,0.5,1,57.884530999948375,76.65,76.54,"[0, 0, 5, 5]"
P3,accuracy,0.5,10,57.89840483196531,76.46,76.55,"[1, 0, 5, 5]"
P3,accuracy,0.5,11,57.884530999948375,76.65,76.54,"[0, 0, 5, 5]"
P3,accuracy,0.5,12,58.19572427856073,76.49,76.35,"[1, 1, 5, 5]"
P3,accuracy,0.5,13,57.884530999948375,76.65,76.54,"[0, 0, 5, 5]"
P3,accuracy,0.5,14,57.884530999948375,76.65,76.54,"[0, 0, 5, 5]"
P3,accuracy,0.5,15,57.884530999948375,76.65,76.54,"[0, 0, 5, 5]"
P3,accuracy,0.5,16,58.507078880801195,75.35,76.37,"[2, 2, 5, 5]"
P3,accuracy,0.5,17,57.884530999948375,76.65,76.54,"[0, 0, 5, 5]"
P3,accuracy,0.5,18,57.884530999948375,76.65,76.54,"[0, 0, 5, 5]"
P3,accuracy,0.5,19,58.181850446543805,76.56,76.32,"[0, 1, 5, 5]"
P3,accuracy,0.5,2,33.83198466780239,77.04,76.92,"[0, 0, 0, 4]"
P3,accuracy,0.5,3,40.968458004233135,76.38,76.88,"[0, 0, 5, 4]"
P3,accuracy,0.5,4,57.884530999948375,76.65,76.54,"[0, 0, 5, 5]"
P3,accuracy,0.5,42,58.181850446543805,76.56,76.32,"[0, 1, 5, 5]"
P3,accuracy,0.5,5,50.74805766351763,76.88,76.67,"[0, 0, 0, 5]"
P3,accuracy,0.5,6,57.884530999948375,76.65,76.54,"[0, 0, 5, 5]"
P3,accuracy,0.5,7,50.74805766351763,76.88,76.67,"[0, 0, 0, 5]"
P3,accuracy,0.5,8,58.181850446543805,76.56,76.32,"[0, 1, 5, 5]"
P3,accuracy,0.5,9,58.507078880801195,75.35,76.37,"[2, 2, 5, 5]"
P3,loss,0.5,1,57.884530999948375,76.65,76.54,"[0, 0, 5, 5]"
P3,loss,0.5,10,57.89840483196531,76.46,76.55,"[1, 0, 5, 5]"
P3,loss,0.5,11,57.884530999948375,76.65,76.54,"[0, 0, 5, 5]"
P3,loss,0.5,12,58.19572427856073,76.49,76.35,"[1, 1, 5, 5]"
P3,loss,0.5,13,38.58957978421351,76.9,76.89,"[0, 0, 4, 4]"
P3,loss,0.5,14,57.884530999948375,76.65,76.54,"[0, 0, 5, 5]"
P3,loss,0.5,15,57.884530999948375,76.65,76.54,"[0, 0, 5, 5]"
P3,loss,0.5,16,58.507078880801195,75.35,76.37,"[2, 2, 5, 5]"
P3,loss,0.5,17,57.884530999948375,76.65,76.54,"[0, 0, 5, 5]"
P3,loss,0.5,18,57.884530999948375,76.65,76.54,"[0, 0, 5, 5]"
P3,loss,0.5,19,58.181850446543805,76.56,76.32,"[0, 1, 5, 5]"
P3,loss,0.5,2,38.58957978421351,76.9,76.89,"[0, 0, 4, 4]"
P3,loss,0.5,3,57.884530999948375,76.65,76.54,"[0, 0, 5, 5]"
P3,loss,0.5,4,50.74805766351763,76.88,76.67,"[0, 0, 0, 5]"
P3,loss,0.5,42,58.19572427856073,76.49,76.35,"[1, 1, 5, 5]"
P3,loss,0.5,5,38.90077306282588,76.77,76.86,"[1, 1, 4, 4]"
P3,loss,0.5,6,57.884530999948375,76.65,76.54,"[0, 0, 5, 5]"
P3,loss,0.5,7,53.12693588353724,76.96,76.66,"[0, 0, 2, 5]"
P3,loss,0.5,8,58.181850446543805,76.56,76.32,"[0, 1, 5, 5]"
P3,loss,0.5,9,58.47916989313923,76.6,76.37,"[0, 2, 5, 5]"
P3,loss,1.0,1,58.19572427856073,76.49,76.35,"[1, 1, 5, 5]"
P3,loss,1.0,10,57.884530999948375,76.65,76.54,"[0, 0, 5, 5]"
P3,loss,1.0,11,57.884530999948375,76.65,76.54,"[0, 0, 5, 5]"
P3,loss,1.0,12,58.19572427856073,76.49,76.35,"[1, 1, 5, 5]"
P3,loss,1.0,13,33.83198466780239,77.04,76.92,"[0, 0, 0, 4]"
P3,loss,1.0,14,57.884530999948375,76.65,76.54,"[0, 0, 5, 5]"
P3,loss,1.0,15,57.884530999948375,76.65,76.54,"[0, 0, 5, 5]"
P3,loss,1.0,16,39.1980925094213,76.55,76.85,"[1, 2, 4, 4]"
P3,loss,1.0,17,57.884530999948375,76.65,76.54,"[0, 0, 5, 5]"
P3,loss,1.0,18,58.19572427856073,76.49,76.35,"[1, 1, 5, 5]"
P3,loss,1.0,19,58.19572427856073,76.49,76.35,"[1, 1, 5, 5]"
P3,loss,1.0,2,57.884530999948375,76.65,76.54,"[0, 0, 5, 5]"
P3,loss,1.0,3,38.58957978421351,76.9,76.89,"[0, 0, 4, 4]"
P3,loss,1.0,4,50.74805766351763,76.88,76.67,"[0, 0, 0, 5]"
P3,loss,1.0,42,58.181850446543805,76.56,76.32,"[0, 1, 5, 5]"
P3,loss,1.0,5,38.58957978421351,76.9,76.89,"[0, 0, 4, 4]"
P3,loss,1.0,6,57.884530999948375,76.65,76.54,"[0, 0, 5, 5]"
P3,loss,1.0,7,57.884530999948375,76.65,76.54,"[0, 0, 5, 5]"
P3,loss,1.0,8,58.181850446543805,76.56,76.32,"[0, 1, 5, 5]"
P3,loss,1.0,9,57.884530999948375,76.65,76.54,"[0, 0, 5, 5]"
