dataset,arch,seed,reference_model,lr,epochs,selected_epoch,val_accuracy,val_loss,test_accuracy,last_epoch_val_accuracy,final_train_accuracy,params_total,wall_minutes,threads,checkpoint,checkpoint_sha256,run_id
cifar10,lenet5,0,True,0.001,30,28,64.32,0.9993840042114258,64.96,64.28,63.04888888888889,62006,4.180000000000001,4,checkpoints/phase2_dense/cifar10/lenet5_seed0.pth,5ca6e0fce0fd4346562cd041230beff7722a4815cce5c9c4ea78039c396f9bdf,cifar10_lenet5_seed0
cifar10,lenet5,1,False,0.001,30,25,64.72,0.9877120290756226,65.77,64.58,63.53111111111111,62006,4.528333333333333,4,checkpoints/phase2_dense/cifar10/lenet5_seed1.pth,93ccb63a3f8ebcb70b1b12a0472393f4077ca90eea24c9472f9582ecb3b9b1be,cifar10_lenet5_seed1
cifar10,lenet5,2,False,0.001,30,29,67.86,0.9260404539108277,67.89,67.84,65.84222222222222,62006,4.903333333333333,4,checkpoints/phase2_dense/cifar10/lenet5_seed2.pth,9d54fc300b7e4f21605d5d1a0863b78e20b2a103a5ff0a313de3f8318852d82f,cifar10_lenet5_seed2
cifar10,resnet8,0,True,0.001,30,27,78.72,0.611699207019806,78.69,78.58,80.5111111111111,78042,40.055,4,checkpoints/phase2_dense/cifar10/resnet8_seed0.pth,41fc5ee592b96fa0b086b2e23ca6f6b74d284e93cb884eace3eb38f1d0dc8b40,cifar10_resnet8_seed0
cifar10,resnet8,1,False,0.001,30,30,78.36,0.6253203662872314,78.19,78.36,80.00888888888889,78042,38.888333333333335,4,checkpoints/phase2_dense/cifar10/resnet8_seed1.pth,0f25f465ce764c48ec8336408732a273cf846a5c0c10c572e59542428f07e17c,cifar10_resnet8_seed1
cifar10,resnet8,2,False,0.001,30,29,78.78,0.6020311149597168,79.2,78.56,80.96,78042,38.89,4,checkpoints/phase2_dense/cifar10/resnet8_seed2.pth,1c4b889ea32d2508ebf865006a1e51e722e8c6b75fa8f0828cc2a7d4efe2f5a5,cifar10_resnet8_seed2
cifar100,lenet5,0,True,0.001,30,26,32.58,2.7141273204803467,32.28,32.32,31.824444444444445,69656,5.093333333333334,4,checkpoints/phase2_dense/cifar100/lenet5_seed0.pth,8e1b1aee6cff5a8ebdcb774550502782a63130f4545a48071cf6bb6ccd6cd623,cifar100_lenet5_seed0
cifar100,lenet5,1,False,0.001,30,27,31.74,2.767192639541626,30.86,31.62,31.322222222222223,69656,5.196666666666667,4,checkpoints/phase2_dense/cifar100/lenet5_seed1.pth,0a2cbfba5563e10cb063a95d251e68178d15698ec033409eeb0e2e00031a21e6,cifar100_lenet5_seed1
cifar100,lenet5,2,False,0.001,30,24,32.14,2.752405214309692,31.13,32.12,31.373333333333335,69656,4.761666666666667,4,checkpoints/phase2_dense/cifar100/lenet5_seed2.pth,9025ca90090bbfb96580cb9af619069cfcc69a6440735ce39ecfa8867912e85e,cifar100_lenet5_seed2
cifar100,resnet8,0,True,0.001,30,27,43.48,2.147407949066162,43.99,43.44,45.16888888888889,83892,38.63166666666667,4,checkpoints/phase2_dense/cifar100/resnet8_seed0.pth,8b84bfad252eae4116720ddfd986cc1ddde78a790f9c9690621bcdf199b7153f,cifar100_resnet8_seed0
cifar100,resnet8,1,False,0.001,30,30,43.26,2.1603503410339355,42.98,43.26,45.46,83892,38.47,4,checkpoints/phase2_dense/cifar100/resnet8_seed1.pth,6c673870e0d06929252b0636d4cf063efeff105ea955f9964c283b763dbd3e11,cifar100_resnet8_seed1
cifar100,resnet8,2,False,0.001,30,28,42.46,2.171320873260498,43.76,42.34,45.022222222222226,83892,38.50833333333333,4,checkpoints/phase2_dense/cifar100/resnet8_seed2.pth,f8e5227a769e933d99908b49a2de29e66eff67a1f642b518943cda7eaa9c23d7,cifar100_resnet8_seed2
cifar100,simplecnn,0,True,0.001,30,30,49.08,1.956271724128723,50.5,49.08,57.873333333333335,643492,29.868333333333332,4,checkpoints/phase2_dense/cifar100/simplecnn_seed0.pth,d75dd19ca3178d43473031630469bcfc5d738e1cf54c3c9685b35cf808b684ff,cifar100_simplecnn_seed0
cifar100,simplecnn,1,False,0.001,30,30,47.72,2.0156086824417114,49.21,47.72,56.04888888888889,643492,27.831666666666667,4,checkpoints/phase2_dense/cifar100/simplecnn_seed1.pth,2617f410b72072fe7825a05c7c71768f1960d10278587945eddbcf2818251275,cifar100_simplecnn_seed1
cifar100,simplecnn,2,False,0.001,30,26,49.54,1.9408270135879517,49.82,49.42,56.504444444444445,643492,27.178333333333335,4,checkpoints/phase2_dense/cifar100/simplecnn_seed2.pth,c60c705d8ba8338b3b34d452bd988ae1edbeaa7f1e3737599f79eb48ebd3efeb,cifar100_simplecnn_seed2
