setting,method,n,test_mean,sparsity_mean,retention_mean
cifar10_simplecnn,dense,1,77.030000000000001,0,100
cifar10_simplecnn,PPO P0,20,76.442999999999998,55.059471955500484,99.237959236661055
cifar10_simplecnn,PPO P1,20,76.510999999999996,56.865167324867073,99.32623653122161
cifar10_simplecnn,PPO P2,20,76.239999999999981,55.953358112642604,98.974425548487602
cifar10_simplecnn,PPO P3,20,76.361000000000004,56.037690039233915,99.13150720498507
cifar10_simplecnn,uniform (matched to P0),20,45.077999999999996,55.059471955500484,58.52005712060236
cifar10_simplecnn,global (matched to P0),20,76.508999999999986,55.059471955500484,99.3236401402051
cifar10_simplecnn,lamp (matched to P0),20,76.989499999999992,55.059471955500484,99.947423081916128
cifar10_simplecnn,erk (matched to P0),20,75.695000000000022,55.059471955500484,98.266908996494863
cifar10_simplecnn,random (matched to P0),20,16.8399,55.059471955500484,21.861482539270412
cifar10_lenet5,dense,1,64.959999999999994,0,100
cifar10_lenet5,PPO P0,20,61.671000000000006,51.540310830500246,94.936884236453224
cifar10_lenet5,PPO P1,20,62.174500000000002,53.197425934919863,95.711976600985253
cifar10_lenet5,PPO P2,20,62.537500000000001,48.592034968431271,96.270782019704455
cifar10_lenet5,PPO P3,20,62.833500000000001,47.451432734337061,96.726447044334989
cifar10_lenet5,uniform (matched to P0),20,45.380499999999998,51.540310830500246,69.859144088669964
cifar10_lenet5,global (matched to P0),20,58.935000000000002,51.540310830500246,90.725061576354705
cifar10_lenet5,lamp (matched to P0),20,63.313499999999998,51.540310830500246,97.465363300492626
cifar10_lenet5,erk (matched to P0),20,59.737499999999997,51.540310830500246,91.960437192118249
cifar10_lenet5,random (matched to P0),20,12.9856,51.540310830500246,19.990147783251231
cifar10_resnet8,dense,1,78.689999999999998,0,100
cifar10_resnet8,PPO P0,20,76.951499999999996,28.345656670113755,97.79069767441861
cifar10_resnet8,PPO P1,20,76.873999999999995,30.308234229576009,97.692209937730325
cifar10_resnet8,PPO P2,20,77.001500000000007,26.955985005170628,97.854238149701374
cifar10_resnet8,PPO P3,20,76.494500000000002,29.204433815925547,97.209937730334218
cifar10_resnet8,uniform (matched to P0),20,62.786500000000004,28.345656670113755,79.789681026814094
cifar10_resnet8,global (matched to P0),20,69.572999999999993,28.345656670113755,88.414029736942439
cifar10_resnet8,lamp (matched to P0),20,76.799000000000007,28.345656670113755,97.596899224806208
cifar10_resnet8,erk (matched to P0),20,77.012500000000017,28.345656670113755,97.868217054263567
cifar10_resnet8,random (matched to P0),20,12.590350000000001,28.345656670113755,15.999936459524719
cifar100_simplecnn,dense,1,50.5,0,100
cifar100_simplecnn,PPO P0,20,49.656500000000001,53.277532539445517,98.329702970297049
cifar100_simplecnn,PPO P1,20,49.477499999999999,54.322636690557978,97.975247524752476
cifar100_simplecnn,PPO P2,20,49.520499999999998,53.394469227514811,98.060396039603958
cifar100_simplecnn,PPO P3,20,49.4955,54.209961861032319,98.010891089108924
cifar100_simplecnn,uniform (matched to P0),20,19.9635,53.277532539445517,39.531683168316832
cifar100_simplecnn,global (matched to P0),20,49.665000000000006,53.277532539445517,98.346534653465341
cifar100_simplecnn,lamp (matched to P0),20,50.302999999999997,53.277532539445517,99.609900990099007
cifar100_simplecnn,erk (matched to P0),20,45.307000000000002,53.277532539445517,89.716831683168309
cifar100_simplecnn,random (matched to P0),20,2.3686499999999997,53.277532539445517,4.6903960396039608
cifar100_lenet5,dense,1,32.280000000000001,0,100
cifar100_lenet5,PPO P0,20,31.184999999999995,34.590437040242321,96.607806691449824
cifar100_lenet5,PPO P1,20,30.805500000000002,36.980311553440075,95.432156133828997
cifar100_lenet5,PPO P2,20,31.149499999999996,34.37234963219386,96.497831474597291
cifar100_lenet5,PPO P3,20,31.046999999999997,35.034400692340981,96.180297397769522
cifar100_lenet5,uniform (matched to P0),20,27.513500000000004,34.590437040242321,85.233890954151178
cifar100_lenet5,global (matched to P0),20,31.318499999999993,34.590437040242321,97.021375464683999
cifar100_lenet5,lamp (matched to P0),20,31.862499999999994,34.590437040242321,98.706629491945492
cifar100_lenet5,erk (matched to P0),20,30.883000000000003,34.590437040242321,95.672242874845097
cifar100_lenet5,random (matched to P0),20,3.2940499999999999,34.590437040242321,10.204615861214375
cifar100_resnet8,dense,1,43.990000000000002,0,100
cifar100_resnet8,PPO P0,20,43.0105,9.457290664100098,97.773357581268471
cifar100_resnet8,PPO P1,20,43.126000000000005,8.7628729547641981,98.03591725392134
cifar100_resnet8,PPO P2,20,43.006000000000007,9.2262391722810406,97.763127983632643
cifar100_resnet8,PPO P3,20,43.093500000000006,8.6206689124157858,97.962036826551497
cifar100_resnet8,uniform (matched to P0),20,42.781500000000008,9.457290664100098,97.252784723800872
cifar100_resnet8,global (matched to P0),20,42.735500000000002,9.457290664100098,97.148215503523502
cifar100_resnet8,lamp (matched to P0),20,43.759999999999998,9.457290664100098,99.477153898613295
cifar100_resnet8,erk (matched to P0),20,43.808000000000007,9.457290664100098,99.586269606728791
cifar100_resnet8,random (matched to P0),20,4.2530999999999999,9.457290664100098,9.6683337122073212
