setting,method,seed,sparsity,test_accuracy,kind
cifar100_lenet5,PPO P0,300,34.33145824318477,31.050000000000001,PPO final model
cifar100_lenet5,PPO P0,301,34.33145824318477,31.050000000000001,PPO final model
cifar100_lenet5,PPO P0,302,43.405452185201213,31.07,PPO final model
cifar100_lenet5,PPO P0,303,34.201644309822591,31.43,PPO final model
cifar100_lenet5,PPO P0,304,34.742535698831674,30.5,PPO final model
cifar100_lenet5,PPO P0,305,34.33145824318477,31.050000000000001,PPO final model
cifar100_lenet5,PPO P0,306,33.920380787537866,31.370000000000001,PPO final model
cifar100_lenet5,PPO P0,307,33.920380787537866,31.370000000000001,PPO final model
cifar100_lenet5,PPO P0,308,33.920380787537866,31.370000000000001,PPO final model
cifar100_lenet5,PPO P0,309,34.33145824318477,31.050000000000001,PPO final model
cifar100_lenet5,PPO P0,310,33.920380787537866,31.370000000000001,PPO final model
cifar100_lenet5,PPO P0,311,34.33145824318477,31.050000000000001,PPO final model
cifar100_lenet5,PPO P0,312,34.266551276503677,31.32,PPO final model
cifar100_lenet5,PPO P0,313,34.33145824318477,31.050000000000001,PPO final model
cifar100_lenet5,PPO P0,314,33.509303331890955,31.379999999999999,PPO final model
cifar100_lenet5,PPO P0,315,33.920380787537866,31.370000000000001,PPO final model
cifar100_lenet5,PPO P0,316,33.920380787537866,31.370000000000001,PPO final model
cifar100_lenet5,PPO P0,317,34.33145824318477,31.050000000000001,PPO final model
cifar100_lenet5,PPO P0,318,34.33145824318477,31.050000000000001,PPO final model
cifar100_lenet5,PPO P0,319,33.509303331890955,31.379999999999999,PPO final model
cifar100_lenet5,PPO P1,300,34.266551276503677,31.32,PPO final model
cifar100_lenet5,PPO P1,301,33.920380787537866,31.370000000000001,PPO final model
cifar100_lenet5,PPO P1,302,43.405452185201213,31.07,PPO final model
cifar100_lenet5,PPO P1,303,34.201644309822591,31.43,PPO final model
cifar100_lenet5,PPO P1,304,33.509303331890955,31.379999999999999,PPO final model
cifar100_lenet5,PPO P1,305,33.920380787537866,31.370000000000001,PPO final model
cifar100_lenet5,PPO P1,306,50.67503245348334,28.809999999999999,PPO final model
cifar100_lenet5,PPO P1,307,33.920380787537866,31.370000000000001,PPO final model
cifar100_lenet5,PPO P1,308,33.920380787537866,31.370000000000001,PPO final model
cifar100_lenet5,PPO P1,309,34.33145824318477,31.050000000000001,PPO final model
cifar100_lenet5,PPO P1,310,25.543054954565122,31.620000000000001,PPO final model
cifar100_lenet5,PPO P1,311,51.086109909130244,28.68,PPO final model
cifar100_lenet5,PPO P1,312,50.67503245348334,28.809999999999999,PPO final model
cifar100_lenet5,PPO P1,313,34.33145824318477,31.050000000000001,PPO final model
cifar100_lenet5,PPO P1,314,34.33145824318477,31.050000000000001,PPO final model
cifar100_lenet5,PPO P1,315,33.920380787537866,31.370000000000001,PPO final model
cifar100_lenet5,PPO P1,316,33.509303331890955,31.379999999999999,PPO final model
cifar100_lenet5,PPO P1,317,25.543054954565122,31.620000000000001,PPO final model
cifar100_lenet5,PPO P1,318,34.33145824318477,31.050000000000001,PPO final model
cifar100_lenet5,PPO P1,319,50.263954997836436,28.940000000000001,PPO final model
cifar100_lenet5,PPO P2,300,34.33145824318477,31.050000000000001,PPO final model
cifar100_lenet5,PPO P2,301,34.33145824318477,31.050000000000001,PPO final model
cifar100_lenet5,PPO P2,302,33.920380787537866,31.370000000000001,PPO final model
cifar100_lenet5,PPO P2,303,34.33145824318477,31.050000000000001,PPO final model
cifar100_lenet5,PPO P2,304,25.954132410212029,31.57,PPO final model
cifar100_lenet5,PPO P2,305,31.293812202509734,32.060000000000002,PPO final model
cifar100_lenet5,PPO P2,306,33.920380787537866,31.370000000000001,PPO final model
cifar100_lenet5,PPO P2,307,33.920380787537866,31.370000000000001,PPO final model
cifar100_lenet5,PPO P2,308,33.920380787537866,31.370000000000001,PPO final model
cifar100_lenet5,PPO P2,309,34.33145824318477,31.050000000000001,PPO final model
cifar100_lenet5,PPO P2,310,33.920380787537866,31.370000000000001,PPO final model
cifar100_lenet5,PPO P2,311,50.263954997836436,28.940000000000001,PPO final model
cifar100_lenet5,PPO P2,312,33.920380787537866,31.370000000000001,PPO final model
cifar100_lenet5,PPO P2,313,34.33145824318477,31.050000000000001,PPO final model
cifar100_lenet5,PPO P2,314,33.509303331890955,31.379999999999999,PPO final model
cifar100_lenet5,PPO P2,315,33.920380787537866,31.370000000000001,PPO final model
cifar100_lenet5,PPO P2,316,34.33145824318477,31.050000000000001,PPO final model
cifar100_lenet5,PPO P2,317,34.33145824318477,31.050000000000001,PPO final model
cifar100_lenet5,PPO P2,318,34.33145824318477,31.050000000000001,PPO final model
cifar100_lenet5,PPO P2,319,34.33145824318477,31.050000000000001,PPO final model
cifar100_lenet5,PPO P3,300,34.33145824318477,31.050000000000001,PPO final model
cifar100_lenet5,PPO P3,301,34.33145824318477,31.050000000000001,PPO final model
cifar100_lenet5,PPO P3,302,51.086109909130244,28.68,PPO final model
cifar100_lenet5,PPO P3,303,34.201644309822591,31.43,PPO final model
cifar100_lenet5,PPO P3,304,34.677628732150588,30.93,PPO final model
cifar100_lenet5,PPO P3,305,27.693639117265253,32.009999999999998,PPO final model
cifar100_lenet5,PPO P3,306,33.920380787537866,31.370000000000001,PPO final model
cifar100_lenet5,PPO P3,307,33.920380787537866,31.370000000000001,PPO final model
cifar100_lenet5,PPO P3,308,33.920380787537866,31.370000000000001,PPO final model
cifar100_lenet5,PPO P3,309,34.33145824318477,31.050000000000001,PPO final model
cifar100_lenet5,PPO P3,310,33.920380787537866,31.370000000000001,PPO final model
cifar100_lenet5,PPO P3,311,50.263954997836436,28.940000000000001,PPO final model
cifar100_lenet5,PPO P3,312,33.920380787537866,31.370000000000001,PPO final model
cifar100_lenet5,PPO P3,313,34.33145824318477,31.050000000000001,PPO final model
cifar100_lenet5,PPO P3,314,33.509303331890955,31.379999999999999,PPO final model
cifar100_lenet5,PPO P3,315,33.920380787537866,31.370000000000001,PPO final model
cifar100_lenet5,PPO P3,316,34.33145824318477,31.050000000000001,PPO final model
cifar100_lenet5,PPO P3,317,25.543054954565122,31.620000000000001,PPO final model
cifar100_lenet5,PPO P3,318,34.33145824318477,31.050000000000001,PPO final model
cifar100_lenet5,PPO P3,319,34.201644309822591,31.43,PPO final model
cifar100_resnet8,PPO P0,300,9.2288257940327245,42.990000000000002,PPO final model
cifar100_resnet8,PPO P0,301,9.2288257940327245,42.990000000000002,PPO final model
cifar100_resnet8,PPO P0,302,9.2288257940327245,42.990000000000002,PPO final model
cifar100_resnet8,PPO P0,303,9.2288257940327245,42.990000000000002,PPO final model
cifar100_resnet8,PPO P0,304,9.2288257940327245,42.990000000000002,PPO final model
cifar100_resnet8,PPO P0,305,9.2288257940327245,42.990000000000002,PPO final model
cifar100_resnet8,PPO P0,306,9.2288257940327245,42.990000000000002,PPO final model
cifar100_resnet8,PPO P0,307,9.2288257940327245,42.990000000000002,PPO final model
cifar100_resnet8,PPO P0,308,9.2288257940327245,42.990000000000002,PPO final model
cifar100_resnet8,PPO P0,309,9.2288257940327245,42.990000000000002,PPO final model
cifar100_resnet8,PPO P0,310,9.2288257940327245,42.990000000000002,PPO final model
cifar100_resnet8,PPO P0,311,9.2288257940327245,42.990000000000002,PPO final model
cifar100_resnet8,PPO P0,312,9.2288257940327245,42.990000000000002,PPO final model
cifar100_resnet8,PPO P0,313,9.2288257940327245,42.990000000000002,PPO final model
cifar100_resnet8,PPO P0,314,9.2288257940327245,42.990000000000002,PPO final model
cifar100_resnet8,PPO P0,315,9.2288257940327245,42.990000000000002,PPO final model
cifar100_resnet8,PPO P0,316,13.798123195380173,43.399999999999999,PPO final model
cifar100_resnet8,PPO P0,317,9.2288257940327245,42.990000000000002,PPO final model
cifar100_resnet8,PPO P0,318,9.2288257940327245,42.990000000000002,PPO final model
cifar100_resnet8,PPO P0,319,9.2288257940327245,42.990000000000002,PPO final model
cifar100_resnet8,PPO P1,300,9.2288257940327245,42.990000000000002,PPO final model
cifar100_resnet8,PPO P1,301,9.2288257940327245,42.990000000000002,PPO final model
cifar100_resnet8,PPO P1,302,9.2288257940327245,42.990000000000002,PPO final model
cifar100_resnet8,PPO P1,303,0,43.990000000000002,PPO final model
cifar100_resnet8,PPO P1,304,9.2288257940327245,42.990000000000002,PPO final model
cifar100_resnet8,PPO P1,305,9.2288257940327245,42.990000000000002,PPO final model
cifar100_resnet8,PPO P1,306,9.2288257940327245,42.990000000000002,PPO final model
cifar100_resnet8,PPO P1,307,9.2288257940327245,42.990000000000002,PPO final model
cifar100_resnet8,PPO P1,308,9.2288257940327245,42.990000000000002,PPO final model
cifar100_resnet8,PPO P1,309,9.2288257940327245,42.990000000000002,PPO final model
cifar100_resnet8,PPO P1,310,0,43.990000000000002,PPO final model
cifar100_resnet8,PPO P1,311,6.8984600577478341,43.810000000000002,PPO final model
cifar100_resnet8,PPO P1,312,9.2288257940327245,42.990000000000002,PPO final model
cifar100_resnet8,PPO P1,313,9.2288257940327245,42.990000000000002,PPO final model
cifar100_resnet8,PPO P1,314,9.2288257940327245,42.990000000000002,PPO final model
cifar100_resnet8,PPO P1,315,9.2288257940327245,42.990000000000002,PPO final model
cifar100_resnet8,PPO P1,316,13.798123195380173,43.399999999999999,PPO final model
cifar100_resnet8,PPO P1,317,9.2288257940327245,42.990000000000002,PPO final model
cifar100_resnet8,PPO P1,318,16.128488931665064,42.479999999999997,PPO final model
cifar100_resnet8,PPO P1,319,9.2288257940327245,42.990000000000002,PPO final model
cifar100_resnet8,PPO P2,300,9.2288257940327245,42.990000000000002,PPO final model
cifar100_resnet8,PPO P2,301,9.2288257940327245,42.990000000000002,PPO final model
cifar100_resnet8,PPO P2,302,9.2288257940327245,42.990000000000002,PPO final model
cifar100_resnet8,PPO P2,303,9.2288257940327245,42.990000000000002,PPO final model
cifar100_resnet8,PPO P2,304,9.2288257940327245,42.990000000000002,PPO final model
cifar100_resnet8,PPO P2,305,9.2288257940327245,42.990000000000002,PPO final model
cifar100_resnet8,PPO P2,306,9.2288257940327245,42.990000000000002,PPO final model
cifar100_resnet8,PPO P2,307,9.2288257940327245,42.990000000000002,PPO final model
cifar100_resnet8,PPO P2,308,9.2288257940327245,42.990000000000002,PPO final model
cifar100_resnet8,PPO P2,309,9.2288257940327245,42.990000000000002,PPO final model
cifar100_resnet8,PPO P2,310,9.2288257940327245,42.990000000000002,PPO final model
cifar100_resnet8,PPO P2,311,9.2288257940327245,42.990000000000002,PPO final model
cifar100_resnet8,PPO P2,312,9.2288257940327245,42.990000000000002,PPO final model
cifar100_resnet8,PPO P2,313,9.2288257940327245,42.990000000000002,PPO final model
cifar100_resnet8,PPO P2,314,9.2288257940327245,42.990000000000002,PPO final model
cifar100_resnet8,PPO P2,315,9.2288257940327245,42.990000000000002,PPO final model
cifar100_resnet8,PPO P2,316,9.1770933589990378,43.310000000000002,PPO final model
cifar100_resnet8,PPO P2,317,9.2288257940327245,42.990000000000002,PPO final model
cifar100_resnet8,PPO P2,318,9.2288257940327245,42.990000000000002,PPO final model
cifar100_resnet8,PPO P2,319,9.2288257940327245,42.990000000000002,PPO final model
cifar100_resnet8,PPO P3,300,9.2288257940327245,42.990000000000002,PPO final model
cifar100_resnet8,PPO P3,301,0,43.990000000000002,PPO final model
cifar100_resnet8,PPO P3,302,9.2288257940327245,42.990000000000002,PPO final model
cifar100_resnet8,PPO P3,303,9.2288257940327245,42.990000000000002,PPO final model
cifar100_resnet8,PPO P3,304,9.2288257940327245,42.990000000000002,PPO final model
cifar100_resnet8,PPO P3,305,9.2288257940327245,42.990000000000002,PPO final model
cifar100_resnet8,PPO P3,306,9.2288257940327245,42.990000000000002,PPO final model
cifar100_resnet8,PPO P3,307,9.2288257940327245,42.990000000000002,PPO final model
cifar100_resnet8,PPO P3,308,9.2288257940327245,42.990000000000002,PPO final model
cifar100_resnet8,PPO P3,309,9.2288257940327245,42.990000000000002,PPO final model
cifar100_resnet8,PPO P3,310,0,43.990000000000002,PPO final model
cifar100_resnet8,PPO P3,311,15.523339749759383,43.060000000000002,PPO final model
cifar100_resnet8,PPO P3,312,9.2288257940327245,42.990000000000002,PPO final model
cifar100_resnet8,PPO P3,313,9.2288257940327245,42.990000000000002,PPO final model
cifar100_resnet8,PPO P3,314,9.2288257940327245,42.990000000000002,PPO final model
cifar100_resnet8,PPO P3,315,9.2288257940327245,42.990000000000002,PPO final model
cifar100_resnet8,PPO P3,316,9.2288257940327245,42.990000000000002,PPO final model
cifar100_resnet8,PPO P3,317,9.2288257940327245,42.990000000000002,PPO final model
cifar100_resnet8,PPO P3,318,9.2288257940327245,42.990000000000002,PPO final model
cifar100_resnet8,PPO P3,319,9.2288257940327245,42.990000000000002,PPO final model
cifar100_simplecnn,PPO P0,300,56.110167487929921,49.280000000000001,PPO final model
cifar100_simplecnn,PPO P0,301,56.110167487929921,49.280000000000001,PPO final model
cifar100_simplecnn,PPO P0,302,55.810126424767311,49.109999999999999,PPO final model
cifar100_simplecnn,PPO P0,303,55.810126424767311,49.109999999999999,PPO final model
cifar100_simplecnn,PPO P0,304,55.810126424767311,49.109999999999999,PPO final model
cifar100_simplecnn,PPO P0,305,48.929402468767108,50.380000000000003,PPO final model
cifar100_simplecnn,PPO P0,306,56.110167487929921,49.280000000000001,PPO final model
cifar100_simplecnn,PPO P0,307,48.929402468767108,50.380000000000003,PPO final model
cifar100_simplecnn,PPO P0,308,56.110167487929921,49.280000000000001,PPO final model
cifar100_simplecnn,PPO P0,309,55.810126424767311,49.109999999999999,PPO final model
cifar100_simplecnn,PPO P0,310,48.929402468767108,50.380000000000003,PPO final model
cifar100_simplecnn,PPO P0,311,56.110167487929921,49.280000000000001,PPO final model
cifar100_simplecnn,PPO P0,312,50.07621571848091,50.350000000000001,PPO final model
cifar100_simplecnn,PPO P0,313,56.110167487929921,49.280000000000001,PPO final model
cifar100_simplecnn,PPO P0,314,48.929402468767108,50.380000000000003,PPO final model
cifar100_simplecnn,PPO P0,315,48.929402468767108,50.380000000000003,PPO final model
cifar100_simplecnn,PPO P0,316,55.810126424767311,49.109999999999999,PPO final model
cifar100_simplecnn,PPO P0,317,50.376256781643519,50.159999999999997,PPO final model
cifar100_simplecnn,PPO P0,318,55.810126424767311,49.109999999999999,PPO final model
cifar100_simplecnn,PPO P0,319,48.929402468767108,50.380000000000003,PPO final model
cifar100_simplecnn,PPO P1,300,56.110167487929921,49.280000000000001,PPO final model
cifar100_simplecnn,PPO P1,301,56.110167487929921,49.280000000000001,PPO final model
cifar100_simplecnn,PPO P1,302,50.07621571848091,50.350000000000001,PPO final model
cifar100_simplecnn,PPO P1,303,55.810126424767311,49.109999999999999,PPO final model
cifar100_simplecnn,PPO P1,304,50.07621571848091,50.350000000000001,PPO final model
cifar100_simplecnn,PPO P1,305,55.810126424767311,49.109999999999999,PPO final model
cifar100_simplecnn,PPO P1,306,56.096790851625109,49.18,PPO final model
cifar100_simplecnn,PPO P1,307,56.110167487929921,49.280000000000001,PPO final model
cifar100_simplecnn,PPO P1,308,56.110167487929921,49.280000000000001,PPO final model
cifar100_simplecnn,PPO P1,309,55.810126424767311,49.109999999999999,PPO final model
cifar100_simplecnn,PPO P1,310,48.929402468767108,50.380000000000003,PPO final model
cifar100_simplecnn,PPO P1,311,55.810126424767311,49.109999999999999,PPO final model
cifar100_simplecnn,PPO P1,312,56.096790851625109,49.18,PPO final model
cifar100_simplecnn,PPO P1,313,56.096790851625109,49.18,PPO final model
cifar100_simplecnn,PPO P1,314,55.810126424767311,49.109999999999999,PPO final model
cifar100_simplecnn,PPO P1,315,48.929402468767108,50.380000000000003,PPO final model
cifar100_simplecnn,PPO P1,316,55.810126424767311,49.109999999999999,PPO final model
cifar100_simplecnn,PPO P1,317,56.110167487929921,49.280000000000001,PPO final model
cifar100_simplecnn,PPO P1,318,55.810126424767311,49.109999999999999,PPO final model
cifar100_simplecnn,PPO P1,319,48.929402468767108,50.380000000000003,PPO final model
cifar100_simplecnn,PPO P2,300,56.110167487929921,49.280000000000001,PPO final model
cifar100_simplecnn,PPO P2,301,55.810126424767311,49.109999999999999,PPO final model
cifar100_simplecnn,PPO P2,302,50.07621571848091,50.350000000000001,PPO final model
cifar100_simplecnn,PPO P2,303,55.810126424767311,49.109999999999999,PPO final model
cifar100_simplecnn,PPO P2,304,48.929402468767108,50.380000000000003,PPO final model
cifar100_simplecnn,PPO P2,305,37.506688318152406,50.200000000000003,PPO final model
cifar100_simplecnn,PPO P2,306,56.110167487929921,49.280000000000001,PPO final model
cifar100_simplecnn,PPO P2,307,55.810126424767311,49.109999999999999,PPO final model
cifar100_simplecnn,PPO P2,308,56.110167487929921,49.280000000000001,PPO final model
cifar100_simplecnn,PPO P2,309,55.810126424767311,49.109999999999999,PPO final model
cifar100_simplecnn,PPO P2,310,55.810126424767311,49.109999999999999,PPO final model
cifar100_simplecnn,PPO P2,311,56.110167487929921,49.280000000000001,PPO final model
cifar100_simplecnn,PPO P2,312,48.929402468767108,50.380000000000003,PPO final model
cifar100_simplecnn,PPO P2,313,56.110167487929921,49.280000000000001,PPO final model
cifar100_simplecnn,PPO P2,314,55.810126424767311,49.109999999999999,PPO final model
cifar100_simplecnn,PPO P2,315,55.810126424767311,49.109999999999999,PPO final model
cifar100_simplecnn,PPO P2,316,56.110167487929921,49.280000000000001,PPO final model
cifar100_simplecnn,PPO P2,317,50.376256781643519,50.159999999999997,PPO final model
cifar100_simplecnn,PPO P2,318,55.810126424767311,49.109999999999999,PPO final model
cifar100_simplecnn,PPO P2,319,48.929402468767108,50.380000000000003,PPO final model
cifar100_simplecnn,PPO P3,300,56.110167487929921,49.280000000000001,PPO final model
cifar100_simplecnn,PPO P3,301,55.810126424767311,49.109999999999999,PPO final model
cifar100_simplecnn,PPO P3,302,55.810126424767311,49.109999999999999,PPO final model
cifar100_simplecnn,PPO P3,303,55.810126424767311,49.109999999999999,PPO final model
cifar100_simplecnn,PPO P3,304,48.929402468767108,50.380000000000003,PPO final model
cifar100_simplecnn,PPO P3,305,56.110167487929921,49.280000000000001,PPO final model
cifar100_simplecnn,PPO P3,306,56.110167487929921,49.280000000000001,PPO final model
cifar100_simplecnn,PPO P3,307,56.110167487929921,49.280000000000001,PPO final model
cifar100_simplecnn,PPO P3,308,56.110167487929921,49.280000000000001,PPO final model
cifar100_simplecnn,PPO P3,309,48.929402468767108,50.380000000000003,PPO final model
cifar100_simplecnn,PPO P3,310,48.929402468767108,50.380000000000003,PPO final model
cifar100_simplecnn,PPO P3,311,56.110167487929921,49.280000000000001,PPO final model
cifar100_simplecnn,PPO P3,312,55.810126424767311,49.109999999999999,PPO final model
cifar100_simplecnn,PPO P3,313,56.110167487929921,49.280000000000001,PPO final model
cifar100_simplecnn,PPO P3,314,55.810126424767311,49.109999999999999,PPO final model
cifar100_simplecnn,PPO P3,315,48.929402468767108,50.380000000000003,PPO final model
cifar100_simplecnn,PPO P3,316,55.810126424767311,49.109999999999999,PPO final model
cifar100_simplecnn,PPO P3,317,56.110167487929921,49.280000000000001,PPO final model
cifar100_simplecnn,PPO P3,318,55.810126424767311,49.109999999999999,PPO final model
cifar100_simplecnn,PPO P3,319,48.929402468767108,50.380000000000003,PPO final model
cifar10_lenet5,PPO P0,300,57.338513841670711,60.859999999999999,PPO final model
cifar10_lenet5,PPO P0,301,56.415735794074791,62.189999999999998,PPO final model
cifar10_lenet5,PPO P0,302,56.877124817872755,62.07,PPO final model
cifar10_lenet5,PPO P0,303,58.892666342884894,51.219999999999999,PPO final model
cifar10_lenet5,PPO P0,304,56.877124817872755,62.07,PPO final model
cifar10_lenet5,PPO P0,305,56.804273919378339,62.259999999999998,PPO final model
cifar10_lenet5,PPO P0,306,56.877124817872755,62.07,PPO final model
cifar10_lenet5,PPO P0,307,38.071879553181155,64.189999999999998,PPO final model
cifar10_lenet5,PPO P0,308,38.994657600777074,62.729999999999997,PPO final model
cifar10_lenet5,PPO P0,309,38.533268576979118,62.979999999999997,PPO final model
cifar10_lenet5,PPO P0,310,56.877124817872755,62.07,PPO final model
cifar10_lenet5,PPO P0,311,57.338513841670711,60.859999999999999,PPO final model
cifar10_lenet5,PPO P0,312,57.338513841670711,60.859999999999999,PPO final model
cifar10_lenet5,PPO P0,313,38.533268576979118,62.979999999999997,PPO final model
cifar10_lenet5,PPO P0,314,56.415735794074791,62.189999999999998,PPO final model
cifar10_lenet5,PPO P0,315,38.071879553181155,64.189999999999998,PPO final model
cifar10_lenet5,PPO P0,316,57.799902865468674,61.229999999999997,PPO final model
cifar10_lenet5,PPO P0,317,38.533268576979118,62.979999999999997,PPO final model
cifar10_lenet5,PPO P0,318,57.799902865468674,61.229999999999997,PPO final model
cifar10_lenet5,PPO P0,319,56.415735794074791,62.189999999999998,PPO final model
cifar10_lenet5,PPO P1,300,57.338513841670711,60.859999999999999,PPO final model
cifar10_lenet5,PPO P1,301,56.415735794074791,62.189999999999998,PPO final model
cifar10_lenet5,PPO P1,302,56.877124817872755,62.07,PPO final model
cifar10_lenet5,PPO P1,303,57.338513841670711,60.859999999999999,PPO final model
cifar10_lenet5,PPO P1,304,57.265662943176302,62.119999999999997,PPO final model
cifar10_lenet5,PPO P1,305,56.877124817872755,62.07,PPO final model
cifar10_lenet5,PPO P1,306,56.415735794074791,62.189999999999998,PPO final model
cifar10_lenet5,PPO P1,307,38.071879553181155,64.189999999999998,PPO final model
cifar10_lenet5,PPO P1,308,57.338513841670711,60.859999999999999,PPO final model
cifar10_lenet5,PPO P1,309,38.387566779990287,64.189999999999998,PPO final model
cifar10_lenet5,PPO P1,310,56.877124817872755,62.07,PPO final model
cifar10_lenet5,PPO P1,311,56.877124817872755,62.07,PPO final model
cifar10_lenet5,PPO P1,312,57.338513841670711,60.859999999999999,PPO final model
cifar10_lenet5,PPO P1,313,56.877124817872755,62.07,PPO final model
cifar10_lenet5,PPO P1,314,56.415735794074791,62.189999999999998,PPO final model
cifar10_lenet5,PPO P1,315,37.610490529383199,64.159999999999997,PPO final model
cifar10_lenet5,PPO P1,316,57.799902865468674,61.229999999999997,PPO final model
cifar10_lenet5,PPO P1,317,56.877124817872755,62.07,PPO final model
cifar10_lenet5,PPO P1,318,38.533268576979118,62.979999999999997,PPO final model
cifar10_lenet5,PPO P1,319,56.415735794074791,62.189999999999998,PPO final model
cifar10_lenet5,PPO P2,300,57.338513841670711,60.859999999999999,PPO final model
cifar10_lenet5,PPO P2,301,56.415735794074791,62.189999999999998,PPO final model
cifar10_lenet5,PPO P2,302,37.610490529383199,64.159999999999997,PPO final model
cifar10_lenet5,PPO P2,303,57.338513841670711,60.859999999999999,PPO final model
cifar10_lenet5,PPO P2,304,38.071879553181155,64.189999999999998,PPO final model
cifar10_lenet5,PPO P2,305,56.877124817872755,62.07,PPO final model
cifar10_lenet5,PPO P2,306,56.877124817872755,62.07,PPO final model
cifar10_lenet5,PPO P2,307,38.071879553181155,64.189999999999998,PPO final model
cifar10_lenet5,PPO P2,308,38.848955803788243,63.5,PPO final model
cifar10_lenet5,PPO P2,309,38.071879553181155,64.189999999999998,PPO final model
cifar10_lenet5,PPO P2,310,56.877124817872755,62.07,PPO final model
cifar10_lenet5,PPO P2,311,57.338513841670711,60.859999999999999,PPO final model
cifar10_lenet5,PPO P2,312,57.338513841670711,60.859999999999999,PPO final model
cifar10_lenet5,PPO P2,313,57.799902865468674,61.229999999999997,PPO final model
cifar10_lenet5,PPO P2,314,56.415735794074791,62.189999999999998,PPO final model
cifar10_lenet5,PPO P2,315,37.610490529383199,64.159999999999997,PPO final model
cifar10_lenet5,PPO P2,316,38.533268576979118,62.979999999999997,PPO final model
cifar10_lenet5,PPO P2,317,38.994657600777074,62.729999999999997,PPO final model
cifar10_lenet5,PPO P2,318,57.799902865468674,61.229999999999997,PPO final model
cifar10_lenet5,PPO P2,319,37.610490529383199,64.159999999999997,PPO final model
cifar10_lenet5,PPO P3,300,57.338513841670711,60.859999999999999,PPO final model
cifar10_lenet5,PPO P3,301,56.415735794074791,62.189999999999998,PPO final model
cifar10_lenet5,PPO P3,302,56.877124817872755,62.07,PPO final model
cifar10_lenet5,PPO P3,303,57.338513841670711,60.859999999999999,PPO final model
cifar10_lenet5,PPO P3,304,38.071879553181155,64.189999999999998,PPO final model
cifar10_lenet5,PPO P3,305,56.877124817872755,62.07,PPO final model
cifar10_lenet5,PPO P3,306,56.877124817872755,62.07,PPO final model
cifar10_lenet5,PPO P3,307,38.071879553181155,64.189999999999998,PPO final model
cifar10_lenet5,PPO P3,308,38.071879553181155,64.189999999999998,PPO final model
cifar10_lenet5,PPO P3,309,38.071879553181155,64.189999999999998,PPO final model
cifar10_lenet5,PPO P3,310,37.610490529383199,64.159999999999997,PPO final model
cifar10_lenet5,PPO P3,311,57.338513841670711,60.859999999999999,PPO final model
cifar10_lenet5,PPO P3,312,57.338513841670711,60.859999999999999,PPO final model
cifar10_lenet5,PPO P3,313,38.071879553181155,64.189999999999998,PPO final model
cifar10_lenet5,PPO P3,314,56.415735794074791,62.189999999999998,PPO final model
cifar10_lenet5,PPO P3,315,37.610490529383199,64.159999999999997,PPO final model
cifar10_lenet5,PPO P3,316,37.610490529383199,64.159999999999997,PPO final model
cifar10_lenet5,PPO P3,317,56.877124817872755,62.07,PPO final model
cifar10_lenet5,PPO P3,318,38.533268576979118,62.979999999999997,PPO final model
cifar10_lenet5,PPO P3,319,37.610490529383199,64.159999999999997,PPO final model
cifar10_resnet8,PPO P0,300,32.15486039296794,76.840000000000003,PPO final model
cifar10_resnet8,PPO P0,301,32.15486039296794,76.840000000000003,PPO final model
cifar10_resnet8,PPO P0,302,32.15486039296794,76.840000000000003,PPO final model
cifar10_resnet8,PPO P0,303,24.741468459152017,77.25,PPO final model
cifar10_resnet8,PPO P0,304,22.237590486039299,77.819999999999993,PPO final model
cifar10_resnet8,PPO P0,305,32.15486039296794,76.840000000000003,PPO final model
cifar10_resnet8,PPO P0,306,24.741468459152017,77.25,PPO final model
cifar10_resnet8,PPO P0,307,31.504653567735264,77.079999999999998,PPO final model
cifar10_resnet8,PPO P0,308,32.15486039296794,76.840000000000003,PPO final model
cifar10_resnet8,PPO P0,309,24.741468459152017,77.25,PPO final model
cifar10_resnet8,PPO P0,310,14.825491209927611,78.299999999999997,PPO final model
cifar10_resnet8,PPO P0,311,29.650982419855222,77.200000000000003,PPO final model
cifar10_resnet8,PPO P0,312,24.741468459152017,77.25,PPO final model
cifar10_resnet8,PPO P0,313,32.15486039296794,76.840000000000003,PPO final model
cifar10_resnet8,PPO P0,314,26.593846949327819,75.799999999999997,PPO final model
cifar10_resnet8,PPO P0,315,29.650982419855222,77.200000000000003,PPO final model
cifar10_resnet8,PPO P0,316,29.650982419855222,77.200000000000003,PPO final model
cifar10_resnet8,PPO P0,317,24.741468459152017,77.25,PPO final model
cifar10_resnet8,PPO P0,318,32.15486039296794,76.840000000000003,PPO final model
cifar10_resnet8,PPO P0,319,34.007238883143742,74.299999999999997,PPO final model
cifar10_resnet8,PPO P1,300,32.15486039296794,76.840000000000003,PPO final model
cifar10_resnet8,PPO P1,301,29.650982419855222,77.200000000000003,PPO final model
cifar10_resnet8,PPO P1,302,32.15486039296794,76.840000000000003,PPO final model
cifar10_resnet8,PPO P1,303,24.741468459152017,77.25,PPO final model
cifar10_resnet8,PPO P1,304,32.15486039296794,76.840000000000003,PPO final model
cifar10_resnet8,PPO P1,305,29.650982419855222,77.200000000000003,PPO final model
cifar10_resnet8,PPO P1,306,29.650982419855222,77.200000000000003,PPO final model
cifar10_resnet8,PPO P1,307,32.099276111685626,77.120000000000005,PPO final model
cifar10_resnet8,PPO P1,308,32.099276111685626,77.120000000000005,PPO final model
cifar10_resnet8,PPO P1,309,29.650982419855222,77.200000000000003,PPO final model
cifar10_resnet8,PPO P1,310,31.504653567735264,77.079999999999998,PPO final model
cifar10_resnet8,PPO P1,311,29.650982419855222,77.200000000000003,PPO final model
cifar10_resnet8,PPO P1,312,24.741468459152017,77.25,PPO final model
cifar10_resnet8,PPO P1,313,32.15486039296794,76.840000000000003,PPO final model
cifar10_resnet8,PPO P1,314,27.191054808686658,75.430000000000007,PPO final model
cifar10_resnet8,PPO P1,315,32.099276111685626,77.120000000000005,PPO final model
cifar10_resnet8,PPO P1,316,29.650982419855222,77.200000000000003,PPO final model
cifar10_resnet8,PPO P1,317,29.650982419855222,77.200000000000003,PPO final model
cifar10_resnet8,PPO P1,318,32.15486039296794,76.840000000000003,PPO final model
cifar10_resnet8,PPO P1,319,33.357032057911063,74.510000000000005,PPO final model
cifar10_resnet8,PPO P2,300,17.329369183040331,78.079999999999998,PPO final model
cifar10_resnet8,PPO P2,301,32.15486039296794,76.840000000000003,PPO final model
cifar10_resnet8,PPO P2,302,32.15486039296794,76.840000000000003,PPO final model
cifar10_resnet8,PPO P2,303,24.741468459152017,77.25,PPO final model
cifar10_resnet8,PPO P2,304,17.329369183040331,78.079999999999998,PPO final model
cifar10_resnet8,PPO P2,305,32.15486039296794,76.840000000000003,PPO final model
cifar10_resnet8,PPO P2,306,17.329369183040331,78.079999999999998,PPO final model
cifar10_resnet8,PPO P2,307,32.15486039296794,76.840000000000003,PPO final model
cifar10_resnet8,PPO P2,308,32.15486039296794,76.840000000000003,PPO final model
cifar10_resnet8,PPO P2,309,22.237590486039299,77.819999999999993,PPO final model
cifar10_resnet8,PPO P2,310,29.650982419855222,77.200000000000003,PPO final model
cifar10_resnet8,PPO P2,311,29.650982419855222,77.200000000000003,PPO final model
cifar10_resnet8,PPO P2,312,24.741468459152017,77.25,PPO final model
cifar10_resnet8,PPO P2,313,32.15486039296794,76.840000000000003,PPO final model
cifar10_resnet8,PPO P2,314,19.83453981385729,71.980000000000004,PPO final model
cifar10_resnet8,PPO P2,315,29.650982419855222,77.200000000000003,PPO final model
cifar10_resnet8,PPO P2,316,29.650982419855222,77.200000000000003,PPO final model
cifar10_resnet8,PPO P2,317,24.741468459152017,77.25,PPO final model
cifar10_resnet8,PPO P2,318,29.650982419855222,77.200000000000003,PPO final model
cifar10_resnet8,PPO P2,319,29.650982419855222,77.200000000000003,PPO final model
cifar10_resnet8,PPO P3,300,32.15486039296794,76.840000000000003,PPO final model
cifar10_resnet8,PPO P3,301,32.15486039296794,76.840000000000003,PPO final model
cifar10_resnet8,PPO P3,302,29.650982419855222,77.200000000000003,PPO final model
cifar10_resnet8,PPO P3,303,24.741468459152017,77.25,PPO final model
cifar10_resnet8,PPO P3,304,29.650982419855222,77.200000000000003,PPO final model
cifar10_resnet8,PPO P3,305,32.15486039296794,76.840000000000003,PPO final model
cifar10_resnet8,PPO P3,306,24.741468459152017,77.25,PPO final model
cifar10_resnet8,PPO P3,307,32.15486039296794,76.840000000000003,PPO final model
cifar10_resnet8,PPO P3,308,32.099276111685626,77.120000000000005,PPO final model
cifar10_resnet8,PPO P3,309,22.237590486039299,77.819999999999993,PPO final model
cifar10_resnet8,PPO P3,310,37.713288521199587,69.980000000000004,PPO final model
cifar10_resnet8,PPO P3,311,29.650982419855222,77.200000000000003,PPO final model
cifar10_resnet8,PPO P3,312,27.797311271975182,73.329999999999998,PPO final model
cifar10_resnet8,PPO P3,313,32.15486039296794,76.840000000000003,PPO final model
cifar10_resnet8,PPO P3,314,19.181747673216133,75.650000000000006,PPO final model
cifar10_resnet8,PPO P3,315,29.650982419855222,77.200000000000003,PPO final model
cifar10_resnet8,PPO P3,316,29.650982419855222,77.200000000000003,PPO final model
cifar10_resnet8,PPO P3,317,24.741468459152017,77.25,PPO final model
cifar10_resnet8,PPO P3,318,32.15486039296794,76.840000000000003,PPO final model
cifar10_resnet8,PPO P3,319,29.650982419855222,77.200000000000003,PPO final model
cifar10_simplecnn,PPO P0,300,57.884530999948375,76.650000000000006,PPO final model
cifar10_simplecnn,PPO P0,301,57.884530999948375,76.650000000000006,PPO final model
cifar10_simplecnn,PPO P0,302,58.195724278560732,76.489999999999995,PPO final model
cifar10_simplecnn,PPO P0,303,57.884530999948375,76.650000000000006,PPO final model
cifar10_simplecnn,PPO P0,304,57.884530999948375,76.650000000000006,PPO final model
cifar10_simplecnn,PPO P0,305,57.884530999948375,76.650000000000006,PPO final model
cifar10_simplecnn,PPO P0,306,58.195724278560732,76.489999999999995,PPO final model
cifar10_simplecnn,PPO P0,307,35.021423777812196,77.109999999999999,PPO final model
cifar10_simplecnn,PPO P0,308,38.900773062825877,76.769999999999996,PPO final model
cifar10_simplecnn,PPO P0,309,58.493043725156163,76.5,PPO final model
cifar10_simplecnn,PPO P0,310,57.884530999948375,76.650000000000006,PPO final model
cifar10_simplecnn,PPO P0,311,58.493043725156163,76.5,PPO final model
cifar10_simplecnn,PPO P0,312,58.507078880801195,75.349999999999994,PPO final model
cifar10_simplecnn,PPO P0,313,58.195724278560732,76.489999999999995,PPO final model
cifar10_simplecnn,PPO P0,314,38.900773062825877,76.769999999999996,PPO final model
cifar10_simplecnn,PPO P0,315,58.507078880801195,75.349999999999994,PPO final model
cifar10_simplecnn,PPO P0,316,57.884530999948375,76.650000000000006,PPO final model
cifar10_simplecnn,PPO P0,317,58.195724278560732,76.489999999999995,PPO final model
cifar10_simplecnn,PPO P0,318,58.507078880801195,75.349999999999994,PPO final model
cifar10_simplecnn,PPO P0,319,57.884530999948375,76.650000000000006,PPO final model
cifar10_simplecnn,PPO P1,300,58.195724278560732,76.489999999999995,PPO final model
cifar10_simplecnn,PPO P1,301,57.884530999948375,76.650000000000006,PPO final model
cifar10_simplecnn,PPO P1,302,57.884530999948375,76.650000000000006,PPO final model
cifar10_simplecnn,PPO P1,303,57.884530999948375,76.650000000000006,PPO final model
cifar10_simplecnn,PPO P1,304,57.884530999948375,76.650000000000006,PPO final model
cifar10_simplecnn,PPO P1,305,57.884530999948375,76.650000000000006,PPO final model
cifar10_simplecnn,PPO P1,306,57.884530999948375,76.650000000000006,PPO final model
cifar10_simplecnn,PPO P1,307,33.831984667802388,77.040000000000006,PPO final model
cifar10_simplecnn,PPO P1,308,58.507078880801195,75.349999999999994,PPO final model
cifar10_simplecnn,PPO P1,309,58.493043725156163,76.5,PPO final model
cifar10_simplecnn,PPO P1,310,57.884530999948375,76.650000000000006,PPO final model
cifar10_simplecnn,PPO P1,311,57.884530999948375,76.650000000000006,PPO final model
cifar10_simplecnn,PPO P1,312,58.479169893139229,76.599999999999994,PPO final model
cifar10_simplecnn,PPO P1,313,58.195724278560732,76.489999999999995,PPO final model
cifar10_simplecnn,PPO P1,314,57.884530999948375,76.650000000000006,PPO final model
cifar10_simplecnn,PPO P1,315,57.884530999948375,76.650000000000006,PPO final model
cifar10_simplecnn,PPO P1,316,57.884530999948375,76.650000000000006,PPO final model
cifar10_simplecnn,PPO P1,317,57.884530999948375,76.650000000000006,PPO final model
cifar10_simplecnn,PPO P1,318,58.507078880801195,75.349999999999994,PPO final model
cifar10_simplecnn,PPO P1,319,58.479169893139229,76.599999999999994,PPO final model
cifar10_simplecnn,PPO P2,300,58.507078880801195,75.349999999999994,PPO final model
cifar10_simplecnn,PPO P2,301,58.181850446543805,76.560000000000002,PPO final model
cifar10_simplecnn,PPO P2,302,57.884530999948375,76.650000000000006,PPO final model
cifar10_simplecnn,PPO P2,303,57.884530999948375,76.650000000000006,PPO final model
cifar10_simplecnn,PPO P2,304,58.507078880801195,75.349999999999994,PPO final model
cifar10_simplecnn,PPO P2,305,58.195724278560732,76.489999999999995,PPO final model
cifar10_simplecnn,PPO P2,306,58.195724278560732,76.489999999999995,PPO final model
cifar10_simplecnn,PPO P2,307,38.589579784213512,76.900000000000006,PPO final model
cifar10_simplecnn,PPO P2,308,58.507078880801195,75.349999999999994,PPO final model
cifar10_simplecnn,PPO P2,309,58.195724278560732,76.489999999999995,PPO final model
cifar10_simplecnn,PPO P2,310,57.884530999948375,76.650000000000006,PPO final model
cifar10_simplecnn,PPO P2,311,58.507078880801195,75.349999999999994,PPO final model
cifar10_simplecnn,PPO P2,312,58.507078880801195,75.349999999999994,PPO final model
cifar10_simplecnn,PPO P2,313,58.195724278560732,76.489999999999995,PPO final model
cifar10_simplecnn,PPO P2,314,57.884530999948375,76.650000000000006,PPO final model
cifar10_simplecnn,PPO P2,315,58.195724278560732,76.489999999999995,PPO final model
cifar10_simplecnn,PPO P2,316,38.008653399411493,76.760000000000005,PPO final model
cifar10_simplecnn,PPO P2,317,52.2486900521398,76.829999999999998,PPO final model
cifar10_simplecnn,PPO P2,318,58.479169893139229,76.599999999999994,PPO final model
cifar10_simplecnn,PPO P2,319,58.507078880801195,75.349999999999994,PPO final model
cifar10_simplecnn,PPO P3,300,58.195724278560732,76.489999999999995,PPO final model
cifar10_simplecnn,PPO P3,301,58.195724278560732,76.489999999999995,PPO final model
cifar10_simplecnn,PPO P3,302,57.884530999948375,76.650000000000006,PPO final model
cifar10_simplecnn,PPO P3,303,57.884530999948375,76.650000000000006,PPO final model
cifar10_simplecnn,PPO P3,304,57.884530999948375,76.650000000000006,PPO final model
cifar10_simplecnn,PPO P3,305,57.898404831965308,76.459999999999994,PPO final model
cifar10_simplecnn,PPO P3,306,58.195724278560732,76.489999999999995,PPO final model
cifar10_simplecnn,PPO P3,307,33.831984667802388,77.040000000000006,PPO final model
cifar10_simplecnn,PPO P3,308,39.198092509421301,76.549999999999997,PPO final model
cifar10_simplecnn,PPO P3,309,57.884530999948375,76.650000000000006,PPO final model
cifar10_simplecnn,PPO P3,310,58.195724278560732,76.489999999999995,PPO final model
cifar10_simplecnn,PPO P3,311,58.507078880801195,75.349999999999994,PPO final model
cifar10_simplecnn,PPO P3,312,58.479169893139229,76.599999999999994,PPO final model
cifar10_simplecnn,PPO P3,313,58.195724278560732,76.489999999999995,PPO final model
cifar10_simplecnn,PPO P3,314,57.884530999948375,76.650000000000006,PPO final model
cifar10_simplecnn,PPO P3,315,58.181850446543805,76.560000000000002,PPO final model
cifar10_simplecnn,PPO P3,316,57.884530999948375,76.650000000000006,PPO final model
cifar10_simplecnn,PPO P3,317,58.195724278560732,76.489999999999995,PPO final model
cifar10_simplecnn,PPO P3,318,58.479169893139229,76.599999999999994,PPO final model
cifar10_simplecnn,PPO P3,319,59.696517990811003,73.219999999999999,PPO final model
cifar100_lenet5,erk,,10,32.229999999999997,baseline grid (random: mean of 10 seeds)
cifar100_lenet5,erk,,20,32.170000000000002,baseline grid (random: mean of 10 seeds)
cifar100_lenet5,erk,,30,31.73,baseline grid (random: mean of 10 seeds)
cifar100_lenet5,erk,,40,29.100000000000001,baseline grid (random: mean of 10 seeds)
cifar100_lenet5,erk,,50,23.73,baseline grid (random: mean of 10 seeds)
cifar100_lenet5,erk,,60,18.989999999999998,baseline grid (random: mean of 10 seeds)
cifar100_lenet5,global,,10,32.170000000000002,baseline grid (random: mean of 10 seeds)
cifar100_lenet5,global,,20,32.009999999999998,baseline grid (random: mean of 10 seeds)
cifar100_lenet5,global,,30,31.149999999999999,baseline grid (random: mean of 10 seeds)
cifar100_lenet5,global,,40,30.329999999999998,baseline grid (random: mean of 10 seeds)
cifar100_lenet5,global,,50,26.100000000000001,baseline grid (random: mean of 10 seeds)
cifar100_lenet5,global,,60,20.399999999999999,baseline grid (random: mean of 10 seeds)
cifar100_lenet5,lamp,,10,32.25,baseline grid (random: mean of 10 seeds)
cifar100_lenet5,lamp,,20,32.079999999999998,baseline grid (random: mean of 10 seeds)
cifar100_lenet5,lamp,,30,32.159999999999997,baseline grid (random: mean of 10 seeds)
cifar100_lenet5,lamp,,40,31.399999999999999,baseline grid (random: mean of 10 seeds)
cifar100_lenet5,lamp,,50,30.100000000000001,baseline grid (random: mean of 10 seeds)
cifar100_lenet5,lamp,,60,26.879999999999999,baseline grid (random: mean of 10 seeds)
cifar100_lenet5,random,,10,16.017000000000003,baseline grid (random: mean of 10 seeds)
cifar100_lenet5,random,,20,8.4879999999999995,baseline grid (random: mean of 10 seeds)
cifar100_lenet5,random,,30,4.4640000000000004,baseline grid (random: mean of 10 seeds)
cifar100_lenet5,random,,40,2.2890000000000001,baseline grid (random: mean of 10 seeds)
cifar100_lenet5,random,,50,1.6960000000000002,baseline grid (random: mean of 10 seeds)
cifar100_lenet5,random,,60,1.333,baseline grid (random: mean of 10 seeds)
cifar100_lenet5,uniform,,10,32.119999999999997,baseline grid (random: mean of 10 seeds)
cifar100_lenet5,uniform,,20,32.130000000000003,baseline grid (random: mean of 10 seeds)
cifar100_lenet5,uniform,,30,29.850000000000001,baseline grid (random: mean of 10 seeds)
cifar100_lenet5,uniform,,40,23.91,baseline grid (random: mean of 10 seeds)
cifar100_lenet5,uniform,,50,14.06,baseline grid (random: mean of 10 seeds)
cifar100_lenet5,uniform,,60,7.96,baseline grid (random: mean of 10 seeds)
cifar100_resnet8,erk,,10,43.770000000000003,baseline grid (random: mean of 10 seeds)
cifar100_resnet8,erk,,20,42.609999999999999,baseline grid (random: mean of 10 seeds)
cifar100_resnet8,erk,,30,40.57,baseline grid (random: mean of 10 seeds)
cifar100_resnet8,erk,,40,36.149999999999999,baseline grid (random: mean of 10 seeds)
cifar100_resnet8,erk,,50,26.370000000000001,baseline grid (random: mean of 10 seeds)
cifar100_resnet8,erk,,60,13.07,baseline grid (random: mean of 10 seeds)
cifar100_resnet8,global,,10,42.890000000000001,baseline grid (random: mean of 10 seeds)
cifar100_resnet8,global,,20,37.210000000000001,baseline grid (random: mean of 10 seeds)
cifar100_resnet8,global,,30,23.670000000000002,baseline grid (random: mean of 10 seeds)
cifar100_resnet8,global,,40,10.52,baseline grid (random: mean of 10 seeds)
cifar100_resnet8,global,,50,8.4299999999999997,baseline grid (random: mean of 10 seeds)
cifar100_resnet8,global,,60,5.4000000000000004,baseline grid (random: mean of 10 seeds)
cifar100_resnet8,lamp,,10,43.859999999999999,baseline grid (random: mean of 10 seeds)
cifar100_resnet8,lamp,,20,42.119999999999997,baseline grid (random: mean of 10 seeds)
cifar100_resnet8,lamp,,30,40.539999999999999,baseline grid (random: mean of 10 seeds)
cifar100_resnet8,lamp,,40,30.440000000000001,baseline grid (random: mean of 10 seeds)
cifar100_resnet8,lamp,,50,20.890000000000001,baseline grid (random: mean of 10 seeds)
cifar100_resnet8,lamp,,60,12.25,baseline grid (random: mean of 10 seeds)
cifar100_resnet8,random,,10,4.117,baseline grid (random: mean of 10 seeds)
cifar100_resnet8,random,,20,2.093,baseline grid (random: mean of 10 seeds)
cifar100_resnet8,random,,30,1.5210000000000001,baseline grid (random: mean of 10 seeds)
cifar100_resnet8,random,,40,1.1099999999999999,baseline grid (random: mean of 10 seeds)
cifar100_resnet8,random,,50,1.0169999999999999,baseline grid (random: mean of 10 seeds)
cifar100_resnet8,random,,60,1.034,baseline grid (random: mean of 10 seeds)
cifar100_resnet8,uniform,,10,42.649999999999999,baseline grid (random: mean of 10 seeds)
cifar100_resnet8,uniform,,20,30.98,baseline grid (random: mean of 10 seeds)
cifar100_resnet8,uniform,,30,13.51,baseline grid (random: mean of 10 seeds)
cifar100_resnet8,uniform,,40,6.4400000000000004,baseline grid (random: mean of 10 seeds)
cifar100_resnet8,uniform,,50,6.2800000000000002,baseline grid (random: mean of 10 seeds)
cifar100_resnet8,uniform,,60,2.6000000000000001,baseline grid (random: mean of 10 seeds)
cifar100_simplecnn,erk,,9.9999688915434763,50.289999999999999,baseline grid (random: mean of 10 seeds)
cifar100_simplecnn,erk,,19.999937783086953,50.25,baseline grid (random: mean of 10 seeds)
cifar100_simplecnn,erk,,30.000062216913047,49.920000000000002,baseline grid (random: mean of 10 seeds)
cifar100_simplecnn,erk,,40.000031108456525,48.630000000000003,baseline grid (random: mean of 10 seeds)
cifar100_simplecnn,erk,,50,46.740000000000002,baseline grid (random: mean of 10 seeds)
cifar100_simplecnn,erk,,59.999968891543475,42.340000000000003,baseline grid (random: mean of 10 seeds)
cifar100_simplecnn,global,,9.9999688915434763,50.479999999999997,baseline grid (random: mean of 10 seeds)
cifar100_simplecnn,global,,19.999937783086953,50.509999999999998,baseline grid (random: mean of 10 seeds)
cifar100_simplecnn,global,,30.000062216913047,50.640000000000001,baseline grid (random: mean of 10 seeds)
cifar100_simplecnn,global,,40.000031108456525,50.369999999999997,baseline grid (random: mean of 10 seeds)
cifar100_simplecnn,global,,50,49.880000000000003,baseline grid (random: mean of 10 seeds)
cifar100_simplecnn,global,,59.999968891543475,49.689999999999998,baseline grid (random: mean of 10 seeds)
cifar100_simplecnn,lamp,,9.9999688915434763,50.460000000000001,baseline grid (random: mean of 10 seeds)
cifar100_simplecnn,lamp,,19.999937783086953,50.539999999999999,baseline grid (random: mean of 10 seeds)
cifar100_simplecnn,lamp,,30.000062216913047,50.5,baseline grid (random: mean of 10 seeds)
cifar100_simplecnn,lamp,,40.000031108456525,50.509999999999998,baseline grid (random: mean of 10 seeds)
cifar100_simplecnn,lamp,,50,50.409999999999997,baseline grid (random: mean of 10 seeds)
cifar100_simplecnn,lamp,,59.999968891543475,50.130000000000003,baseline grid (random: mean of 10 seeds)
cifar100_simplecnn,random,,9.9999688915434763,21.454000000000001,baseline grid (random: mean of 10 seeds)
cifar100_simplecnn,random,,19.999937783086953,11.975,baseline grid (random: mean of 10 seeds)
cifar100_simplecnn,random,,30.000062216913044,7.1390000000000002,baseline grid (random: mean of 10 seeds)
cifar100_simplecnn,random,,40.000031108456525,4.0289999999999999,baseline grid (random: mean of 10 seeds)
cifar100_simplecnn,random,,50,2.5659999999999998,baseline grid (random: mean of 10 seeds)
cifar100_simplecnn,random,,59.999968891543475,1.9329999999999998,baseline grid (random: mean of 10 seeds)
cifar100_simplecnn,uniform,,9.9999688915434763,50.289999999999999,baseline grid (random: mean of 10 seeds)
cifar100_simplecnn,uniform,,19.999937783086953,48.25,baseline grid (random: mean of 10 seeds)
cifar100_simplecnn,uniform,,30.000062216913047,40.149999999999999,baseline grid (random: mean of 10 seeds)
cifar100_simplecnn,uniform,,40.000031108456525,31.370000000000001,baseline grid (random: mean of 10 seeds)
cifar100_simplecnn,uniform,,50,21.43,baseline grid (random: mean of 10 seeds)
cifar100_simplecnn,uniform,,59.999968891543475,14.380000000000001,baseline grid (random: mean of 10 seeds)
cifar10_lenet5,erk,,10,64.969999999999999,baseline grid (random: mean of 10 seeds)
cifar10_lenet5,erk,,20,65.019999999999996,baseline grid (random: mean of 10 seeds)
cifar10_lenet5,erk,,30,64.709999999999994,baseline grid (random: mean of 10 seeds)
cifar10_lenet5,erk,,40,62.270000000000003,baseline grid (random: mean of 10 seeds)
cifar10_lenet5,erk,,50,60.840000000000003,baseline grid (random: mean of 10 seeds)
cifar10_lenet5,erk,,60,55.439999999999998,baseline grid (random: mean of 10 seeds)
cifar10_lenet5,global,,10,64.959999999999994,baseline grid (random: mean of 10 seeds)
cifar10_lenet5,global,,20,64.340000000000003,baseline grid (random: mean of 10 seeds)
cifar10_lenet5,global,,30,63.530000000000001,baseline grid (random: mean of 10 seeds)
cifar10_lenet5,global,,40,62.609999999999999,baseline grid (random: mean of 10 seeds)
cifar10_lenet5,global,,50,59.310000000000002,baseline grid (random: mean of 10 seeds)
cifar10_lenet5,global,,60,52.990000000000002,baseline grid (random: mean of 10 seeds)
cifar10_lenet5,lamp,,10,64.950000000000003,baseline grid (random: mean of 10 seeds)
cifar10_lenet5,lamp,,20,64.909999999999997,baseline grid (random: mean of 10 seeds)
cifar10_lenet5,lamp,,30,64.909999999999997,baseline grid (random: mean of 10 seeds)
cifar10_lenet5,lamp,,40,64.140000000000001,baseline grid (random: mean of 10 seeds)
cifar10_lenet5,lamp,,50,63.390000000000001,baseline grid (random: mean of 10 seeds)
cifar10_lenet5,lamp,,60,62.369999999999997,baseline grid (random: mean of 10 seeds)
cifar10_lenet5,random,,10,43.670999999999999,baseline grid (random: mean of 10 seeds)
cifar10_lenet5,random,,20,30.405000000000001,baseline grid (random: mean of 10 seeds)
cifar10_lenet5,random,,30,22.463999999999999,baseline grid (random: mean of 10 seeds)
cifar10_lenet5,random,,40,16.651999999999997,baseline grid (random: mean of 10 seeds)
cifar10_lenet5,random,,50,13.084999999999999,baseline grid (random: mean of 10 seeds)
cifar10_lenet5,random,,60,10.648,baseline grid (random: mean of 10 seeds)
cifar10_lenet5,uniform,,10,64.859999999999999,baseline grid (random: mean of 10 seeds)
cifar10_lenet5,uniform,,20,63.380000000000003,baseline grid (random: mean of 10 seeds)
cifar10_lenet5,uniform,,30,62.789999999999999,baseline grid (random: mean of 10 seeds)
cifar10_lenet5,uniform,,40,55.969999999999999,baseline grid (random: mean of 10 seeds)
cifar10_lenet5,uniform,,50,49.479999999999997,baseline grid (random: mean of 10 seeds)
cifar10_lenet5,uniform,,60,33.409999999999997,baseline grid (random: mean of 10 seeds)
cifar10_resnet8,erk,,10,78.739999999999995,baseline grid (random: mean of 10 seeds)
cifar10_resnet8,erk,,20,78.549999999999997,baseline grid (random: mean of 10 seeds)
cifar10_resnet8,erk,,30,76.920000000000002,baseline grid (random: mean of 10 seeds)
cifar10_resnet8,erk,,40,74.579999999999998,baseline grid (random: mean of 10 seeds)
cifar10_resnet8,erk,,50,69.439999999999998,baseline grid (random: mean of 10 seeds)
cifar10_resnet8,erk,,60,53.740000000000002,baseline grid (random: mean of 10 seeds)
cifar10_resnet8,global,,10,78.670000000000002,baseline grid (random: mean of 10 seeds)
cifar10_resnet8,global,,20,76.469999999999999,baseline grid (random: mean of 10 seeds)
cifar10_resnet8,global,,30,68.829999999999998,baseline grid (random: mean of 10 seeds)
cifar10_resnet8,global,,40,66.640000000000001,baseline grid (random: mean of 10 seeds)
cifar10_resnet8,global,,50,52.659999999999997,baseline grid (random: mean of 10 seeds)
cifar10_resnet8,global,,60,32.759999999999998,baseline grid (random: mean of 10 seeds)
cifar10_resnet8,lamp,,10,78.599999999999994,baseline grid (random: mean of 10 seeds)
cifar10_resnet8,lamp,,20,78.510000000000005,baseline grid (random: mean of 10 seeds)
cifar10_resnet8,lamp,,30,77.189999999999998,baseline grid (random: mean of 10 seeds)
cifar10_resnet8,lamp,,40,75.689999999999998,baseline grid (random: mean of 10 seeds)
cifar10_resnet8,lamp,,50,70.650000000000006,baseline grid (random: mean of 10 seeds)
cifar10_resnet8,lamp,,60,54.310000000000002,baseline grid (random: mean of 10 seeds)
cifar10_resnet8,random,,10,20.32,baseline grid (random: mean of 10 seeds)
cifar10_resnet8,random,,20,14.805000000000001,baseline grid (random: mean of 10 seeds)
cifar10_resnet8,random,,30,11.962999999999999,baseline grid (random: mean of 10 seeds)
cifar10_resnet8,random,,40,11.950999999999999,baseline grid (random: mean of 10 seeds)
cifar10_resnet8,random,,50,10.731999999999999,baseline grid (random: mean of 10 seeds)
cifar10_resnet8,random,,60,10.431999999999999,baseline grid (random: mean of 10 seeds)
cifar10_resnet8,uniform,,10,78.260000000000005,baseline grid (random: mean of 10 seeds)
cifar10_resnet8,uniform,,20,71.629999999999995,baseline grid (random: mean of 10 seeds)
cifar10_resnet8,uniform,,30,58.969999999999999,baseline grid (random: mean of 10 seeds)
cifar10_resnet8,uniform,,40,57.890000000000001,baseline grid (random: mean of 10 seeds)
cifar10_resnet8,uniform,,50,32.829999999999998,baseline grid (random: mean of 10 seeds)
cifar10_resnet8,uniform,,60,20.809999999999999,baseline grid (random: mean of 10 seeds)
cifar10_simplecnn,erk,,9.9999677352743799,76.890000000000001,baseline grid (random: mean of 10 seeds)
cifar10_simplecnn,erk,,19.99993547054876,76.870000000000005,baseline grid (random: mean of 10 seeds)
cifar10_simplecnn,erk,,30.00006452945124,76.629999999999995,baseline grid (random: mean of 10 seeds)
cifar10_simplecnn,erk,,40.000032264725618,76.430000000000007,baseline grid (random: mean of 10 seeds)
cifar10_simplecnn,erk,,50,76.629999999999995,baseline grid (random: mean of 10 seeds)
cifar10_simplecnn,erk,,59.999967735274382,74.950000000000003,baseline grid (random: mean of 10 seeds)
cifar10_simplecnn,global,,9.9999677352743799,76.950000000000003,baseline grid (random: mean of 10 seeds)
cifar10_simplecnn,global,,19.99993547054876,77.030000000000001,baseline grid (random: mean of 10 seeds)
cifar10_simplecnn,global,,30.00006452945124,77.010000000000005,baseline grid (random: mean of 10 seeds)
cifar10_simplecnn,global,,40.000032264725618,76.819999999999993,baseline grid (random: mean of 10 seeds)
cifar10_simplecnn,global,,50,76.650000000000006,baseline grid (random: mean of 10 seeds)
cifar10_simplecnn,global,,59.999967735274382,76.310000000000002,baseline grid (random: mean of 10 seeds)
cifar10_simplecnn,lamp,,9.9999677352743799,76.989999999999995,baseline grid (random: mean of 10 seeds)
cifar10_simplecnn,lamp,,19.99993547054876,76.989999999999995,baseline grid (random: mean of 10 seeds)
cifar10_simplecnn,lamp,,30.00006452945124,77.030000000000001,baseline grid (random: mean of 10 seeds)
cifar10_simplecnn,lamp,,40.000032264725618,76.959999999999994,baseline grid (random: mean of 10 seeds)
cifar10_simplecnn,lamp,,50,76.920000000000002,baseline grid (random: mean of 10 seeds)
cifar10_simplecnn,lamp,,59.999967735274382,76.930000000000007,baseline grid (random: mean of 10 seeds)
cifar10_simplecnn,random,,9.9999677352743799,60.870000000000005,baseline grid (random: mean of 10 seeds)
cifar10_simplecnn,random,,19.99993547054876,46.117000000000004,baseline grid (random: mean of 10 seeds)
cifar10_simplecnn,random,,30.000064529451244,33.826999999999998,baseline grid (random: mean of 10 seeds)
cifar10_simplecnn,random,,40.000032264725618,27.587,baseline grid (random: mean of 10 seeds)
cifar10_simplecnn,random,,50,18.512999999999998,baseline grid (random: mean of 10 seeds)
cifar10_simplecnn,random,,59.999967735274382,13.941999999999998,baseline grid (random: mean of 10 seeds)
cifar10_simplecnn,uniform,,9.9999677352743799,76.810000000000002,baseline grid (random: mean of 10 seeds)
cifar10_simplecnn,uniform,,19.99993547054876,75.700000000000003,baseline grid (random: mean of 10 seeds)
cifar10_simplecnn,uniform,,30.00006452945124,73.680000000000007,baseline grid (random: mean of 10 seeds)
cifar10_simplecnn,uniform,,40.000032264725618,67.760000000000005,baseline grid (random: mean of 10 seeds)
cifar10_simplecnn,uniform,,50,57.299999999999997,baseline grid (random: mean of 10 seeds)
cifar10_simplecnn,uniform,,59.999967735274382,39.32,baseline grid (random: mean of 10 seeds)
cifar10_simplecnn,dense,,0,77.030000000000001,dense reference
cifar10_lenet5,dense,,0,64.959999999999994,dense reference
cifar10_resnet8,dense,,0,78.689999999999998,dense reference
cifar100_simplecnn,dense,,0,50.5,dense reference
cifar100_lenet5,dense,,0,32.280000000000001,dense reference
cifar100_resnet8,dense,,0,43.990000000000002,dense reference
